Store,YearMonth,Sales
1,2013-01,4940.0
1,2013-02,5220.0
1,2013-03,5807.0
1,2013-04,4720.0
1,2013-05,5140.0
1,2013-06,4536.0
1,2013-07,4742.0
1,2013-08,4382.0
1,2013-09,4355.0
1,2013-10,4409.0
1,2013-11,4908.0
1,2013-12,6049.0
1,2014-01,4570.0
1,2014-02,4601.0
1,2014-03,4480.0
1,2014-04,4804.0
1,2014-05,4709.0
1,2014-06,4692.0
1,2014-07,4541.0
1,2014-08,4269.0
1,2014-09,4092.0
1,2014-10,4419.0
1,2014-11,5234.0
1,2014-12,6441.0
1,2015-01,4600.0
1,2015-02,4443.0
1,2015-03,4574.0
1,2015-04,4611.0
1,2015-05,4575.0
1,2015-06,4400.0
1,2015-07,4491.0
2,2013-01,4430.0
2,2013-02,4630.0
2,2013-03,5221.0
2,2013-04,4675.0
2,2013-05,4849.0
2,2013-06,4635.0
2,2013-07,5140.0
2,2013-08,4636.0
2,2013-09,4763.0
2,2013-10,4629.0
2,2013-11,4947.0
2,2013-12,6259.0
2,2014-01,4702.0
2,2014-02,4769.0
2,2014-03,4809.0
2,2014-04,5119.0
2,2014-05,4745.0
2,2014-06,5115.0
2,2014-07,4897.0
2,2014-08,4652.0
2,2014-09,4955.0
2,2014-10,4669.0
2,2014-11,5306.0
2,2014-12,6177.0
2,2015-01,4904.0
2,2015-02,4753.0
2,2015-03,5176.0
2,2015-04,5042.0
2,2015-05,5023.0
2,2015-06,5108.0
2,2015-07,4954.0
3,2013-01,6371.0
3,2013-02,6674.0
3,2013-03,7567.0
3,2013-04,6888.0
3,2013-05,7408.0
3,2013-06,6818.0
3,2013-07,7645.0
3,2013-08,6604.0
3,2013-09,6532.0
3,2013-10,6472.0
3,2013-11,6783.0
3,2013-12,8932.0
3,2014-01,6693.0
3,2014-02,6552.0
3,2014-03,6710.0
3,2014-04,6785.0
3,2014-05,6540.0
3,2014-06,7448.0
3,2014-07,6709.0
3,2014-08,6256.0
3,2014-09,6678.0
3,2014-10,6245.0
3,2014-11,7427.0
3,2014-12,8462.0
3,2015-01,6454.0
3,2015-02,6397.0
3,2015-03,6801.0
3,2015-04,7133.0
3,2015-05,7141.0
3,2015-06,7597.0
3,2015-07,6798.0
4,2013-01,9027.0
4,2013-02,9603.0
4,2013-03,10221.0
4,2013-04,9079.0
4,2013-05,9804.0
4,2013-06,9409.0
4,2013-07,8448.0
4,2013-08,8825.0
4,2013-09,8782.0
4,2013-10,8650.0
4,2013-11,9190.0
4,2013-12,11864.0
4,2014-01,9031.0
4,2014-02,9373.0
4,2014-03,9150.0
4,2014-04,9647.0
4,2014-05,9589.0
4,2014-06,9810.0
4,2014-07,9675.0
4,2014-08,9941.0
4,2014-09,9406.0
4,2014-10,9457.0
4,2014-11,10456.0
4,2014-12,11843.0
4,2015-01,9492.0
4,2015-02,9536.0
4,2015-03,9599.0
4,2015-04,10337.0
4,2015-05,10128.0
4,2015-06,9563.0
4,2015-07,10257.0
5,2013-01,4209.0
5,2013-02,4214.0
5,2013-03,4674.0
5,2013-04,4246.0
5,2013-05,4596.0
5,2013-06,4387.0
5,2013-07,5626.0
5,2013-08,4666.0
5,2013-09,4414.0
5,2013-10,4632.0
5,2013-11,4783.0
5,2013-12,6146.0
5,2014-01,4321.0
5,2014-02,4479.0
5,2014-03,4215.0
5,2014-04,4766.0
5,2014-05,4507.0
5,2014-06,4702.0
5,2014-07,4537.0
5,2014-08,4251.0
5,2014-09,4566.0
5,2014-10,4528.0
5,2014-11,5138.0
5,2014-12,5954.0
5,2015-01,4579.0
5,2015-02,4378.0
5,2015-03,4680.0
5,2015-04,4746.0
5,2015-05,4704.0
5,2015-06,4771.0
5,2015-07,4600.0
6,2013-01,5856.0
6,2013-02,5819.0
6,2013-03,6502.0
6,2013-04,6171.0
6,2013-05,6582.0
6,2013-06,6215.0
6,2013-07,6449.0
6,2013-08,5920.0
6,2013-09,6055.0
6,2013-10,6225.0
6,2013-11,6817.0
6,2013-12,7216.0
6,2014-01,4760.0
6,2014-02,4924.0
6,2014-03,5072.0
6,2014-04,5572.0
6,2014-05,5148.0
6,2014-06,5208.0
6,2014-07,4999.0
6,2014-08,4564.0
6,2014-09,4919.0
6,2014-10,4944.0
6,2014-11,5645.0
6,2014-12,6077.0
6,2015-01,4801.0
6,2015-02,4530.0
6,2015-03,4755.0
6,2015-04,5026.0
6,2015-05,4928.0
6,2015-06,4827.0
6,2015-07,4468.0
7,2013-01,7232.0
7,2013-02,7451.0
7,2013-03,8523.0
7,2013-04,7895.0
7,2013-05,8788.0
7,2013-06,8471.0
7,2013-07,10233.0
7,2013-08,9569.0
7,2013-09,8055.0
7,2013-10,7696.0
7,2013-11,8391.0
7,2013-12,10497.0
7,2014-01,7718.0
7,2014-02,8056.0
7,2014-03,7859.0
7,2014-04,9225.0
7,2014-05,8665.0
7,2014-06,9206.0
7,2014-07,9901.0
7,2014-08,10306.0
7,2014-09,8894.0
7,2014-10,8106.0
7,2014-11,9168.0
7,2014-12,10619.0
7,2015-01,8181.0
7,2015-02,8293.0
7,2015-03,8291.0
7,2015-04,9327.0
7,2015-05,9234.0
7,2015-06,9131.0
7,2015-07,10295.0
8,2013-01,4704.0
8,2013-02,4993.0
8,2013-03,5416.0
8,2013-04,5089.0
8,2013-05,5287.0
8,2013-06,4892.0
8,2013-07,4883.0
8,2013-08,4912.0
8,2013-09,4758.0
8,2013-10,4830.0
8,2013-11,5085.0
8,2013-12,6130.0
8,2014-01,4824.0
8,2014-02,5148.0
8,2014-03,5127.0
8,2014-04,5512.0
8,2014-05,5155.0
8,2014-06,5506.0
8,2014-07,5313.0
8,2014-08,5057.0
8,2014-09,5669.0
8,2014-10,5890.0
8,2014-11,6640.0
8,2014-12,6908.0
8,2015-01,5917.0
8,2015-02,6055.0
8,2015-03,6196.0
8,2015-04,6767.0
8,2015-05,6279.0
8,2015-06,6492.0
8,2015-07,6482.0
9,2013-01,4885.0
9,2013-02,5284.0
9,2013-03,5743.0
9,2013-04,5448.0
9,2013-05,5937.0
9,2013-06,5382.0
9,2013-07,6092.0
9,2013-08,5580.0
9,2013-09,5677.0
9,2013-10,5789.0
9,2013-11,6047.0
9,2013-12,7273.0
9,2014-01,6217.0
9,2014-02,6544.0
9,2014-03,6395.0
9,2014-04,6528.0
9,2014-05,6527.0
9,2014-06,7197.0
9,2014-07,6501.0
9,2014-08,6626.0
9,2014-09,6652.0
9,2014-10,6752.0
9,2014-11,7632.0
9,2014-12,8186.0
9,2015-01,7145.0
9,2015-02,7270.0
9,2015-03,7572.0
9,2015-04,7722.0
9,2015-05,7814.0
9,2015-06,8113.0
9,2015-07,7206.0
10,2013-01,5002.0
10,2013-02,5123.0
10,2013-03,5344.0
10,2013-04,5242.0
10,2013-05,5443.0
10,2013-06,5453.0
10,2013-07,5213.0
10,2013-08,5332.0
10,2013-09,5108.0
10,2013-10,5117.0
10,2013-11,5515.0
10,2013-12,6415.0
10,2014-01,5288.0
10,2014-02,5375.0
10,2014-03,5395.0
10,2014-04,5597.0
10,2014-05,5843.0
10,2014-06,5840.0
10,2014-07,5683.0
10,2014-08,5083.0
10,2014-09,5449.0
10,2014-10,5632.0
10,2014-11,6076.0
10,2014-12,6419.0
10,2015-01,5397.0
10,2015-02,5540.0
10,2015-03,5725.0
10,2015-04,5984.0
10,2015-05,6083.0
10,2015-06,6018.0
10,2015-07,6026.0
11,2013-01,7340.0
11,2013-02,7688.0
11,2013-03,8946.0
11,2013-04,7580.0
11,2013-05,7963.0
11,2013-06,7596.0
11,2013-07,7957.0
11,2013-08,8128.0
11,2013-09,7191.0
11,2013-10,7164.0
11,2013-11,8812.0
11,2013-12,12887.0
11,2014-01,7101.0
11,2014-02,7537.0
11,2014-03,7349.0
11,2014-04,8439.0
11,2014-05,7625.0
11,2014-06,7728.0
11,2014-07,7675.0
11,2014-08,7958.0
11,2014-09,7493.0
11,2014-10,7315.0
11,2014-11,9008.0
11,2014-12,12219.0
11,2015-01,7160.0
11,2015-02,7399.0
11,2015-03,7712.0
11,2015-04,7905.0
11,2015-05,7553.0
11,2015-06,7440.0
11,2015-07,7477.0
12,2013-01,6672.0
12,2013-02,6820.0
12,2013-03,8266.0
12,2013-04,7165.0
12,2013-05,7342.0
12,2013-06,7165.0
12,2013-07,7198.0
12,2013-08,7450.0
12,2013-09,6826.0
12,2013-10,6985.0
12,2013-11,7806.0
12,2013-12,9665.0
12,2014-01,7102.0
12,2014-02,7244.0
12,2014-03,7270.0
12,2014-04,7762.0
12,2014-05,7261.0
12,2014-06,7623.0
12,2014-07,7219.0
12,2014-08,7104.0
12,2014-09,7365.0
12,2014-10,7122.0
12,2014-11,8508.0
12,2014-12,9680.0
12,2015-01,7811.0
12,2015-02,7061.0
12,2015-03,8229.0
12,2015-04,8301.0
12,2015-05,7859.0
12,2015-06,8112.0
12,2015-07,7506.0
13,2013-01,4644.0
13,2013-02,4404.0
13,2013-03,5110.0
13,2013-04,4990.0
13,2013-05,5226.0
13,2013-06,4535.0
13,2013-07,5229.0
13,2013-08,4977.0
13,2013-09,4511.0
13,2013-10,4841.0
13,2013-11,4914.0
13,2013-12,5911.0
13,2014-01,5066.0
13,2014-02,4740.0
13,2014-03,4796.0
13,2014-04,5505.0
13,2014-05,4856.0
13,2014-06,5210.0
13,2015-01,5518.0
13,2015-02,4729.0
13,2015-03,5084.0
13,2015-04,5635.0
13,2015-05,4951.0
13,2015-06,5041.0
13,2015-07,5477.0
14,2013-01,5098.0
14,2013-02,5277.0
14,2013-03,5770.0
14,2013-04,5300.0
14,2013-05,5717.0
14,2013-06,5290.0
14,2013-07,5560.0
14,2013-08,4834.0
14,2013-09,4973.0
14,2013-10,5111.0
14,2013-11,5463.0
14,2013-12,6580.0
14,2014-01,5335.0
14,2014-02,5360.0
14,2014-03,5579.0
14,2014-04,5720.0
14,2014-05,5522.0
14,2014-06,6079.0
14,2014-07,5226.0
14,2014-08,5147.0
14,2014-09,5430.0
14,2014-10,5301.0
14,2014-11,5945.0
14,2014-12,6511.0
14,2015-01,5417.0
14,2015-02,5214.0
14,2015-03,5683.0
14,2015-04,5665.0
14,2015-05,5804.0
14,2015-06,5930.0
14,2015-07,5214.0
15,2013-01,5842.0
15,2013-02,6059.0
15,2013-03,7053.0
15,2013-04,6148.0
15,2013-05,6622.0
15,2013-06,6245.0
15,2013-07,6480.0
15,2013-08,6699.0
15,2013-09,6160.0
15,2013-10,5870.0
15,2013-11,6608.0
15,2013-12,8266.0
15,2014-01,6325.0
15,2014-02,6380.0
15,2014-03,6534.0
15,2014-04,6860.0
15,2014-05,6560.0
15,2014-06,6945.0
15,2014-07,6392.0
15,2014-08,6772.0
15,2014-09,6298.0
15,2014-10,6101.0
15,2014-11,7124.0
15,2014-12,8480.0
15,2015-01,6525.0
15,2015-02,6450.0
15,2015-03,7090.0
15,2015-04,7163.0
15,2015-05,7150.0
15,2015-06,7055.0
15,2015-07,6814.0
16,2013-01,6445.0
16,2013-02,6607.0
16,2013-03,7576.0
16,2013-04,6955.0
16,2013-05,7395.0
16,2013-06,7000.0
16,2013-07,7726.0
16,2013-08,6630.0
16,2013-09,7127.0
16,2013-10,7204.0
16,2013-11,7557.0
16,2013-12,9176.0
16,2014-01,7490.0
16,2014-02,7457.0
16,2014-03,7332.0
16,2014-04,8133.0
16,2014-05,7775.0
16,2014-06,7954.0
16,2014-07,7987.0
16,2014-08,6917.0
16,2014-09,7211.0
16,2014-10,7637.0
16,2014-11,8638.0
16,2014-12,9758.0
16,2015-01,7837.0
16,2015-02,7583.0
16,2015-03,8197.0
16,2015-04,8254.0
16,2015-05,8297.0
16,2015-06,8246.0
16,2015-07,8257.0
17,2013-01,5875.0
17,2013-02,5987.0
17,2013-03,6948.0
17,2013-04,6161.0
17,2013-05,6305.0
17,2013-06,5694.0
17,2013-07,6661.0
17,2013-08,5934.0
17,2013-09,5897.0
17,2013-10,6190.0
17,2013-11,6323.0
17,2013-12,8522.0
17,2014-01,5878.0
17,2014-02,5929.0
17,2014-03,5916.0
17,2014-04,6537.0
17,2014-05,5854.0
17,2014-06,6388.0
17,2014-07,6089.0
17,2014-08,5805.0
17,2014-09,6185.0
17,2014-10,6345.0
17,2014-11,7086.0
17,2014-12,8311.0
17,2015-01,6276.0
17,2015-02,5971.0
17,2015-03,6376.0
17,2015-04,6561.0
17,2015-05,6175.0
17,2015-06,6322.0
17,2015-07,6082.0
18,2013-01,5437.0
18,2013-02,5668.0
18,2013-03,6570.0
18,2013-04,5633.0
18,2013-05,6147.0
18,2013-06,5759.0
18,2013-07,6242.0
18,2013-08,6153.0
18,2013-09,5812.0
18,2013-10,6060.0
18,2013-11,6449.0
18,2013-12,8255.0
18,2014-01,6040.0
18,2014-02,6233.0
18,2014-03,6280.0
18,2014-04,6562.0
18,2014-05,6346.0
18,2014-06,6775.0
18,2014-07,6370.0
18,2014-08,6293.0
18,2014-09,6533.0
18,2014-10,6691.0
18,2014-11,7267.0
18,2014-12,8660.0
18,2015-01,6994.0
18,2015-02,6624.0
18,2015-03,7183.0
18,2015-04,7098.0
18,2015-05,7178.0
18,2015-06,7223.0
18,2015-07,6982.0
19,2013-01,5477.0
19,2013-02,5939.0
19,2013-03,6407.0
19,2013-04,5652.0
19,2013-05,6529.0
19,2013-06,5806.0
19,2013-07,6143.0
19,2013-08,5689.0
19,2013-09,5763.0
19,2013-10,5703.0
19,2013-11,6264.0
19,2013-12,7389.0
19,2014-01,5994.0
19,2014-02,6391.0
19,2014-03,6421.0
19,2014-04,6680.0
19,2014-05,6645.0
19,2014-06,6949.0
19,2014-07,6338.0
19,2014-08,6464.0
19,2014-09,6423.0
19,2014-10,6340.0
19,2014-11,7542.0
19,2014-12,7799.0
19,2015-01,6442.0
19,2015-02,6705.0
19,2015-03,6946.0
19,2015-04,6961.0
19,2015-05,7099.0
19,2015-06,7362.0
19,2015-07,6512.0
20,2013-01,6813.0
20,2013-02,6639.0
20,2013-03,7311.0
20,2013-04,7437.0
20,2013-05,7692.0
20,2013-06,7131.0
20,2013-07,7703.0
20,2013-08,7609.0
20,2013-09,7233.0
20,2013-10,7711.0
20,2013-11,7811.0
20,2013-12,8569.0
20,2014-01,7371.0
20,2014-02,7546.0
20,2014-03,7495.0
20,2014-04,8485.0
20,2014-05,7679.0
20,2014-06,7996.0
20,2015-01,7690.0
20,2015-02,7515.0
20,2015-03,8379.0
20,2015-04,8518.0
20,2015-05,8581.0
20,2015-06,8586.0
20,2015-07,8591.0
21,2013-01,4999.0
21,2013-02,4704.0
21,2013-03,5675.0
21,2013-04,5116.0
21,2013-05,5319.0
21,2013-06,4888.0
21,2013-07,5519.0
21,2013-08,4665.0
21,2013-09,5117.0
21,2013-10,5035.0
21,2013-11,5202.0
21,2013-12,6553.0
21,2014-01,5355.0
21,2014-02,5373.0
21,2014-03,5361.0
21,2014-04,5739.0
21,2014-05,5548.0
21,2014-06,5856.0
21,2014-07,5599.0
21,2014-08,5268.0
21,2014-09,5406.0
21,2014-10,5037.0
21,2014-11,6109.0
21,2014-12,6566.0
21,2015-01,5524.0
21,2015-02,5238.0
21,2015-03,5979.0
21,2015-04,5863.0
21,2015-05,5713.0
21,2015-06,5929.0
21,2015-07,5856.0
22,2013-01,4080.0
22,2013-02,4418.0
22,2013-03,4513.0
22,2013-04,4144.0
22,2013-05,4654.0
22,2013-06,4162.0
22,2013-07,4498.0
22,2013-08,4380.0
22,2013-09,4208.0
22,2013-10,4229.0
22,2013-11,4620.0
22,2013-12,5806.0
22,2014-01,4357.0
22,2014-02,4453.0
22,2014-03,4198.0
22,2014-04,4531.0
22,2014-05,4509.0
22,2014-06,4598.0
22,2015-01,4683.0
22,2015-02,4345.0
22,2015-03,4546.0
22,2015-04,4654.0
22,2015-05,4749.0
22,2015-06,5070.0
22,2015-07,4829.0
23,2013-01,5092.0
23,2013-02,5359.0
23,2013-03,5947.0
23,2013-04,5184.0
23,2013-05,5870.0
23,2013-06,4984.0
23,2013-07,5430.0
23,2013-08,5141.0
23,2013-09,4915.0
23,2013-10,5049.0
23,2013-11,5658.0
23,2013-12,7205.0
23,2014-01,5213.0
23,2014-02,5377.0
23,2014-03,5420.0
23,2014-04,5788.0
23,2014-05,5377.0
23,2014-06,5809.0
23,2014-07,5480.0
23,2014-08,5172.0
23,2014-09,5076.0
23,2014-10,5169.0
23,2014-11,5886.0
23,2014-12,6773.0
23,2015-01,5406.0
23,2015-02,5185.0
23,2015-03,5534.0
23,2015-04,5825.0
23,2015-05,5750.0
23,2015-06,5787.0
23,2015-07,5559.0
24,2013-01,8118.0
24,2013-02,8695.0
24,2013-03,9738.0
24,2013-04,8761.0
24,2013-05,9597.0
24,2013-06,8655.0
24,2013-07,9234.0
24,2013-08,8476.0
24,2013-09,8430.0
24,2013-10,8365.0
24,2013-11,9157.0
24,2013-12,12223.0
24,2014-01,8832.0
24,2014-02,9036.0
24,2014-03,8826.0
24,2014-04,9176.0
24,2014-05,8651.0
24,2014-06,9674.0
24,2014-07,8879.0
24,2014-08,8987.0
24,2014-09,9139.0
24,2014-10,8876.0
24,2014-11,9928.0
24,2014-12,12273.0
24,2015-01,9391.0
24,2015-02,9363.0
24,2015-03,10260.0
24,2015-04,10218.0
24,2015-05,10283.0
24,2015-06,10704.0
24,2015-07,9577.0
25,2013-01,10768.0
25,2013-02,11133.0
25,2013-03,12085.0
25,2013-04,13381.0
25,2013-05,13676.0
25,2013-06,10615.0
25,2013-07,11424.0
25,2013-08,10095.0
25,2013-09,10309.0
25,2013-10,10559.0
25,2013-11,11339.0
25,2013-12,13192.0
25,2014-01,10810.0
25,2014-02,12377.0
25,2014-03,10251.0
25,2014-04,10934.0
25,2014-05,10824.0
25,2014-06,11190.0
25,2014-07,10363.0
25,2014-08,9988.0
25,2014-09,10082.0
25,2014-10,10487.0
25,2014-11,11304.0
25,2014-12,12307.0
25,2015-01,10784.0
25,2015-02,10709.0
25,2015-03,11002.0
25,2015-04,11288.0
25,2015-05,11523.0
25,2015-06,11209.0
25,2015-07,10267.0
26,2013-01,5817.0
26,2013-02,5896.0
26,2013-03,7027.0
26,2013-04,6158.0
26,2013-05,6845.0
26,2013-06,5932.0
26,2013-07,6655.0
26,2013-08,6154.0
26,2013-09,5869.0
26,2013-10,5914.0
26,2013-11,6374.0
26,2013-12,8737.0
26,2014-01,6052.0
26,2014-02,6390.0
26,2014-03,6160.0
26,2014-04,6937.0
26,2014-05,6666.0
26,2014-06,7009.0
26,2014-07,6557.0
26,2014-08,6416.0
26,2014-09,6508.0
26,2014-10,6587.0
26,2014-11,7521.0
26,2014-12,8546.0
26,2015-01,6811.0
26,2015-02,6436.0
26,2015-03,6799.0
26,2015-04,7189.0
26,2015-05,7195.0
26,2015-06,6975.0
26,2015-07,6931.0
27,2013-01,8692.0
27,2013-02,8489.0
27,2013-03,9807.0
27,2013-04,8768.0
27,2013-05,9515.0
27,2013-06,8501.0
27,2013-07,9758.0
27,2013-08,8681.0
27,2013-09,8493.0
27,2013-10,8507.0
27,2013-11,9213.0
27,2013-12,12507.0
27,2014-01,9013.0
27,2014-02,9041.0
27,2014-03,9415.0
27,2014-04,9632.0
27,2014-05,9159.0
27,2014-06,10542.0
27,2014-07,9189.0
27,2014-08,8856.0
27,2014-09,9247.0
27,2014-10,8761.0
27,2014-11,10437.0
27,2014-12,11823.0
27,2015-01,9254.0
27,2015-02,9222.0
27,2015-03,9870.0
27,2015-04,10101.0
27,2015-05,9950.0
27,2015-06,10750.0
27,2015-07,9132.0
28,2013-01,5193.0
28,2013-02,5209.0
28,2013-03,5848.0
28,2013-04,5277.0
28,2013-05,5579.0
28,2013-06,5155.0
28,2013-07,5618.0
28,2013-08,5211.0
28,2013-09,5158.0
28,2013-10,5190.0
28,2013-11,5492.0
28,2013-12,7333.0
28,2014-01,5170.0
28,2014-02,5223.0
28,2014-03,5173.0
28,2014-04,5836.0
28,2014-05,5452.0
28,2014-06,5569.0
28,2014-07,5465.0
28,2014-08,7202.0
28,2014-09,5674.0
28,2014-10,4777.0
28,2014-11,4301.0
28,2014-12,5758.0
28,2015-01,4489.0
28,2015-02,4799.0
28,2015-03,4611.0
28,2015-04,4813.0
28,2015-05,4608.0
28,2015-06,4811.0
28,2015-07,4713.0
29,2013-01,5774.0
29,2013-02,6222.0
29,2013-03,6873.0
29,2013-04,6126.0
29,2013-05,6439.0
29,2013-06,5849.0
29,2013-07,6615.0
29,2013-08,6111.0
29,2013-09,6220.0
29,2013-10,6398.0
29,2013-11,6836.0
29,2013-12,8394.0
29,2014-01,6822.0
29,2014-02,7128.0
29,2014-03,7220.0
29,2014-04,7602.0
29,2014-05,7605.0
29,2014-06,7875.0
29,2014-07,7250.0
29,2014-08,7253.0
29,2014-09,7629.0
29,2014-10,7437.0
29,2014-11,8658.0
29,2014-12,9560.0
29,2015-01,8041.0
29,2015-02,7863.0
29,2015-03,8651.0
29,2015-04,8820.0
29,2015-05,8801.0
29,2015-06,8978.0
29,2015-07,7656.0
30,2013-01,5909.0
30,2013-02,5659.0
30,2013-03,6488.0
30,2013-04,6002.0
30,2013-05,6529.0
30,2013-06,5735.0
30,2013-07,6308.0
30,2013-08,5735.0
30,2013-09,5553.0
30,2013-10,5401.0
30,2013-11,5760.0
30,2013-12,7055.0
30,2014-01,5560.0
30,2014-02,5685.0
30,2014-03,5076.0
30,2014-04,5028.0
30,2014-05,4938.0
30,2014-06,5243.0
30,2014-07,4787.0
30,2014-08,4832.0
30,2014-09,4698.0
30,2014-10,4691.0
30,2014-11,5160.0
30,2014-12,5496.0
30,2015-01,4634.0
30,2015-02,4474.0
30,2015-03,4631.0
30,2015-04,4350.0
30,2015-05,4532.0
30,2015-06,4358.0
30,2015-07,3955.0
31,2013-01,5433.0
31,2013-02,5511.0
31,2013-03,6270.0
31,2013-04,5400.0
31,2013-05,5848.0
31,2013-06,5483.0
31,2013-07,5870.0
31,2013-08,5895.0
31,2013-09,5177.0
31,2013-10,5254.0
31,2013-11,5928.0
31,2013-12,7770.0
31,2014-01,5531.0
31,2014-02,5435.0
31,2014-03,5331.0
31,2014-04,6095.0
31,2014-05,5770.0
31,2014-06,5748.0
31,2014-07,5682.0
31,2014-08,5970.0
31,2014-09,5617.0
31,2014-10,5733.0
31,2014-11,6671.0
31,2014-12,7775.0
31,2015-01,5923.0
31,2015-02,5582.0
31,2015-03,5726.0
31,2015-04,5982.0
31,2015-05,5907.0
31,2015-06,5697.0
31,2015-07,5871.0
32,2013-01,3812.0
32,2013-02,3668.0
32,2013-03,3915.0
32,2013-04,3956.0
32,2013-05,4201.0
32,2013-06,3808.0
32,2013-07,4351.0
32,2013-08,3795.0
32,2013-09,3611.0
32,2013-10,4031.0
32,2013-11,3987.0
32,2013-12,4904.0
32,2014-01,4010.0
32,2014-02,3855.0
32,2014-03,3833.0
32,2014-04,4463.0
32,2014-05,4046.0
32,2014-06,4439.0
32,2015-01,4180.0
32,2015-02,3633.0
32,2015-03,4032.0
32,2015-04,4344.0
32,2015-05,4124.0
32,2015-06,4278.0
32,2015-07,4452.0
33,2013-01,8331.0
33,2013-02,8739.0
33,2013-03,9654.0
33,2013-04,9079.0
33,2013-05,9091.0
33,2013-06,7878.0
33,2013-07,8447.0
33,2013-08,7892.0
33,2013-09,7883.0
33,2013-10,7870.0
33,2013-11,8219.0
33,2013-12,9942.0
33,2014-01,7927.0
33,2014-02,8250.0
33,2014-03,7891.0
33,2014-04,8563.0
33,2014-05,8447.0
33,2014-06,8561.0
33,2014-07,8020.0
33,2014-08,8008.0
33,2014-09,7791.0
33,2014-10,7923.0
33,2014-11,8881.0
33,2014-12,9720.0
33,2015-01,8288.0
33,2015-02,8281.0
33,2015-03,8228.0
33,2015-04,8556.0
33,2015-05,8936.0
33,2015-06,8792.0
33,2015-07,7903.0
34,2013-01,7501.0
34,2013-02,7611.0
34,2013-03,8333.0
34,2013-04,8001.0
34,2013-05,8290.0
34,2013-06,8134.0
34,2013-07,7544.0
34,2013-08,7701.0
34,2013-09,7419.0
34,2013-10,7306.0
34,2013-11,7689.0
34,2013-12,9351.0
34,2014-01,7441.0
34,2014-02,7653.0
34,2014-03,7736.0
34,2014-04,8267.0
34,2014-05,8318.0
34,2014-06,8452.0
34,2014-07,8043.0
34,2014-08,7658.0
34,2014-09,7766.0
34,2014-10,7816.0
34,2014-11,8510.0
34,2014-12,9419.0
34,2015-01,7880.0
34,2015-02,7571.0
34,2015-03,7992.0
34,2015-04,8494.0
34,2015-05,8377.0
34,2015-06,8489.0
34,2015-07,8454.0
35,2013-01,7836.0
35,2013-02,8238.0
35,2013-03,9550.0
35,2013-04,8631.0
35,2013-05,9026.0
35,2013-06,8551.0
35,2013-07,9552.0
35,2013-08,8687.0
35,2013-09,8742.0
35,2013-10,8633.0
35,2013-11,9034.0
35,2013-12,11004.0
35,2014-01,8982.0
35,2014-02,9029.0
35,2014-03,9279.0
35,2014-04,9568.0
35,2014-05,9536.0
35,2014-06,10765.0
35,2014-07,9763.0
35,2014-08,9391.0
35,2014-09,9688.0
35,2014-10,9041.0
35,2014-11,10530.0
35,2014-12,11671.0
35,2015-01,10073.0
35,2015-02,9479.0
35,2015-03,10619.0
35,2015-04,11299.0
35,2015-05,11810.0
35,2015-06,12628.0
35,2015-07,10579.0
36,2013-01,8480.0
36,2013-02,8849.0
36,2013-03,9810.0
36,2013-04,9384.0
36,2013-05,9836.0
36,2013-06,9208.0
36,2013-07,9351.0
36,2013-08,8952.0
36,2013-09,8875.0
36,2013-10,9457.0
36,2013-11,9267.0
36,2013-12,10309.0
36,2014-01,8462.0
36,2014-02,8823.0
36,2014-03,8645.0
36,2014-04,9498.0
36,2014-05,9589.0
36,2014-06,9468.0
36,2015-01,9072.0
36,2015-02,9327.0
36,2015-03,9666.0
36,2015-04,9762.0
36,2015-05,9971.0
36,2015-06,9904.0
36,2015-07,10234.0
37,2013-01,6750.0
37,2013-02,6969.0
37,2013-03,7921.0
37,2013-04,6866.0
37,2013-05,7763.0
37,2013-06,7029.0
37,2013-07,7710.0
37,2013-08,7059.0
37,2013-09,6693.0
37,2013-10,6926.0
37,2013-11,7742.0
37,2013-12,9601.0
37,2014-01,6693.0
37,2014-02,6498.0
37,2014-03,6414.0
37,2014-04,7077.0
37,2014-05,7235.0
37,2014-06,7047.0
37,2014-07,6772.0
37,2014-08,6636.0
37,2014-09,6522.0
37,2014-10,6855.0
37,2014-11,7315.0
37,2014-12,8976.0
37,2015-01,7225.0
37,2015-02,6316.0
37,2015-03,6359.0
37,2015-04,7100.0
37,2015-05,7166.0
37,2015-06,6662.0
37,2015-07,6819.0
38,2013-01,5295.0
38,2013-02,5722.0
38,2013-03,6482.0
38,2013-04,5875.0
38,2013-05,6539.0
38,2013-06,5641.0
38,2013-07,6501.0
38,2013-08,5472.0
38,2013-09,5310.0
38,2013-10,5400.0
38,2013-11,5654.0
38,2013-12,6775.0
38,2014-01,5523.0
38,2014-02,5903.0
38,2014-03,5810.0
38,2014-04,6323.0
38,2014-05,6168.0
38,2014-06,6067.0
38,2014-07,5786.0
38,2014-08,5641.0
38,2014-09,5815.0
38,2014-10,5830.0
38,2014-11,6582.0
38,2014-12,6630.0
38,2015-01,5948.0
38,2015-02,5717.0
38,2015-03,6131.0
38,2015-04,6459.0
38,2015-05,6685.0
38,2015-06,6729.0
38,2015-07,6015.0
39,2013-01,4025.0
39,2013-02,4118.0
39,2013-03,4591.0
39,2013-04,4309.0
39,2013-05,4660.0
39,2013-06,4006.0
39,2013-07,4671.0
39,2013-08,4498.0
39,2013-09,4280.0
39,2013-10,4370.0
39,2013-11,4552.0
39,2013-12,5855.0
39,2014-01,4641.0
39,2014-02,4890.0
39,2014-03,4682.0
39,2014-04,5294.0
39,2014-05,4927.0
39,2014-06,5238.0
39,2014-07,4882.0
39,2014-08,4552.0
39,2014-09,4604.0
39,2014-10,4723.0
39,2014-11,5216.0
39,2014-12,5572.0
39,2015-01,4737.0
39,2015-02,4611.0
39,2015-03,4916.0
39,2015-04,6819.0
39,2015-05,7009.0
39,2015-06,4838.0
39,2015-07,4790.0
40,2013-01,4577.0
40,2013-02,4374.0
40,2013-03,5064.0
40,2013-04,5122.0
40,2013-05,5360.0
40,2013-06,4659.0
40,2013-07,5257.0
40,2013-08,4931.0
40,2013-09,4694.0
40,2013-10,4817.0
40,2013-11,5340.0
40,2013-12,6737.0
40,2014-01,4799.0
40,2014-02,4508.0
40,2014-03,4782.0
40,2014-04,5224.0
40,2014-05,5015.0
40,2014-06,5137.0
40,2014-07,5377.0
40,2014-08,5220.0
40,2014-09,4760.0
40,2014-10,5117.0
40,2014-11,5298.0
40,2014-12,5632.0
40,2015-01,4064.0
40,2015-02,3919.0
40,2015-03,4167.0
40,2015-04,4693.0
40,2015-05,4516.0
40,2015-06,4370.0
40,2015-07,4458.0
41,2013-01,3899.0
41,2013-02,3990.0
41,2013-03,4627.0
41,2013-04,4002.0
41,2013-05,4792.0
41,2013-06,4310.0
41,2013-07,4541.0
41,2013-08,5593.0
41,2013-09,4825.0
41,2013-10,4915.0
41,2013-11,5192.0
41,2013-12,6890.0
41,2014-01,5436.0
41,2014-02,5247.0
41,2014-03,5414.0
41,2014-04,5921.0
41,2014-05,5672.0
41,2014-06,5992.0
41,2015-01,6227.0
41,2015-02,5707.0
41,2015-03,5946.0
41,2015-04,6273.0
41,2015-05,6414.0
41,2015-06,6217.0
41,2015-07,5590.0
42,2013-01,8859.0
42,2013-02,9165.0
42,2013-03,10473.0
42,2013-04,9482.0
42,2013-05,9906.0
42,2013-06,9169.0
42,2013-07,9771.0
42,2013-08,9119.0
42,2013-09,9191.0
42,2013-10,9413.0
42,2013-11,10057.0
42,2013-12,12587.0
42,2014-01,9775.0
42,2014-02,9827.0
42,2014-03,10191.0
42,2014-04,10400.0
42,2014-05,9976.0
42,2014-06,10758.0
42,2014-07,9831.0
42,2014-08,9857.0
42,2014-09,9950.0
42,2014-10,9834.0
42,2014-11,11339.0
42,2014-12,12910.0
42,2015-01,10379.0
42,2015-02,10118.0
42,2015-03,11098.0
42,2015-04,10904.0
42,2015-05,10631.0
42,2015-06,11310.0
42,2015-07,9702.0
43,2013-01,6797.0
43,2013-02,6992.0
43,2013-03,7595.0
43,2013-04,6987.0
43,2013-05,7470.0
43,2013-06,6624.0
43,2013-07,7158.0
43,2013-08,6184.0
43,2013-09,6302.0
43,2013-10,6439.0
43,2013-11,6808.0
43,2013-12,8723.0
43,2014-01,6771.0
43,2014-02,6987.0
43,2014-03,6811.0
43,2014-04,7193.0
43,2014-05,6900.0
43,2014-06,7538.0
43,2014-07,6556.0
43,2014-08,6203.0
43,2014-09,6731.0
43,2014-10,6424.0
43,2014-11,6872.0
43,2014-12,7656.0
43,2015-01,6346.0
43,2015-02,5934.0
43,2015-03,6471.0
43,2015-04,6470.0
43,2015-05,6721.0
43,2015-06,7078.0
43,2015-07,6124.0
44,2013-01,4977.0
44,2013-02,5104.0
44,2013-03,5704.0
44,2013-04,5311.0
44,2013-05,5592.0
44,2013-06,4956.0
44,2013-07,5097.0
44,2013-08,5197.0
44,2013-09,4966.0
44,2013-10,5010.0
44,2013-11,5356.0
44,2013-12,6940.0
44,2014-01,5229.0
44,2014-02,5349.0
44,2014-03,5474.0
44,2014-04,5917.0
44,2014-05,5492.0
44,2014-06,5691.0
44,2014-07,5551.0
44,2014-08,5939.0
44,2014-09,6058.0
44,2014-10,5311.0
44,2014-11,5797.0
44,2014-12,6312.0
44,2015-01,5299.0
44,2015-02,5114.0
44,2015-03,5519.0
44,2015-04,5615.0
44,2015-05,5465.0
44,2015-06,5490.0
44,2015-07,5159.0
45,2013-01,4945.0
45,2013-02,5242.0
45,2013-03,5706.0
45,2013-04,5265.0
45,2013-05,5886.0
45,2013-06,5302.0
45,2013-07,5781.0
45,2013-08,5292.0
45,2013-09,4966.0
45,2013-10,5005.0
45,2013-11,5215.0
45,2013-12,6792.0
45,2014-01,4914.0
45,2014-02,4927.0
45,2014-03,4752.0
45,2014-04,5380.0
45,2014-05,5158.0
45,2014-06,5479.0
45,2014-07,5247.0
45,2014-08,4893.0
45,2014-09,4877.0
45,2014-10,5064.0
45,2014-11,5696.0
45,2014-12,6616.0
45,2015-01,5308.0
45,2015-02,4947.0
45,2015-03,5245.0
45,2015-04,5493.0
45,2015-05,5560.0
45,2015-06,5631.0
45,2015-07,5428.0
46,2013-01,4698.0
46,2013-02,4761.0
46,2013-03,5586.0
46,2013-04,5025.0
46,2013-05,5560.0
46,2013-06,4940.0
46,2013-07,5156.0
46,2013-08,5026.0
46,2013-09,4818.0
46,2013-10,5215.0
46,2013-11,5271.0
46,2013-12,6816.0
46,2014-01,5085.0
46,2014-02,5096.0
46,2014-03,5413.0
46,2014-04,5602.0
46,2014-05,5555.0
46,2014-06,5867.0
46,2015-01,5561.0
46,2015-02,5134.0
46,2015-03,5508.0
46,2015-04,5737.0
46,2015-05,5750.0
46,2015-06,5645.0
46,2015-07,5177.0
47,2013-01,6613.0
47,2013-02,6821.0
47,2013-03,7663.0
47,2013-04,6579.0
47,2013-05,6682.0
47,2013-06,6267.0
47,2013-07,6699.0
47,2013-08,6721.0
47,2013-09,6244.0
47,2013-10,6312.0
47,2013-11,6820.0
47,2013-12,8586.0
47,2014-01,6386.0
47,2014-02,6681.0
47,2014-03,6593.0
47,2014-04,7399.0
47,2014-05,6871.0
47,2014-06,7059.0
47,2014-07,6925.0
47,2014-08,7160.0
47,2014-09,7290.0
47,2014-10,7226.0
47,2014-11,8188.0
47,2014-12,9238.0
47,2015-01,7116.0
47,2015-02,7132.0
47,2015-03,7674.0
47,2015-04,8194.0
47,2015-05,7795.0
47,2015-06,7683.0
47,2015-07,7145.0
48,2013-01,4128.0
48,2013-02,4332.0
48,2013-03,4382.0
48,2013-04,4343.0
48,2013-05,4371.0
48,2013-06,4165.0
48,2013-07,3963.0
48,2013-08,4011.0
48,2013-09,3834.0
48,2013-10,3942.0
48,2013-11,4255.0
48,2013-12,4991.0
48,2014-01,3908.0
48,2014-02,3997.0
48,2014-03,3860.0
48,2014-04,4351.0
48,2014-05,4096.0
48,2014-06,3458.0
48,2014-07,3198.0
48,2014-08,3393.0
48,2014-09,3605.0
48,2014-10,3559.0
48,2014-11,4068.0
48,2014-12,4504.0
48,2015-01,3645.0
48,2015-02,3588.0
48,2015-03,3662.0
48,2015-04,3932.0
48,2015-05,3648.0
48,2015-06,3601.0
48,2015-07,3397.0
49,2013-01,5892.0
49,2013-02,6220.0
49,2013-03,7571.0
49,2013-04,6412.0
49,2013-05,7219.0
49,2013-06,6552.0
49,2013-07,7122.0
49,2013-08,6723.0
49,2013-09,6460.0
49,2013-10,6396.0
49,2013-11,7046.0
49,2013-12,9289.0
49,2014-01,6632.0
49,2014-02,6815.0
49,2014-03,6912.0
49,2014-04,7596.0
49,2014-05,7481.0
49,2014-06,7810.0
49,2014-07,7429.0
49,2014-08,7139.0
49,2014-09,7191.0
49,2014-10,7153.0
49,2014-11,7825.0
49,2014-12,9827.0
49,2015-01,7541.0
49,2015-02,6943.0
49,2015-03,7487.0
49,2015-04,8099.0
49,2015-05,8140.0
49,2015-06,7870.0
49,2015-07,7922.0
50,2013-01,3813.0
50,2013-02,3900.0
50,2013-03,4473.0
50,2013-04,4063.0
50,2013-05,4411.0
50,2013-06,4009.0
50,2013-07,4353.0
50,2013-08,4036.0
50,2013-09,3930.0
50,2013-10,3853.0
50,2013-11,4133.0
50,2013-12,5268.0
50,2014-01,3919.0
50,2014-02,4014.0
50,2014-03,3839.0
50,2014-04,4236.0
50,2014-05,4234.0
50,2014-06,4507.0
50,2014-07,4195.0
50,2014-08,4032.0
50,2014-09,3951.0
50,2014-10,4099.0
50,2014-11,4508.0
50,2014-12,5195.0
50,2015-01,4216.0
50,2015-02,4041.0
50,2015-03,4194.0
50,2015-04,4644.0
50,2015-05,4685.0
50,2015-06,4811.0
50,2015-07,4560.0
51,2013-01,5666.0
51,2013-02,5832.0
51,2013-03,6741.0
51,2013-04,5970.0
51,2013-05,6898.0
51,2013-06,6362.0
51,2013-07,6452.0
51,2013-08,6375.0
51,2013-09,6076.0
51,2013-10,6011.0
51,2013-11,6281.0
51,2013-12,8317.0
51,2014-01,6375.0
51,2014-02,6273.0
51,2014-03,6483.0
51,2014-04,6908.0
51,2014-05,6981.0
51,2014-06,7359.0
51,2015-01,6980.0
51,2015-02,6352.0
51,2015-03,6900.0
51,2015-04,7296.0
51,2015-05,7514.0
51,2015-06,7438.0
51,2015-07,7269.0
52,2013-01,6994.0
52,2013-02,7034.0
52,2013-03,8172.0
52,2013-04,7128.0
52,2013-05,8199.0
52,2013-06,7469.0
52,2013-07,7898.0
52,2013-08,8198.0
52,2013-09,7389.0
52,2013-10,7588.0
52,2013-11,8136.0
52,2013-12,10752.0
52,2014-01,7917.0
52,2014-02,7952.0
52,2014-03,7981.0
52,2014-04,6830.0
52,2014-05,6319.0
52,2014-06,6943.0
52,2015-01,6750.0
52,2015-02,5994.0
52,2015-03,6504.0
52,2015-04,6714.0
52,2015-05,6833.0
52,2015-06,6883.0
52,2015-07,6648.0
53,2013-01,4684.0
53,2013-02,4853.0
53,2013-03,5687.0
53,2013-04,4907.0
53,2013-05,5128.0
53,2013-06,4881.0
53,2013-07,5256.0
53,2013-08,5531.0
53,2013-09,4786.0
53,2013-10,4580.0
53,2013-11,5302.0
53,2013-12,7146.0
53,2014-01,4677.0
53,2014-02,4850.0
53,2014-03,4761.0
53,2014-04,5483.0
53,2014-05,5015.0
53,2014-06,5135.0
53,2014-07,5099.0
53,2014-08,5321.0
53,2014-09,4974.0
53,2014-10,5038.0
53,2014-11,5737.0
53,2014-12,7215.0
53,2015-01,5078.0
53,2015-02,5024.0
53,2015-03,5341.0
53,2015-04,5700.0
53,2015-05,5299.0
53,2015-06,5283.0
53,2015-07,5572.0
54,2013-01,6930.0
54,2013-02,7651.0
54,2013-03,8937.0
54,2013-04,7394.0
54,2013-05,8060.0
54,2013-06,7357.0
54,2013-07,8050.0
54,2013-08,7341.0
54,2013-09,6981.0
54,2013-10,7192.0
54,2013-11,7977.0
54,2013-12,10574.0
54,2014-01,7434.0
54,2014-02,7467.0
54,2014-03,7272.0
54,2014-04,8286.0
54,2014-05,8216.0
54,2014-06,7609.0
54,2014-07,7673.0
54,2014-08,7563.0
54,2014-09,7139.0
54,2014-10,7588.0
54,2014-11,8424.0
54,2014-12,10491.0
54,2015-01,8262.0
54,2015-02,7331.0
54,2015-03,7670.0
54,2015-04,8504.0
54,2015-05,8286.0
54,2015-06,7839.0
54,2015-07,7931.0
55,2013-01,4718.0
55,2013-02,4740.0
55,2013-03,4686.0
55,2013-04,3539.0
55,2013-05,3588.0
55,2013-06,3299.0
55,2013-07,3508.0
55,2013-08,3309.0
55,2013-09,3291.0
55,2013-10,3311.0
55,2013-11,4728.0
55,2013-12,6030.0
55,2014-01,4384.0
55,2014-02,4389.0
55,2014-03,4569.0
55,2014-04,5055.0
55,2014-05,4742.0
55,2014-06,4940.0
55,2014-07,4564.0
55,2014-08,4216.0
55,2014-09,4537.0
55,2014-10,4873.0
55,2014-11,5666.0
55,2014-12,6258.0
55,2015-01,4954.0
55,2015-02,4777.0
55,2015-03,5181.0
55,2015-04,5353.0
55,2015-05,5342.0
55,2015-06,5320.0
55,2015-07,5002.0
56,2013-01,6508.0
56,2013-02,6797.0
56,2013-03,7571.0
56,2013-04,6921.0
56,2013-05,7517.0
56,2013-06,6466.0
56,2013-07,6014.0
56,2013-08,5647.0
56,2013-09,5587.0
56,2013-10,5907.0
56,2013-11,6653.0
56,2013-12,7984.0
56,2014-01,6135.0
56,2014-02,6515.0
56,2014-03,6768.0
56,2014-04,7409.0
56,2014-05,7673.0
56,2014-06,7918.0
56,2014-07,7493.0
56,2014-08,7151.0
56,2014-09,7535.0
56,2014-10,7371.0
56,2014-11,8578.0
56,2014-12,9528.0
56,2015-01,7868.0
56,2015-02,7906.0
56,2015-03,7952.0
56,2015-04,8366.0
56,2015-05,8772.0
56,2015-06,8490.0
56,2015-07,8466.0
57,2013-01,10606.0
57,2013-02,10558.0
57,2013-03,12454.0
57,2013-04,10812.0
57,2013-05,11701.0
57,2013-06,10420.0
57,2013-07,12164.0
57,2013-08,10916.0
57,2013-09,10489.0
57,2013-10,10610.0
57,2013-11,11641.0
57,2013-12,15240.0
57,2014-01,10812.0
57,2014-02,11194.0
57,2014-03,10965.0
57,2014-04,12294.0
57,2014-05,11555.0
57,2014-06,15741.0
57,2014-07,9502.0
57,2014-08,8053.0
57,2014-09,8524.0
57,2014-10,8600.0
57,2014-11,9809.0
57,2014-12,11821.0
57,2015-01,9170.0
57,2015-02,8485.0
57,2015-03,9379.0
57,2015-04,9499.0
57,2015-05,9342.0
57,2015-06,9014.0
57,2015-07,8948.0
58,2013-01,5035.0
58,2013-02,5196.0
58,2013-03,5995.0
58,2013-04,5510.0
58,2013-05,5946.0
58,2013-06,5533.0
58,2013-07,5906.0
58,2013-08,5675.0
58,2013-09,5612.0
58,2013-10,5674.0
58,2013-11,6006.0
58,2013-12,7422.0
58,2014-01,5982.0
58,2014-02,6040.0
58,2014-03,6350.0
58,2014-04,6607.0
58,2014-05,6549.0
58,2014-06,7242.0
58,2015-01,7053.0
58,2015-02,6627.0
58,2015-03,7376.0
58,2015-04,7198.0
58,2015-05,7532.0
58,2015-06,7659.0
58,2015-07,6936.0
59,2013-01,5050.0
59,2013-02,5238.0
59,2013-03,5909.0
59,2013-04,5263.0
59,2013-05,5578.0
59,2013-06,5077.0
59,2013-07,5450.0
59,2013-08,5138.0
59,2013-09,5300.0
59,2013-10,5156.0
59,2013-11,5367.0
59,2013-12,7010.0
59,2014-01,5350.0
59,2014-02,5352.0
59,2014-03,5534.0
59,2014-04,5721.0
59,2014-05,5306.0
59,2014-06,5749.0
59,2014-07,5216.0
59,2014-08,4873.0
59,2014-09,5466.0
59,2014-10,5331.0
59,2014-11,5758.0
59,2014-12,6640.0
59,2015-01,5398.0
59,2015-02,5276.0
59,2015-03,5823.0
59,2015-04,5821.0
59,2015-05,5612.0
59,2015-06,5727.0
59,2015-07,5246.0
60,2013-01,6427.0
60,2013-02,6592.0
60,2013-03,8054.0
60,2013-04,6737.0
60,2013-05,7263.0
60,2013-06,6473.0
60,2013-07,7390.0
60,2013-08,7001.0
60,2013-09,6931.0
60,2013-10,7143.0
60,2013-11,8421.0
60,2013-12,10054.0
60,2014-01,7250.0
60,2014-02,7608.0
60,2014-03,7669.0
60,2014-04,8555.0
60,2014-05,8007.0
60,2014-06,8226.0
60,2014-07,8112.0
60,2014-08,7602.0
60,2014-09,7697.0
60,2014-10,7917.0
60,2014-11,9204.0
60,2014-12,11019.0
60,2015-01,8600.0
60,2015-02,8104.0
60,2015-03,9016.0
60,2015-04,8940.0
60,2015-05,9109.0
60,2015-06,9244.0
60,2015-07,8926.0
61,2013-01,3662.0
61,2013-02,3511.0
61,2013-03,4281.0
61,2013-04,3904.0
61,2013-05,4173.0
61,2013-06,3948.0
61,2013-07,3857.0
61,2013-08,3919.0
61,2013-09,4120.0
61,2013-10,4306.0
61,2013-11,4849.0
61,2013-12,6102.0
61,2014-01,4614.0
61,2014-02,4729.0
61,2014-03,4794.0
61,2014-04,4971.0
61,2014-05,4860.0
61,2014-06,5357.0
61,2014-07,4814.0
61,2014-08,4801.0
61,2014-09,4878.0
61,2014-10,4667.0
61,2014-11,5305.0
61,2014-12,6187.0
61,2015-01,5067.0
61,2015-02,4759.0
61,2015-03,5214.0
61,2015-04,4966.0
61,2015-05,5029.0
61,2015-06,5509.0
61,2015-07,5413.0
62,2013-01,5995.0
62,2013-02,6142.0
62,2013-03,6602.0
62,2013-04,6222.0
62,2013-05,6998.0
62,2013-06,5969.0
62,2013-07,6711.0
62,2013-08,5803.0
62,2013-09,5985.0
62,2013-10,6181.0
62,2013-11,6569.0
62,2013-12,7446.0
62,2014-01,6249.0
62,2014-02,6483.0
62,2014-03,6323.0
62,2014-04,6813.0
62,2014-05,6464.0
62,2014-06,6740.0
62,2014-07,6259.0
62,2014-08,5888.0
62,2014-09,6200.0
62,2014-10,6221.0
62,2014-11,7202.0
62,2014-12,7443.0
62,2015-01,6487.0
62,2015-02,6449.0
62,2015-03,6828.0
62,2015-04,6970.0
62,2015-05,6885.0
62,2015-06,7047.0
62,2015-07,6374.0
63,2013-01,5804.0
63,2013-02,5869.0
63,2013-03,7054.0
63,2013-04,6143.0
63,2013-05,6498.0
63,2013-06,6325.0
63,2013-07,6560.0
63,2013-08,6741.0
63,2013-09,5898.0
63,2013-10,6052.0
63,2013-11,7028.0
63,2013-12,8631.0
63,2014-01,6378.0
63,2014-02,6403.0
63,2014-03,6560.0
63,2014-04,7320.0
63,2014-05,7016.0
63,2014-06,6949.0
63,2014-07,6787.0
63,2014-08,7391.0
63,2014-09,6686.0
63,2014-10,6803.0
63,2014-11,7931.0
63,2014-12,9189.0
63,2015-01,7296.0
63,2015-02,6708.0
63,2015-03,7324.0
63,2015-04,7853.0
63,2015-05,7559.0
63,2015-06,7327.0
63,2015-07,7716.0
64,2013-01,7732.0
64,2013-02,8230.0
64,2013-03,9234.0
64,2013-04,8782.0
64,2013-05,9882.0
64,2013-06,9020.0
64,2013-07,9833.0
64,2013-08,9344.0
64,2013-09,9254.0
64,2013-10,9290.0
64,2013-11,10165.0
64,2013-12,12713.0
64,2014-01,9722.0
64,2014-02,10029.0
64,2014-03,10130.0
64,2014-04,10884.0
64,2014-05,10574.0
64,2014-06,11452.0
64,2014-07,10355.0
64,2014-08,10341.0
64,2014-09,10388.0
64,2014-10,10286.0
64,2014-11,11493.0
64,2014-12,13467.0
64,2015-01,11095.0
64,2015-02,10502.0
64,2015-03,11244.0
64,2015-04,11448.0
64,2015-05,11422.0
64,2015-06,12070.0
64,2015-07,11187.0
65,2013-01,4376.0
65,2013-02,4643.0
65,2013-03,5634.0
65,2013-04,4513.0
65,2013-05,4947.0
65,2013-06,4746.0
65,2013-07,5133.0
65,2013-08,4916.0
65,2013-09,4622.0
65,2013-10,4778.0
65,2013-11,5071.0
65,2013-12,7099.0
65,2014-01,4710.0
65,2014-02,4864.0
65,2014-03,4896.0
65,2014-04,5412.0
65,2014-05,5032.0
65,2014-06,5247.0
65,2014-07,4799.0
65,2014-08,4401.0
65,2014-09,4992.0
65,2014-10,4817.0
65,2014-11,5242.0
65,2014-12,7128.0
65,2015-01,5216.0
65,2015-02,4785.0
65,2015-03,5341.0
65,2015-04,5616.0
65,2015-05,5278.0
65,2015-06,5271.0
65,2015-07,5153.0
66,2013-01,5620.0
66,2013-02,5658.0
66,2013-03,6550.0
66,2013-04,5886.0
66,2013-05,6337.0
66,2013-06,5943.0
66,2013-07,6263.0
66,2013-08,5789.0
66,2013-09,5514.0
66,2013-10,5567.0
66,2013-11,5781.0
66,2013-12,7433.0
66,2014-01,5938.0
66,2014-02,5660.0
66,2014-03,5721.0
66,2014-04,6304.0
66,2014-05,6149.0
66,2014-06,6462.0
66,2014-07,6042.0
66,2014-08,5866.0
66,2014-09,5670.0
66,2014-10,5838.0
66,2014-11,6545.0
66,2014-12,7316.0
66,2015-01,6124.0
66,2015-02,5908.0
66,2015-03,6191.0
66,2015-04,6367.0
66,2015-05,6501.0
66,2015-06,6361.0
66,2015-07,6448.0
67,2013-01,7292.0
67,2013-02,7201.0
67,2013-03,8120.0
67,2013-04,7501.0
67,2013-05,7768.0
67,2013-06,7085.0
67,2013-07,7998.0
67,2013-08,6713.0
67,2013-09,6917.0
67,2013-10,7188.0
67,2013-11,7630.0
67,2013-12,9210.0
67,2014-01,7814.0
67,2014-02,7700.0
67,2014-03,7576.0
67,2014-04,8134.0
67,2014-05,7867.0
67,2014-06,8118.0
67,2014-07,7929.0
67,2014-08,7035.0
67,2014-09,7247.0
67,2014-10,7631.0
67,2014-11,8602.0
67,2014-12,9250.0
67,2015-01,7979.0
67,2015-02,7600.0
67,2015-03,8299.0
67,2015-04,8498.0
67,2015-05,8320.0
67,2015-06,8287.0
67,2015-07,8451.0
68,2013-01,5777.0
68,2013-02,6440.0
68,2013-03,7688.0
68,2013-04,7001.0
68,2013-05,7307.0
68,2013-06,6857.0
68,2013-07,7645.0
68,2013-08,7633.0
68,2013-09,6582.0
68,2013-10,6620.0
68,2013-11,7794.0
68,2013-12,10394.0
68,2014-01,6208.0
68,2014-02,6796.0
68,2014-03,6866.0
68,2014-04,8142.0
68,2014-05,7550.0
68,2014-06,7177.0
68,2014-07,7876.0
68,2014-08,8011.0
68,2014-09,6807.0
68,2014-10,7455.0
68,2014-11,8662.0
68,2014-12,11075.0
68,2015-01,7538.0
68,2015-02,7005.0
68,2015-03,7357.0
68,2015-04,8297.0
68,2015-05,8049.0
68,2015-06,7483.0
68,2015-07,8547.0
69,2013-01,9069.0
69,2013-02,9066.0
69,2013-03,10745.0
69,2013-04,9494.0
69,2013-05,10047.0
69,2013-06,9369.0
69,2013-07,9982.0
69,2013-08,9425.0
69,2013-09,8958.0
69,2013-10,8860.0
69,2013-11,9259.0
69,2013-12,12754.0
69,2014-01,8815.0
69,2014-02,8809.0
69,2014-03,8784.0
69,2014-04,9645.0
69,2014-05,9346.0
69,2014-06,9800.0
69,2014-07,9226.0
69,2014-08,8959.0
69,2014-09,8634.0
69,2014-10,8558.0
69,2014-11,9427.0
69,2014-12,12059.0
69,2015-01,8911.0
69,2015-02,8548.0
69,2015-03,9041.0
69,2015-04,9226.0
69,2015-05,9054.0
69,2015-06,9309.0
69,2015-07,9345.0
70,2013-01,5979.0
70,2013-02,6367.0
70,2013-03,6880.0
70,2013-04,6322.0
70,2013-05,6638.0
70,2013-06,6493.0
70,2013-07,6243.0
70,2013-08,6185.0
70,2013-09,5907.0
70,2013-10,5925.0
70,2013-11,6825.0
70,2013-12,8473.0
70,2014-01,6281.0
70,2014-02,6447.0
70,2014-03,6249.0
70,2014-04,6906.0
70,2014-05,6727.0
70,2014-06,6736.0
70,2014-07,6289.0
70,2014-08,6118.0
70,2014-09,6332.0
70,2014-10,6197.0
70,2014-11,7137.0
70,2014-12,8373.0
70,2015-01,6453.0
70,2015-02,6212.0
70,2015-03,6737.0
70,2015-04,7072.0
70,2015-05,6881.0
70,2015-06,6921.0
70,2015-07,6845.0
71,2013-01,8124.0
71,2013-02,8427.0
71,2013-03,9301.0
71,2013-04,8377.0
71,2013-05,9509.0
71,2013-06,8460.0
71,2013-07,9408.0
71,2013-08,8395.0
71,2013-09,8419.0
71,2013-10,8238.0
71,2013-11,9135.0
71,2013-12,11523.0
71,2014-01,8655.0
71,2014-02,8578.0
71,2014-03,8616.0
71,2014-04,9275.0
71,2014-05,9288.0
71,2014-06,9725.0
71,2014-07,9237.0
71,2014-08,8391.0
71,2014-09,8726.0
71,2014-10,8586.0
71,2014-11,9990.0
71,2014-12,11136.0
71,2015-01,9056.0
71,2015-02,8954.0
71,2015-03,9028.0
71,2015-04,9340.0
71,2015-05,9192.0
71,2015-06,9480.0
71,2015-07,8732.0
72,2013-01,3921.0
72,2013-02,4094.0
72,2013-03,4700.0
72,2013-04,4241.0
72,2013-05,4471.0
72,2013-06,4079.0
72,2013-07,4586.0
72,2013-08,4116.0
72,2013-09,4070.0
72,2013-10,4061.0
72,2013-11,4265.0
72,2013-12,5319.0
72,2014-01,4243.0
72,2014-02,4315.0
72,2014-03,4607.0
72,2014-04,4673.0
72,2014-05,4436.0
72,2014-06,5038.0
72,2015-01,4489.0
72,2015-02,4043.0
72,2015-03,4574.0
72,2015-04,4565.0
72,2015-05,4451.0
72,2015-06,4899.0
72,2015-07,4358.0
73,2013-01,4081.0
73,2013-02,4048.0
73,2013-03,4724.0
73,2013-04,4237.0
73,2013-05,4412.0
73,2013-06,4088.0
73,2013-07,4216.0
73,2013-08,4651.0
73,2013-09,4208.0
73,2013-10,4210.0
73,2013-11,4757.0
73,2013-12,5760.0
73,2014-01,4362.0
73,2014-02,4463.0
73,2014-03,4219.0
73,2014-04,4781.0
73,2014-05,4317.0
73,2014-06,4566.0
73,2014-07,4256.0
73,2014-08,4508.0
73,2014-09,4366.0
73,2014-10,4420.0
73,2014-11,5161.0
73,2014-12,5949.0
73,2015-01,4700.0
73,2015-02,4567.0
73,2015-03,5008.0
73,2015-04,4933.0
73,2015-05,4705.0
73,2015-06,4694.0
73,2015-07,4651.0
74,2013-01,5828.0
74,2013-02,6079.0
74,2013-03,6652.0
74,2013-04,6106.0
74,2013-05,6532.0
74,2013-06,5824.0
74,2013-07,6298.0
74,2013-08,5846.0
74,2013-09,5653.0
74,2013-10,5708.0
74,2013-11,6174.0
74,2013-12,8482.0
74,2014-01,5717.0
74,2014-02,5945.0
74,2014-03,6058.0
74,2014-04,6501.0
74,2014-05,6112.0
74,2014-06,6444.0
74,2014-07,5978.0
74,2014-08,5994.0
74,2014-09,6062.0
74,2014-10,5979.0
74,2014-11,6942.0
74,2014-12,8248.0
74,2015-01,6008.0
74,2015-02,5835.0
74,2015-03,6264.0
74,2015-04,6336.0
74,2015-05,6385.0
74,2015-06,6536.0
74,2015-07,5737.0
75,2013-01,5083.0
75,2013-02,5309.0
75,2013-03,6150.0
75,2013-04,5376.0
75,2013-05,5934.0
75,2013-06,5631.0
75,2013-07,6146.0
75,2013-08,6514.0
75,2013-09,5238.0
75,2013-10,5336.0
75,2013-11,6223.0
75,2013-12,7697.0
75,2014-01,5402.0
75,2014-02,5395.0
75,2014-03,5399.0
75,2014-04,6281.0
75,2014-05,5972.0
75,2014-06,5989.0
75,2014-07,6303.0
75,2014-08,6474.0
75,2014-09,5715.0
75,2014-10,5710.0
75,2014-11,6576.0
75,2014-12,8003.0
75,2015-01,5782.0
75,2015-02,5608.0
75,2015-03,5927.0
75,2015-04,6420.0
75,2015-05,6438.0
75,2015-06,6216.0
75,2015-07,6539.0
76,2013-01,7833.0
76,2013-02,7955.0
76,2013-03,9148.0
76,2013-04,8269.0
76,2013-05,9193.0
76,2013-06,8265.0
76,2013-07,9077.0
76,2013-08,8762.0
76,2013-09,8370.0
76,2013-10,8359.0
76,2013-11,9017.0
76,2013-12,11741.0
76,2014-01,8709.0
76,2014-02,8659.0
76,2014-03,8494.0
76,2014-04,9193.0
76,2014-05,9382.0
76,2014-06,9652.0
76,2015-01,9175.0
76,2015-02,8895.0
76,2015-03,9022.0
76,2015-04,9729.0
76,2015-05,9632.0
76,2015-06,9321.0
76,2015-07,9414.0
77,2013-01,6576.0
77,2013-02,6983.0
77,2013-03,8092.0
77,2013-04,6905.0
77,2013-05,7584.0
77,2013-06,6783.0
77,2013-07,7267.0
77,2013-08,7141.0
77,2013-09,6493.0
77,2013-10,6658.0
77,2013-11,7263.0
77,2013-12,9124.0
77,2014-01,6851.0
77,2014-02,6904.0
77,2014-03,7744.0
77,2014-04,8052.0
77,2014-05,7682.0
77,2014-06,8110.0
77,2014-07,7634.0
77,2014-08,7047.0
77,2014-09,7738.0
77,2014-10,7393.0
77,2014-11,8537.0
77,2014-12,9847.0
77,2015-01,7840.0
77,2015-02,7444.0
77,2015-03,8132.0
77,2015-04,8412.0
77,2015-05,8063.0
77,2015-06,8364.0
77,2015-07,7886.0
78,2013-01,3294.0
78,2013-02,3509.0
78,2013-03,3932.0
78,2013-04,3529.0
78,2013-05,3688.0
78,2013-06,2953.0
78,2013-07,3672.0
78,2013-08,3331.0
78,2013-09,3334.0
78,2013-10,3524.0
78,2013-11,3747.0
78,2013-12,4837.0
78,2014-01,3668.0
78,2014-02,3438.0
78,2014-03,3507.0
78,2014-04,4004.0
78,2014-05,3710.0
78,2014-06,3695.0
78,2014-07,3772.0
78,2014-08,3358.0
78,2014-09,3537.0
78,2014-10,3659.0
78,2014-11,4063.0
78,2014-12,4730.0
78,2015-01,4003.0
78,2015-02,3558.0
78,2015-03,3786.0
78,2015-04,4150.0
78,2015-05,3822.0
78,2015-06,3753.0
78,2015-07,3798.0
79,2013-01,4788.0
79,2013-02,5098.0
79,2013-03,5454.0
79,2013-04,5237.0
79,2013-05,5539.0
79,2013-06,5124.0
79,2013-07,5672.0
79,2013-08,4989.0
79,2013-09,4873.0
79,2013-10,5068.0
79,2013-11,5371.0
79,2013-12,6670.0
79,2014-01,5363.0
79,2014-02,5217.0
79,2014-03,5146.0
79,2014-04,5665.0
79,2014-05,5481.0
79,2014-06,5625.0
79,2014-07,5435.0
79,2014-08,5112.0
79,2014-09,5121.0
79,2014-10,5304.0
79,2014-11,5917.0
79,2014-12,6633.0
79,2015-01,5763.0
79,2015-02,5251.0
79,2015-03,5673.0
79,2015-04,5852.0
79,2015-05,5795.0
79,2015-06,5705.0
79,2015-07,5932.0
80,2013-01,6627.0
80,2013-02,6934.0
80,2013-03,7812.0
80,2013-04,7238.0
80,2013-05,7907.0
80,2013-06,7258.0
80,2013-07,7700.0
80,2013-08,6980.0
80,2013-09,7007.0
80,2013-10,7077.0
80,2013-11,7505.0
80,2013-12,9114.0
80,2014-01,7261.0
80,2014-02,7401.0
80,2014-03,7322.0
80,2014-04,7780.0
80,2014-05,7562.0
80,2014-06,7873.0
80,2014-07,7400.0
80,2014-08,6979.0
80,2014-09,7029.0
80,2014-10,7372.0
80,2014-11,8340.0
80,2014-12,9068.0
80,2015-01,7848.0
80,2015-02,7293.0
80,2015-03,7778.0
80,2015-04,8110.0
80,2015-05,8269.0
80,2015-06,8460.0
80,2015-07,8117.0
81,2013-01,6137.0
81,2013-02,6124.0
81,2013-03,6801.0
81,2013-04,6387.0
81,2013-05,6989.0
81,2013-06,6574.0
81,2013-07,6934.0
81,2013-08,6261.0
81,2013-09,6370.0
81,2013-10,6850.0
81,2013-11,7116.0
81,2013-12,8116.0
81,2014-01,6651.0
81,2014-02,6652.0
81,2014-03,6695.0
81,2014-04,7083.0
81,2014-05,7125.0
81,2014-06,7382.0
81,2015-01,7550.0
81,2015-02,7056.0
81,2015-03,7412.0
81,2015-04,7493.0
81,2015-05,7905.0
81,2015-06,7616.0
81,2015-07,7519.0
82,2013-01,8516.0
82,2013-02,8511.0
82,2013-03,9424.0
82,2013-04,8435.0
82,2013-05,9147.0
82,2013-06,8152.0
82,2013-07,8930.0
82,2013-08,7829.0
82,2013-09,8112.0
82,2013-10,8191.0
82,2013-11,8692.0
82,2013-12,11683.0
82,2014-01,8704.0
82,2014-02,8644.0
82,2014-03,8562.0
82,2014-04,9462.0
82,2014-05,9131.0
82,2014-06,9998.0
82,2014-07,9039.0
82,2014-08,8278.0
82,2014-09,8835.0
82,2014-10,8399.0
82,2014-11,9596.0
82,2014-12,11320.0
82,2015-01,9211.0
82,2015-02,8500.0
82,2015-03,9229.0
82,2015-04,9441.0
82,2015-05,9158.0
82,2015-06,9955.0
82,2015-07,8967.0
83,2013-01,3741.0
83,2013-02,3741.0
83,2013-03,4167.0
83,2013-04,3837.0
83,2013-05,4135.0
83,2013-06,3578.0
83,2013-07,3951.0
83,2013-08,3439.0
83,2013-09,3610.0
83,2013-10,3617.0
83,2013-11,3894.0
83,2013-12,4667.0
83,2014-01,3692.0
83,2014-02,3682.0
83,2014-03,3717.0
83,2014-04,3975.0
83,2014-05,3788.0
83,2014-06,4029.0
83,2014-07,3570.0
83,2014-08,3618.0
83,2014-09,3811.0
83,2014-10,3891.0
83,2014-11,4251.0
83,2014-12,4700.0
83,2015-01,3842.0
83,2015-02,3768.0
83,2015-03,4035.0
83,2015-04,4054.0
83,2015-05,4154.0
83,2015-06,4191.0
83,2015-07,3585.0
84,2013-01,11705.0
84,2013-02,12099.0
84,2013-03,13382.0
84,2013-04,12031.0
84,2013-05,13141.0
84,2013-06,12092.0
84,2013-07,13155.0
84,2013-08,11522.0
84,2013-09,11950.0
84,2013-10,12049.0
84,2013-11,12884.0
84,2013-12,16029.0
84,2014-01,12271.0
84,2014-02,12578.0
84,2014-03,12197.0
84,2014-04,13247.0
84,2014-05,12833.0
84,2014-06,13883.0
84,2014-07,12400.0
84,2014-08,12454.0
84,2014-09,12404.0
84,2014-10,12365.0
84,2014-11,13977.0
84,2014-12,15988.0
84,2015-01,13025.0
84,2015-02,12783.0
84,2015-03,13160.0
84,2015-04,13900.0
84,2015-05,13405.0
84,2015-06,14424.0
84,2015-07,12930.0
85,2013-01,6613.0
85,2013-02,6994.0
85,2013-03,7663.0
85,2013-04,7117.0
85,2013-05,7801.0
85,2013-06,7547.0
85,2013-07,6921.0
85,2013-08,7016.0
85,2013-09,6745.0
85,2013-10,6589.0
85,2013-11,7141.0
85,2013-12,7876.0
85,2014-01,6583.0
85,2014-02,6714.0
85,2014-03,6776.0
85,2014-04,7413.0
85,2014-05,7470.0
85,2014-06,7924.0
85,2014-07,7252.0
85,2014-08,7321.0
85,2014-09,6887.0
85,2014-10,7257.0
85,2014-11,7646.0
85,2014-12,7898.0
85,2015-01,6876.0
85,2015-02,7270.0
85,2015-03,7479.0
85,2015-04,7984.0
85,2015-05,7734.0
85,2015-06,7435.0
85,2015-07,7457.0
86,2013-01,3960.0
86,2013-02,4002.0
86,2013-03,4818.0
86,2013-04,4378.0
86,2013-05,4676.0
86,2013-06,4184.0
86,2013-07,4712.0
86,2013-08,4817.0
86,2013-09,4535.0
86,2013-10,4600.0
86,2013-11,4682.0
86,2013-12,5910.0
86,2014-01,4595.0
86,2014-02,4495.0
86,2014-03,4744.0
86,2014-04,5173.0
86,2014-05,4578.0
86,2014-06,5088.0
86,2014-07,4577.0
86,2014-08,4370.0
86,2014-09,4640.0
86,2014-10,4433.0
86,2014-11,5140.0
86,2014-12,5421.0
86,2015-01,4598.0
86,2015-02,4512.0
86,2015-03,4850.0
86,2015-04,5076.0
86,2015-05,4898.0
86,2015-06,4973.0
86,2015-07,4296.0
87,2013-01,5483.0
87,2013-02,5739.0
87,2013-03,6016.0
87,2013-04,5886.0
87,2013-05,6132.0
87,2013-06,5635.0
87,2013-07,5822.0
87,2013-08,5602.0
87,2013-09,5564.0
87,2013-10,5790.0
87,2013-11,5800.0
87,2013-12,6711.0
87,2014-01,5427.0
87,2014-02,5757.0
87,2014-03,5773.0
87,2014-04,6443.0
87,2014-05,5899.0
87,2014-06,6345.0
87,2014-07,5875.0
87,2014-08,5611.0
87,2014-09,5991.0
87,2014-10,5812.0
87,2014-11,6032.0
87,2014-12,6122.0
87,2015-01,5319.0
87,2015-02,5370.0
87,2015-03,5804.0
87,2015-04,6109.0
87,2015-05,6090.0
87,2015-06,6158.0
87,2015-07,5871.0
88,2013-01,5547.0
88,2013-02,5713.0
88,2013-03,6196.0
88,2013-04,5802.0
88,2013-05,6068.0
88,2013-06,5614.0
88,2013-07,6500.0
88,2013-08,5564.0
88,2013-09,5641.0
88,2013-10,5632.0
88,2013-11,6030.0
88,2013-12,7711.0
88,2014-01,5845.0
88,2014-02,5632.0
88,2014-03,5704.0
88,2014-04,6242.0
88,2014-05,5878.0
88,2014-06,6201.0
88,2014-07,6013.0
88,2014-08,5350.0
88,2014-09,5907.0
88,2014-10,5860.0
88,2014-11,6408.0
88,2014-12,7318.0
88,2015-01,6024.0
88,2015-02,5515.0
88,2015-03,5919.0
88,2015-04,6320.0
88,2015-05,6040.0
88,2015-06,6486.0
88,2015-07,6163.0
89,2013-01,5558.0
89,2013-02,5526.0
89,2013-03,6130.0
89,2013-04,5662.0
89,2013-05,6066.0
89,2013-06,5639.0
89,2013-07,6019.0
89,2013-08,5615.0
89,2013-09,5720.0
89,2013-10,5787.0
89,2013-11,6117.0
89,2013-12,7255.0
89,2014-01,5829.0
89,2014-02,5900.0
89,2014-03,5682.0
89,2014-04,6087.0
89,2014-05,5762.0
89,2014-06,6004.0
89,2015-01,6011.0
89,2015-02,5694.0
89,2015-03,6195.0
89,2015-04,6278.0
89,2015-05,6321.0
89,2015-06,6317.0
89,2015-07,6201.0
90,2013-01,7203.0
90,2013-02,7929.0
90,2013-03,8790.0
90,2013-04,8057.0
90,2013-05,8801.0
90,2013-06,7787.0
90,2013-07,8232.0
90,2013-08,7705.0
90,2013-09,7588.0
90,2013-10,7641.0
90,2013-11,8065.0
90,2013-12,10361.0
90,2014-01,7934.0
90,2014-02,8277.0
90,2014-03,8185.0
90,2014-04,8782.0
90,2014-05,8610.0
90,2014-06,9092.0
90,2014-07,8315.0
90,2014-08,8159.0
90,2014-09,8245.0
90,2014-10,8068.0
90,2014-11,9175.0
90,2014-12,9983.0
90,2015-01,8231.0
90,2015-02,8153.0
90,2015-03,8652.0
90,2015-04,8975.0
90,2015-05,9130.0
90,2015-06,9029.0
90,2015-07,8228.0
91,2013-01,5003.0
91,2013-02,4926.0
91,2013-03,5522.0
91,2013-04,4924.0
91,2013-05,5346.0
91,2013-06,4704.0
91,2013-07,5264.0
91,2013-08,4570.0
91,2013-09,4695.0
91,2013-10,4743.0
91,2013-11,6310.0
91,2013-12,8654.0
91,2014-01,6742.0
91,2014-02,6459.0
91,2014-03,6679.0
91,2014-04,7030.0
91,2014-05,6854.0
91,2014-06,7204.0
91,2014-07,6702.0
91,2014-08,6131.0
91,2014-09,6221.0
91,2014-10,4349.0
91,2014-11,4955.0
91,2014-12,5846.0
91,2015-01,4740.0
91,2015-02,4308.0
91,2015-03,4794.0
91,2015-04,4740.0
91,2015-05,4750.0
91,2015-06,4707.0
91,2015-07,4759.0
92,2013-01,5188.0
92,2013-02,5351.0
92,2013-03,5961.0
92,2013-04,5518.0
92,2013-05,5980.0
92,2013-06,5097.0
92,2013-07,5796.0
92,2013-08,5183.0
92,2013-09,4897.0
92,2013-10,5124.0
92,2013-11,5716.0
92,2013-12,6983.0
92,2014-01,5516.0
92,2014-02,5776.0
92,2014-03,5393.0
92,2014-04,6041.0
92,2014-05,6054.0
92,2014-06,6530.0
92,2014-07,6089.0
92,2014-08,5884.0
92,2014-09,5964.0
92,2014-10,5909.0
92,2014-11,6905.0
92,2014-12,7552.0
92,2015-01,6624.0
92,2015-02,6109.0
92,2015-03,6470.0
92,2015-04,6702.0
92,2015-05,6769.0
92,2015-06,6855.0
92,2015-07,6265.0
93,2013-01,5641.0
93,2013-02,5688.0
93,2013-03,6392.0
93,2013-04,5908.0
93,2013-05,6333.0
93,2013-06,5729.0
93,2013-07,6338.0
93,2013-08,5546.0
93,2013-09,5551.0
93,2013-10,5660.0
93,2013-11,5849.0
93,2013-12,7747.0
93,2014-01,5819.0
93,2014-02,5804.0
93,2014-03,5704.0
93,2014-04,6222.0
93,2014-05,5783.0
93,2014-06,6375.0
93,2014-07,5675.0
93,2014-08,5430.0
93,2014-09,5644.0
93,2014-10,5387.0
93,2014-11,6107.0
93,2014-12,7318.0
93,2015-01,5750.0
93,2015-02,5548.0
93,2015-03,6060.0
93,2015-04,6048.0
93,2015-05,5959.0
93,2015-06,6504.0
93,2015-07,5673.0
94,2013-01,6286.0
94,2013-02,7252.0
94,2013-03,7034.0
94,2013-04,6556.0
94,2013-05,7291.0
94,2013-06,6322.0
94,2013-07,7193.0
94,2013-08,6683.0
94,2013-09,6574.0
94,2013-10,6580.0
94,2013-11,6909.0
94,2013-12,8585.0
94,2014-01,6530.0
94,2014-02,6740.0
94,2014-03,6733.0
94,2014-04,7166.0
94,2014-05,7051.0
94,2014-06,7641.0
94,2014-07,7097.0
94,2014-08,6832.0
94,2014-09,6933.0
94,2014-10,6816.0
94,2014-11,7665.0
94,2014-12,8650.0
94,2015-01,7206.0
94,2015-02,6896.0
94,2015-03,7140.0
94,2015-04,7681.0
94,2015-05,7740.0
94,2015-06,7889.0
94,2015-07,7405.0
95,2013-01,7188.0
95,2013-02,7188.0
95,2013-03,8188.0
95,2013-04,7387.0
95,2013-05,7830.0
95,2013-06,7685.0
95,2013-07,8627.0
95,2013-08,7482.0
95,2013-09,7363.0
95,2013-10,7421.0
95,2013-11,8266.0
95,2013-12,10672.0
95,2014-01,7330.0
95,2014-02,7358.0
95,2014-03,7507.0
95,2014-04,8540.0
95,2014-05,7880.0
95,2014-06,8115.0
95,2014-07,7791.0
95,2014-08,7177.0
95,2014-09,7754.0
95,2014-10,6889.0
95,2014-11,7710.0
95,2014-12,9103.0
95,2015-01,6691.0
95,2015-02,6379.0
95,2015-03,6975.0
95,2015-04,7329.0
95,2015-05,6992.0
95,2015-06,7140.0
95,2015-07,6987.0
96,2013-01,4620.0
96,2013-02,4688.0
96,2013-03,5345.0
96,2013-04,4910.0
96,2013-05,4984.0
96,2013-06,4361.0
96,2013-07,5104.0
96,2013-08,4740.0
96,2013-09,4880.0
96,2013-10,4751.0
96,2013-11,5062.0
96,2013-12,6941.0
96,2014-01,4883.0
96,2014-02,4905.0
96,2014-03,4825.0
96,2014-04,5324.0
96,2014-05,4811.0
96,2014-06,5397.0
96,2014-07,5260.0
96,2014-08,4724.0
96,2014-09,5214.0
96,2014-10,4985.0
96,2014-11,5773.0
96,2014-12,6723.0
96,2015-01,5303.0
96,2015-02,4908.0
96,2015-03,5462.0
96,2015-04,5577.0
96,2015-05,5346.0
96,2015-06,5602.0
96,2015-07,5230.0
97,2013-01,6128.0
97,2013-02,6092.0
97,2013-03,7014.0
97,2013-04,6188.0
97,2013-05,6651.0
97,2013-06,5911.0
97,2013-07,6529.0
97,2013-08,6154.0
97,2013-09,5975.0
97,2013-10,6167.0
97,2013-11,6808.0
97,2013-12,8583.0
97,2014-01,6234.0
97,2014-02,6259.0
97,2014-03,6336.0
97,2014-04,6965.0
97,2014-05,6711.0
97,2014-06,6925.0
97,2014-07,6435.0
97,2014-08,6043.0
97,2014-09,6420.0
97,2014-10,6475.0
97,2014-11,7628.0
97,2014-12,8772.0
97,2015-01,6842.0
97,2015-02,6388.0
97,2015-03,6919.0
97,2015-04,7185.0
97,2015-05,7225.0
97,2015-06,7131.0
97,2015-07,6970.0
98,2013-01,3896.0
98,2013-02,4228.0
98,2013-03,4910.0
98,2013-04,4405.0
98,2013-05,4905.0
98,2013-06,4505.0
98,2013-07,4993.0
98,2013-08,4598.0
98,2013-09,4464.0
98,2013-10,4415.0
98,2013-11,4753.0
98,2013-12,6494.0
98,2014-01,4668.0
98,2014-02,4776.0
98,2014-03,4922.0
98,2014-04,5155.0
98,2014-05,5086.0
98,2014-06,5512.0
98,2014-07,5052.0
98,2014-08,4965.0
98,2014-09,5208.0
98,2014-10,5157.0
98,2014-11,5685.0
98,2014-12,6819.0
98,2015-01,5312.0
98,2015-02,5182.0
98,2015-03,5490.0
98,2015-04,5820.0
98,2015-05,5735.0
98,2015-06,6011.0
98,2015-07,5515.0
99,2013-01,3975.0
99,2013-02,4159.0
99,2013-03,4691.0
99,2013-04,4291.0
99,2013-05,4822.0
99,2013-06,4212.0
99,2013-07,4484.0
99,2013-08,4864.0
99,2013-09,4751.0
99,2013-10,4828.0
99,2013-11,5318.0
99,2013-12,6337.0
99,2014-01,4981.0
99,2014-02,5027.0
99,2014-03,4818.0
99,2014-04,5286.0
99,2014-05,5529.0
99,2014-06,5577.0
99,2015-01,5941.0
99,2015-02,5415.0
99,2015-03,5638.0
99,2015-04,5798.0
99,2015-05,6145.0
99,2015-06,5956.0
99,2015-07,5633.0
100,2013-01,7055.0
100,2013-02,7043.0
100,2013-03,7813.0
100,2013-04,7380.0
100,2013-05,8214.0
100,2013-06,7286.0
100,2013-07,11770.0
100,2013-08,7837.0
100,2013-09,7172.0
100,2013-10,7213.0
100,2013-11,7918.0
100,2013-12,9427.0
100,2014-01,7593.0
100,2014-02,7398.0
100,2014-03,7620.0
100,2014-04,8150.0
100,2014-05,8374.0
100,2014-06,8533.0
100,2015-01,8116.0
100,2015-02,7728.0
100,2015-03,7912.0
100,2015-04,8500.0
100,2015-05,8725.0
100,2015-06,8336.0
100,2015-07,8333.0
101,2013-01,6454.0
101,2013-02,6905.0
101,2013-03,7523.0
101,2013-04,6584.0
101,2013-05,7455.0
101,2013-06,6726.0
101,2013-07,6720.0
101,2013-08,7778.0
101,2013-09,6541.0
101,2013-10,6348.0
101,2013-11,7618.0
101,2013-12,9011.0
101,2014-01,6905.0
101,2014-02,7281.0
101,2014-03,7124.0
101,2014-04,7789.0
101,2014-05,7583.0
101,2014-06,7659.0
101,2014-07,7362.0
101,2014-08,7927.0
101,2014-09,7230.0
101,2014-10,7006.0
101,2014-11,8363.0
101,2014-12,9313.0
101,2015-01,7514.0
101,2015-02,7488.0
101,2015-03,7873.0
101,2015-04,8031.0
101,2015-05,8143.0
101,2015-06,7543.0
101,2015-07,8003.0
102,2013-01,7063.0
102,2013-02,6778.0
102,2013-03,7153.0
102,2013-04,6399.0
102,2013-05,7418.0
102,2013-06,6212.0
102,2013-07,6854.0
102,2013-08,6314.0
102,2013-09,6239.0
102,2013-10,6234.0
102,2013-11,6456.0
102,2013-12,8804.0
102,2014-01,6359.0
102,2014-02,6569.0
102,2014-03,7250.0
102,2014-04,7731.0
102,2014-05,7702.0
102,2014-06,7855.0
102,2014-07,6934.0
102,2014-08,7279.0
102,2014-09,7174.0
102,2014-10,6336.0
102,2014-11,7534.0
102,2014-12,8360.0
102,2015-01,6873.0
102,2015-02,6796.0
102,2015-03,6991.0
102,2015-04,7489.0
102,2015-05,7633.0
102,2015-06,7614.0
102,2015-07,6889.0
103,2013-07,5859.0
103,2013-08,4124.0
103,2013-09,3947.0
103,2013-10,3969.0
103,2013-11,4086.0
103,2013-12,5407.0
103,2014-01,4129.0
103,2014-02,4156.0
103,2014-03,4302.0
103,2014-04,4848.0
103,2014-05,4631.0
103,2014-06,4795.0
103,2014-07,4730.0
103,2014-08,4558.0
103,2014-09,4587.0
103,2014-10,4614.0
103,2014-11,4936.0
103,2014-12,5698.0
103,2015-01,4803.0
103,2015-02,4762.0
103,2015-03,4892.0
103,2015-04,5214.0
103,2015-05,4908.0
103,2015-06,4782.0
103,2015-07,4774.0
104,2013-01,9140.0
104,2013-02,9286.0
104,2013-03,10101.0
104,2013-04,9811.0
104,2013-05,10378.0
104,2013-06,9844.0
104,2013-07,9275.0
104,2013-08,9684.0
104,2013-09,9515.0
104,2013-10,9818.0
104,2013-11,10092.0
104,2013-12,11551.0
104,2014-01,9567.0
104,2014-02,9937.0
104,2014-03,9978.0
104,2014-04,10603.0
104,2014-05,10495.0
104,2014-06,10741.0
104,2014-07,9996.0
104,2014-08,9638.0
104,2014-09,9861.0
104,2014-10,10071.0
104,2014-11,10576.0
104,2014-12,11398.0
104,2015-01,9907.0
104,2015-02,9828.0
104,2015-03,10226.0
104,2015-04,10720.0
104,2015-05,11060.0
104,2015-06,10556.0
104,2015-07,10602.0
105,2013-01,1974.0
105,2013-02,1938.0
105,2013-03,1936.0
105,2013-04,18697.0
105,2013-05,4539.0
105,2013-06,3991.0
105,2013-07,4205.0
105,2013-08,3788.0
105,2013-09,3814.0
105,2013-10,3767.0
105,2013-11,4345.0
105,2013-12,5274.0
105,2014-01,4297.0
105,2014-02,4554.0
105,2014-03,4350.0
105,2014-04,4759.0
105,2014-05,4883.0
105,2014-06,4963.0
105,2014-07,4744.0
105,2014-08,4254.0
105,2014-09,4372.0
105,2014-10,4596.0
105,2014-11,5368.0
105,2014-12,5760.0
105,2015-01,5016.0
105,2015-02,4854.0
105,2015-03,5119.0
105,2015-04,5175.0
105,2015-05,5304.0
105,2015-06,5232.0
105,2015-07,5177.0
106,2013-01,8464.0
106,2013-02,8430.0
106,2013-03,9208.0
106,2013-04,8431.0
106,2013-05,9237.0
106,2013-06,8676.0
106,2013-07,11923.0
106,2013-08,8314.0
106,2013-09,7902.0
106,2013-10,7807.0
106,2013-11,8505.0
106,2013-12,10112.0
106,2014-01,7819.0
106,2014-02,8083.0
106,2014-03,7804.0
106,2014-04,8741.0
106,2014-05,8410.0
106,2014-06,8772.0
106,2014-07,8079.0
106,2014-08,7857.0
106,2014-09,8230.0
106,2014-10,8164.0
106,2014-11,9084.0
106,2014-12,10485.0
106,2015-01,8420.0
106,2015-02,8231.0
106,2015-03,8703.0
106,2015-04,9004.0
106,2015-05,8930.0
106,2015-06,8978.0
106,2015-07,9135.0
107,2013-01,6607.0
107,2013-02,6805.0
107,2013-03,7176.0
107,2013-04,6972.0
107,2013-05,7240.0
107,2013-06,6998.0
107,2013-07,6720.0
107,2013-08,6843.0
107,2013-09,6648.0
107,2013-10,6712.0
107,2013-11,7306.0
107,2013-12,8332.0
107,2014-01,7013.0
107,2014-02,7211.0
107,2014-03,7212.0
107,2014-04,7530.0
107,2014-05,7523.0
107,2014-06,7527.0
107,2014-07,7340.0
107,2014-08,6792.0
107,2014-09,7171.0
107,2014-10,7275.0
107,2014-11,7898.0
107,2014-12,8590.0
107,2015-01,7541.0
107,2015-02,7519.0
107,2015-03,7673.0
107,2015-04,7964.0
107,2015-05,8078.0
107,2015-06,7689.0
107,2015-07,7771.0
108,2013-01,8606.0
108,2013-02,8643.0
108,2013-03,9790.0
108,2013-04,9536.0
108,2013-05,10850.0
108,2013-06,9898.0
108,2013-07,10459.0
108,2013-08,10717.0
108,2013-09,9811.0
108,2013-10,10096.0
108,2013-11,10743.0
108,2013-12,12688.0
108,2014-01,10784.0
108,2014-02,10724.0
108,2014-03,10698.0
108,2014-04,11429.0
108,2014-05,11447.0
108,2014-06,11773.0
108,2015-01,12295.0
108,2015-02,11489.0
108,2015-03,12330.0
108,2015-04,12988.0
108,2015-05,13217.0
108,2015-06,12662.0
108,2015-07,12533.0
109,2013-01,5778.0
109,2013-02,6085.0
109,2013-03,6727.0
109,2013-04,5929.0
109,2013-05,6269.0
109,2013-06,5889.0
109,2013-07,6059.0
109,2013-08,6696.0
109,2013-09,5761.0
109,2013-10,5828.0
109,2013-11,6659.0
109,2013-12,8347.0
109,2014-01,6024.0
109,2014-02,6193.0
109,2014-03,6173.0
109,2014-04,6636.0
109,2014-05,6314.0
109,2014-06,6450.0
109,2014-07,6190.0
109,2014-08,6503.0
109,2014-09,6258.0
109,2014-10,6081.0
109,2014-11,7013.0
109,2014-12,8404.0
109,2015-01,6418.0
109,2015-02,6490.0
109,2015-03,6587.0
109,2015-04,6766.0
109,2015-05,6697.0
109,2015-06,6664.0
109,2015-07,6689.0
110,2013-01,4099.0
110,2013-02,4121.0
110,2013-03,4751.0
110,2013-04,4301.0
110,2013-05,4712.0
110,2013-06,4413.0
110,2013-07,5491.0
110,2013-08,5244.0
110,2013-09,4149.0
110,2013-10,4161.0
110,2013-11,4493.0
110,2013-12,5937.0
110,2014-01,3890.0
110,2014-02,4125.0
110,2014-03,3923.0
110,2014-04,4590.0
110,2014-05,4355.0
110,2014-06,4512.0
110,2014-07,5001.0
110,2014-08,5398.0
110,2014-09,4286.0
110,2014-10,4199.0
110,2014-11,4604.0
110,2014-12,5655.0
110,2015-01,3914.0
110,2015-02,3920.0
110,2015-03,4056.0
110,2015-04,4339.0
110,2015-05,4474.0
110,2015-06,4366.0
110,2015-07,4996.0
111,2013-01,5908.0
111,2013-02,6098.0
111,2013-03,7155.0
111,2013-04,6389.0
111,2013-05,7134.0
111,2013-06,6309.0
111,2013-07,6769.0
111,2013-08,6520.0
111,2013-09,6232.0
111,2013-10,6189.0
111,2013-11,6860.0
111,2013-12,8596.0
111,2014-01,6202.0
111,2014-02,6415.0
111,2014-03,6489.0
111,2014-04,7104.0
111,2014-05,6992.0
111,2014-06,7580.0
111,2014-07,6788.0
111,2014-08,6320.0
111,2014-09,6576.0
111,2014-10,6230.0
111,2014-11,6888.0
111,2014-12,8421.0
111,2015-01,6613.0
111,2015-02,6280.0
111,2015-03,6746.0
111,2015-04,7177.0
111,2015-05,7195.0
111,2015-06,7153.0
111,2015-07,6917.0
112,2013-01,5927.0
112,2013-02,5993.0
112,2013-03,6268.0
112,2013-04,5892.0
112,2013-05,6118.0
112,2013-06,6032.0
112,2013-07,5655.0
112,2013-08,5689.0
112,2013-09,5809.0
112,2013-10,5905.0
112,2013-11,6409.0
112,2013-12,7549.0
112,2014-01,6130.0
112,2014-02,6245.0
112,2014-03,6188.0
112,2014-04,6333.0
112,2014-05,6364.0
112,2014-06,6377.0
112,2014-07,6130.0
112,2014-08,5834.0
112,2014-09,5911.0
112,2014-10,6224.0
112,2014-11,6499.0
112,2014-12,7391.0
112,2015-01,6157.0
112,2015-02,6080.0
112,2015-03,6218.0
112,2015-04,6653.0
112,2015-05,6477.0
112,2015-06,6297.0
112,2015-07,6565.0
113,2013-01,6814.0
113,2013-02,7095.0
113,2013-03,8025.0
113,2013-04,7369.0
113,2013-05,8183.0
113,2013-06,7263.0
113,2013-07,7808.0
113,2013-08,7928.0
113,2013-09,7512.0
113,2013-10,7410.0
113,2013-11,7864.0
113,2013-12,10077.0
113,2014-01,8206.0
113,2014-02,7834.0
113,2014-03,8029.0
113,2014-04,8153.0
113,2014-05,6263.0
113,2014-06,6455.0
113,2015-01,6081.0
113,2015-02,5700.0
113,2015-03,5720.0
113,2015-04,6183.0
113,2015-05,6235.0
113,2015-06,5975.0
113,2015-07,5874.0
114,2013-01,4851.0
114,2013-02,5081.0
114,2013-03,5456.0
114,2013-04,5045.0
114,2013-05,5587.0
114,2013-06,4729.0
114,2013-07,5291.0
114,2013-08,5238.0
114,2013-09,4995.0
114,2013-10,4880.0
114,2013-11,5518.0
114,2013-12,7046.0
114,2014-01,5075.0
114,2014-02,5224.0
114,2014-03,5146.0
114,2014-04,5697.0
114,2014-05,5492.0
114,2014-06,5329.0
114,2014-07,5207.0
114,2014-08,5093.0
114,2014-09,5097.0
114,2014-10,5059.0
114,2014-11,5764.0
114,2014-12,6535.0
114,2015-01,5377.0
114,2015-02,5089.0
114,2015-03,5266.0
114,2015-04,5601.0
114,2015-05,5635.0
114,2015-06,5275.0
114,2015-07,5282.0
115,2013-01,5733.0
115,2013-02,6074.0
115,2013-03,6957.0
115,2013-04,6295.0
115,2013-05,7271.0
115,2013-06,6689.0
115,2013-07,7105.0
115,2013-08,6899.0
115,2013-09,6736.0
115,2013-10,6730.0
115,2013-11,7443.0
115,2013-12,9041.0
115,2014-01,6859.0
115,2014-02,6997.0
115,2014-03,7088.0
115,2014-04,7540.0
115,2014-05,7590.0
115,2014-06,8492.0
115,2015-01,8064.0
115,2015-02,7612.0
115,2015-03,8131.0
115,2015-04,8125.0
115,2015-05,8636.0
115,2015-06,8244.0
115,2015-07,8215.0
116,2013-01,7508.0
116,2013-02,7615.0
116,2013-03,8347.0
116,2013-04,7881.0
116,2013-05,7884.0
116,2013-06,6990.0
116,2013-07,7005.0
116,2013-08,7164.0
116,2013-09,6834.0
116,2013-10,7117.0
116,2013-11,6956.0
116,2013-12,8161.0
116,2014-01,6772.0
116,2014-02,6827.0
116,2014-03,6916.0
116,2014-04,7406.0
116,2014-05,7032.0
116,2014-06,7298.0
116,2014-07,6859.0
116,2014-08,6470.0
116,2014-09,6952.0
116,2014-10,7056.0
116,2014-11,7564.0
116,2014-12,8290.0
116,2015-01,7221.0
116,2015-02,7087.0
116,2015-03,7462.0
116,2015-04,7655.0
116,2015-05,7551.0
116,2015-06,7433.0
116,2015-07,7067.0
117,2013-01,3710.0
117,2013-02,3761.0
117,2013-03,4111.0
117,2013-04,3799.0
117,2013-05,4165.0
117,2013-06,3725.0
117,2013-07,3996.0
117,2013-08,3419.0
117,2013-09,3690.0
117,2013-10,3683.0
117,2013-11,3759.0
117,2013-12,4687.0
117,2014-01,3708.0
117,2014-02,3748.0
117,2014-03,3819.0
117,2014-04,4050.0
117,2014-05,3890.0
117,2014-06,3980.0
117,2014-07,3722.0
117,2014-08,3545.0
117,2014-09,3713.0
117,2014-10,3783.0
117,2014-11,4289.0
117,2014-12,4724.0
117,2015-01,3853.0
117,2015-02,3694.0
117,2015-03,3958.0
117,2015-04,4035.0
117,2015-05,3922.0
117,2015-06,3995.0
117,2015-07,3595.0
118,2013-01,6247.0
118,2013-02,6498.0
118,2013-03,7390.0
118,2013-04,6654.0
118,2013-05,7457.0
118,2013-06,6849.0
118,2013-07,7270.0
118,2013-08,7533.0
118,2013-09,6805.0
118,2013-10,6738.0
118,2013-11,7430.0
118,2013-12,9309.0
118,2014-01,7295.0
118,2014-02,7439.0
118,2014-03,7470.0
118,2014-04,8186.0
118,2014-05,7974.0
118,2014-06,8362.0
118,2014-07,7853.0
118,2014-08,8093.0
118,2014-09,7770.0
118,2014-10,7506.0
118,2014-11,8554.0
118,2014-12,9614.0
118,2015-01,8121.0
118,2015-02,7588.0
118,2015-03,8388.0
118,2015-04,9192.0
118,2015-05,8894.0
118,2015-06,8376.0
118,2015-07,8620.0
119,2013-01,5493.0
119,2013-02,5708.0
119,2013-03,6111.0
119,2013-04,5709.0
119,2013-05,5940.0
119,2013-06,5602.0
119,2013-07,5654.0
119,2013-08,6040.0
119,2013-09,5438.0
119,2013-10,5528.0
119,2013-11,6307.0
119,2013-12,7310.0
119,2014-01,5798.0
119,2014-02,5920.0
119,2014-03,5691.0
119,2014-04,6267.0
119,2014-05,5920.0
119,2014-06,6135.0
119,2014-07,5772.0
119,2014-08,5828.0
119,2014-09,5736.0
119,2014-10,5750.0
119,2014-11,6668.0
119,2014-12,7463.0
119,2015-01,5949.0
119,2015-02,5855.0
119,2015-03,6014.0
119,2015-04,6214.0
119,2015-05,6449.0
119,2015-06,6130.0
119,2015-07,5967.0
120,2013-01,6526.0
120,2013-02,6803.0
120,2013-03,7873.0
120,2013-04,6926.0
120,2013-05,7625.0
120,2013-06,6941.0
120,2013-07,7176.0
120,2013-08,6591.0
120,2013-09,6587.0
120,2013-10,6397.0
120,2013-11,6944.0
120,2013-12,8276.0
120,2014-01,6729.0
120,2014-02,6810.0
120,2014-03,7006.0
120,2014-04,7270.0
120,2014-05,7101.0
120,2014-06,7864.0
120,2014-07,6968.0
120,2014-08,6273.0
120,2014-09,6995.0
120,2014-10,6785.0
120,2014-11,7547.0
120,2014-12,8145.0
120,2015-01,6956.0
120,2015-02,6650.0
120,2015-03,7396.0
120,2015-04,7408.0
120,2015-05,7315.0
120,2015-06,7686.0
120,2015-07,7153.0
121,2013-01,4256.0
121,2013-02,4225.0
121,2013-03,4913.0
121,2013-04,4263.0
121,2013-05,4343.0
121,2013-06,4093.0
121,2013-07,4333.0
121,2013-08,3996.0
121,2013-09,4353.0
121,2013-10,4284.0
121,2013-11,4956.0
121,2013-12,5865.0
121,2014-01,4051.0
121,2014-02,4221.0
121,2014-03,4169.0
121,2014-04,4577.0
121,2014-05,4446.0
121,2014-06,4580.0
121,2014-07,4391.0
121,2014-08,4161.0
121,2014-09,4374.0
121,2014-10,4335.0
121,2014-11,5059.0
121,2014-12,5608.0
121,2015-01,4312.0
121,2015-02,4127.0
121,2015-03,4375.0
121,2015-04,4488.0
121,2015-05,4534.0
121,2015-06,4431.0
121,2015-07,4128.0
122,2013-01,4954.0
122,2013-02,5184.0
122,2013-03,5686.0
122,2013-04,5220.0
122,2013-05,6318.0
122,2013-06,6207.0
122,2013-07,8694.0
122,2013-08,7725.0
122,2013-09,5962.0
122,2013-10,5759.0
122,2013-11,5968.0
122,2013-12,7213.0
122,2014-01,5168.0
122,2014-02,5554.0
122,2014-03,5458.0
122,2014-04,6552.0
122,2014-05,6355.0
122,2014-06,6773.0
122,2014-07,8234.0
122,2014-08,8589.0
122,2014-09,6432.0
122,2014-10,6036.0
122,2014-11,6391.0
122,2014-12,7218.0
122,2015-01,5525.0
122,2015-02,5442.0
122,2015-03,5602.0
122,2015-04,6432.0
122,2015-05,6551.0
122,2015-06,6908.0
122,2015-07,8766.0
123,2013-01,7985.0
123,2013-02,8017.0
123,2013-03,8789.0
123,2013-04,7786.0
123,2013-05,8366.0
123,2013-06,7582.0
123,2013-07,8657.0
123,2013-08,7929.0
123,2013-09,7847.0
123,2013-10,8124.0
123,2013-11,8189.0
123,2013-12,11395.0
123,2014-01,7873.0
123,2014-02,7946.0
123,2014-03,7723.0
123,2014-04,8621.0
123,2014-05,8095.0
123,2014-06,8512.0
123,2014-07,8401.0
123,2014-08,9603.0
123,2014-09,9825.0
123,2014-10,7987.0
123,2014-11,8609.0
123,2014-12,10486.0
123,2015-01,7863.0
123,2015-02,7476.0
123,2015-03,7942.0
123,2015-04,8621.0
123,2015-05,8187.0
123,2015-06,8287.0
123,2015-07,8347.0
124,2013-01,4020.0
124,2013-02,4286.0
124,2013-03,4642.0
124,2013-04,4621.0
124,2013-05,5043.0
124,2013-06,4099.0
124,2013-07,4426.0
124,2013-08,3759.0
124,2013-09,3638.0
124,2013-10,3815.0
124,2013-11,3789.0
124,2013-12,4706.0
124,2014-01,4337.0
124,2014-02,4249.0
124,2014-03,4032.0
124,2014-04,4575.0
124,2014-05,4457.0
124,2014-06,4759.0
124,2014-07,4440.0
124,2014-08,4115.0
124,2014-09,4367.0
124,2014-10,4385.0
124,2014-11,4656.0
124,2014-12,5250.0
124,2015-01,4409.0
124,2015-02,4555.0
124,2015-03,4642.0
124,2015-04,5037.0
124,2015-05,5016.0
124,2015-06,4993.0
124,2015-07,4325.0
125,2013-01,11047.0
125,2013-02,11621.0
125,2013-03,12693.0
125,2013-04,12096.0
125,2013-05,12839.0
125,2013-06,11997.0
125,2013-07,11305.0
125,2013-08,11527.0
125,2013-09,10766.0
125,2013-10,10906.0
125,2013-11,11497.0
125,2013-12,14033.0
125,2014-01,10620.0
125,2014-02,11475.0
125,2014-03,11424.0
125,2014-04,12473.0
125,2014-05,11627.0
125,2014-06,12166.0
125,2014-07,11441.0
125,2014-08,11169.0
125,2014-09,11263.0
125,2014-10,11246.0
125,2014-11,12064.0
125,2014-12,13565.0
125,2015-01,11249.0
125,2015-02,11381.0
125,2015-03,12041.0
125,2015-04,12816.0
125,2015-05,12746.0
125,2015-06,12094.0
125,2015-07,12281.0
126,2013-01,6073.0
126,2013-02,6819.0
126,2013-03,8350.0
126,2013-04,6956.0
126,2013-05,7496.0
126,2013-06,6059.0
126,2013-07,6842.0
126,2013-08,8288.0
126,2013-09,10882.0
126,2013-10,10768.0
126,2013-11,5921.0
126,2013-12,7142.0
126,2014-01,5759.0
126,2014-02,5934.0
126,2014-03,5574.0
126,2014-04,6357.0
126,2014-05,6157.0
126,2014-06,6635.0
126,2014-07,6175.0
126,2014-08,5647.0
126,2014-09,5745.0
126,2014-10,5072.0
126,2014-11,5844.0
126,2014-12,6466.0
126,2015-01,5551.0
126,2015-02,5086.0
126,2015-03,5433.0
126,2015-04,5818.0
126,2015-05,5693.0
126,2015-06,5856.0
126,2015-07,5332.0
127,2013-01,4633.0
127,2013-02,4916.0
127,2013-03,5737.0
127,2013-04,5057.0
127,2013-05,5344.0
127,2013-06,4915.0
127,2013-07,5241.0
127,2013-08,4733.0
127,2013-09,4716.0
127,2013-10,4866.0
127,2013-11,5075.0
127,2013-12,6183.0
127,2014-01,4901.0
127,2014-02,5138.0
127,2014-03,5323.0
127,2014-04,5360.0
127,2014-05,5398.0
127,2014-06,5649.0
127,2015-01,5285.0
127,2015-02,5087.0
127,2015-03,5537.0
127,2015-04,5459.0
127,2015-05,5490.0
127,2015-06,5805.0
127,2015-07,5257.0
128,2013-01,5163.0
128,2013-02,5311.0
128,2013-03,6495.0
128,2013-04,5851.0
128,2013-05,6396.0
128,2013-06,5912.0
128,2013-07,6424.0
128,2013-08,6319.0
128,2013-09,6293.0
128,2013-10,6647.0
128,2013-11,7173.0
128,2013-12,9734.0
128,2014-01,6978.0
128,2014-02,7306.0
128,2014-03,7600.0
128,2014-04,7874.0
128,2014-05,7728.0
128,2014-06,8251.0
128,2014-07,7521.0
128,2014-08,7070.0
128,2014-09,7746.0
128,2014-10,7354.0
128,2014-11,8443.0
128,2014-12,10782.0
128,2015-01,8153.0
128,2015-02,7839.0
128,2015-03,8552.0
128,2015-04,8690.0
128,2015-05,8471.0
128,2015-06,8772.0
128,2015-07,8552.0
129,2013-01,8443.0
129,2013-02,8539.0
129,2013-03,9793.0
129,2013-04,9508.0
129,2013-05,9680.0
129,2013-06,8415.0
129,2013-07,9432.0
129,2013-08,9241.0
129,2013-09,8554.0
129,2013-10,8944.0
129,2013-11,9319.0
129,2013-12,12407.0
129,2014-01,8997.0
129,2014-02,8874.0
129,2014-03,9007.0
129,2014-04,9718.0
129,2014-05,9401.0
129,2014-06,9835.0
129,2015-01,9123.0
129,2015-02,8295.0
129,2015-03,8776.0
129,2015-04,9234.0
129,2015-05,9451.0
129,2015-06,9344.0
129,2015-07,8180.0
130,2013-01,4680.0
130,2013-02,4870.0
130,2013-03,5318.0
130,2013-04,5006.0
130,2013-05,5317.0
130,2013-06,4906.0
130,2013-07,4895.0
130,2013-08,4541.0
130,2013-09,4709.0
130,2013-10,4828.0
130,2013-11,4838.0
130,2013-12,5817.0
130,2014-01,4754.0
130,2014-02,4946.0
130,2014-03,5018.0
130,2014-04,5415.0
130,2014-05,5302.0
130,2014-06,5699.0
130,2014-07,5286.0
130,2014-08,4654.0
130,2014-09,4991.0
130,2014-10,5022.0
130,2014-11,5348.0
130,2014-12,5895.0
130,2015-01,5118.0
130,2015-02,5096.0
130,2015-03,5402.0
130,2015-04,5380.0
130,2015-05,5251.0
130,2015-06,5521.0
130,2015-07,5159.0
131,2013-01,5315.0
131,2013-02,5570.0
131,2013-03,6084.0
131,2013-04,5653.0
131,2013-05,6108.0
131,2013-06,5533.0
131,2013-07,5851.0
131,2013-08,5310.0
131,2013-09,5342.0
131,2013-10,5460.0
131,2013-11,5801.0
131,2013-12,6766.0
131,2014-01,5698.0
131,2014-02,5786.0
131,2014-03,4729.0
131,2014-04,4877.0
131,2014-05,4830.0
131,2014-06,4869.0
131,2014-07,4428.0
131,2014-08,4313.0
131,2014-09,4590.0
131,2014-10,4661.0
131,2014-11,5223.0
131,2014-12,5406.0
131,2015-01,4973.0
131,2015-02,4676.0
131,2015-03,5125.0
131,2015-04,5076.0
131,2015-05,5129.0
131,2015-06,5738.0
131,2015-07,4841.0
132,2013-01,4418.0
132,2013-02,4517.0
132,2013-03,5554.0
132,2013-04,5143.0
132,2013-05,5643.0
132,2013-06,5535.0
132,2013-07,5865.0
132,2013-08,5312.0
132,2013-09,5529.0
132,2013-10,5735.0
132,2013-11,5850.0
132,2013-12,7271.0
132,2014-01,5930.0
132,2014-02,6026.0
132,2014-03,6286.0
132,2014-04,6913.0
132,2014-05,6885.0
132,2014-06,7093.0
132,2015-01,7152.0
132,2015-02,6631.0
132,2015-03,7430.0
132,2015-04,7741.0
132,2015-05,7614.0
132,2015-06,7681.0
132,2015-07,7528.0
133,2013-01,6966.0
133,2013-02,7135.0
133,2013-03,7954.0
133,2013-04,7252.0
133,2013-05,7708.0
133,2013-06,7114.0
133,2013-07,7856.0
133,2013-08,6356.0
133,2013-09,5189.0
133,2013-10,5623.0
133,2013-11,5753.0
133,2013-12,7871.0
133,2014-01,5550.0
133,2014-02,5702.0
133,2014-03,5887.0
133,2014-04,6326.0
133,2014-05,6236.0
133,2014-06,6339.0
133,2014-07,6052.0
133,2014-08,5942.0
133,2014-09,6184.0
133,2014-10,6176.0
133,2014-11,6883.0
133,2014-12,7753.0
133,2015-01,6008.0
133,2015-02,6269.0
133,2015-03,6264.0
133,2015-04,6361.0
133,2015-05,5924.0
133,2015-06,6132.0
133,2015-07,5890.0
134,2013-01,4618.0
134,2013-02,4674.0
134,2013-03,4997.0
134,2013-04,4694.0
134,2013-05,5027.0
134,2013-06,4688.0
134,2013-07,4557.0
134,2013-08,4589.0
134,2013-09,4582.0
134,2013-10,4638.0
134,2013-11,4687.0
134,2013-12,5433.0
134,2014-01,4529.0
134,2014-02,4513.0
134,2014-03,4575.0
134,2014-04,4997.0
134,2014-05,4777.0
134,2014-06,5094.0
134,2014-07,4917.0
134,2014-08,4351.0
134,2014-09,4543.0
134,2014-10,4588.0
134,2014-11,4669.0
134,2014-12,5259.0
134,2015-01,4493.0
134,2015-02,4441.0
134,2015-03,4706.0
134,2015-04,4924.0
134,2015-05,4763.0
134,2015-06,4742.0
134,2015-07,4574.0
135,2013-01,5194.0
135,2013-02,5306.0
135,2013-03,6020.0
135,2013-04,5389.0
135,2013-05,5997.0
135,2013-06,5631.0
135,2013-07,5890.0
135,2013-08,5482.0
135,2013-09,5330.0
135,2013-10,5311.0
135,2013-11,5632.0
135,2013-12,7500.0
135,2014-01,5435.0
135,2014-02,5541.0
135,2014-03,5935.0
135,2014-04,6096.0
135,2014-05,6055.0
135,2014-06,6401.0
135,2014-07,6052.0
135,2014-08,5574.0
135,2014-09,5786.0
135,2014-10,5729.0
135,2014-11,6211.0
135,2014-12,7372.0
135,2015-01,6072.0
135,2015-02,5788.0
135,2015-03,6269.0
135,2015-04,6429.0
135,2015-05,6598.0
135,2015-06,6536.0
135,2015-07,6214.0
136,2013-01,3901.0
136,2013-02,4150.0
136,2013-03,4659.0
136,2013-04,4231.0
136,2013-05,4583.0
136,2013-06,4094.0
136,2013-07,4722.0
136,2013-08,5080.0
136,2013-09,5370.0
136,2013-10,5798.0
136,2013-11,6114.0
136,2013-12,7444.0
136,2014-01,6331.0
136,2014-02,6198.0
136,2014-03,6029.0
136,2014-04,6593.0
136,2014-05,6237.0
136,2014-06,6501.0
136,2015-01,5763.0
136,2015-02,5032.0
136,2015-03,5379.0
136,2015-04,5870.0
136,2015-05,5891.0
136,2015-06,5705.0
136,2015-07,5770.0
137,2013-01,7174.0
137,2013-02,7403.0
137,2013-03,8130.0
137,2013-04,7855.0
137,2013-05,8331.0
137,2013-06,7793.0
137,2013-07,8587.0
137,2013-08,8461.0
137,2013-09,7572.0
137,2013-10,7801.0
137,2013-11,8135.0
137,2013-12,10340.0
137,2014-01,8059.0
137,2014-02,7996.0
137,2014-03,7712.0
137,2014-04,8522.0
137,2014-05,8332.0
137,2014-06,8631.0
137,2015-01,8869.0
137,2015-02,8179.0
137,2015-03,8747.0
137,2015-04,8903.0
137,2015-05,8975.0
137,2015-06,9034.0
137,2015-07,7580.0
138,2013-01,6280.0
138,2013-02,6229.0
138,2013-03,7367.0
138,2013-04,6572.0
138,2013-05,6916.0
138,2013-06,6277.0
138,2013-07,7231.0
138,2013-08,6867.0
138,2013-09,6345.0
138,2013-10,6763.0
138,2013-11,7458.0
138,2013-12,9888.0
138,2014-01,6596.0
138,2014-02,6917.0
138,2014-03,6812.0
138,2014-04,7586.0
138,2014-05,7166.0
138,2014-06,7579.0
138,2014-07,7488.0
138,2014-08,6905.0
138,2014-09,7290.0
138,2014-10,7263.0
138,2014-11,8341.0
138,2014-12,10179.0
138,2015-01,7253.0
138,2015-02,6881.0
138,2015-03,7954.0
138,2015-04,7746.0
138,2015-05,7660.0
138,2015-06,7897.0
138,2015-07,7845.0
139,2013-01,5927.0
139,2013-02,5902.0
139,2013-03,6644.0
139,2013-04,6218.0
139,2013-05,6545.0
139,2013-06,6085.0
139,2013-07,6487.0
139,2013-08,6007.0
139,2013-09,5937.0
139,2013-10,6224.0
139,2013-11,6543.0
139,2013-12,8081.0
139,2014-01,6279.0
139,2014-02,6082.0
139,2014-03,6223.0
139,2014-04,6655.0
139,2014-05,6547.0
139,2014-06,6825.0
139,2015-01,6597.0
139,2015-02,6168.0
139,2015-03,6782.0
139,2015-04,6828.0
139,2015-05,6844.0
139,2015-06,6925.0
139,2015-07,6402.0
140,2013-01,6942.0
140,2013-02,6912.0
140,2013-03,8058.0
140,2013-04,7129.0
140,2013-05,7643.0
140,2013-06,6957.0
140,2013-07,7307.0
140,2013-08,7117.0
140,2013-09,6652.0
140,2013-10,6763.0
140,2013-11,6956.0
140,2013-12,9395.0
140,2014-01,7095.0
140,2014-02,7287.0
140,2014-03,7349.0
140,2014-04,7785.0
140,2014-05,7393.0
140,2014-06,7551.0
140,2014-07,7060.0
140,2014-08,6732.0
140,2014-09,7533.0
140,2014-10,7111.0
140,2014-11,8080.0
140,2014-12,9300.0
140,2015-01,7238.0
140,2015-02,7328.0
140,2015-03,7799.0
140,2015-04,7919.0
140,2015-05,8051.0
140,2015-06,7901.0
140,2015-07,7535.0
141,2013-01,5216.0
141,2013-02,5341.0
141,2013-03,6059.0
141,2013-04,5325.0
141,2013-05,5690.0
141,2013-06,5037.0
141,2013-07,5744.0
141,2013-08,5240.0
141,2013-09,5243.0
141,2013-10,5200.0
141,2013-11,5606.0
141,2013-12,7078.0
141,2014-01,5360.0
141,2014-02,5334.0
141,2014-03,5167.0
141,2014-04,5671.0
141,2014-05,5274.0
141,2014-06,5583.0
141,2014-07,5167.0
141,2014-08,5028.0
141,2014-09,5074.0
141,2014-10,5205.0
141,2014-11,5939.0
141,2014-12,6936.0
141,2015-01,5655.0
141,2015-02,5386.0
141,2015-03,5655.0
141,2015-04,5768.0
141,2015-05,5636.0
141,2015-06,5691.0
141,2015-07,5664.0
142,2013-01,4352.0
142,2013-02,4532.0
142,2013-03,4792.0
142,2013-04,4524.0
142,2013-05,4960.0
142,2013-06,4283.0
142,2013-07,4866.0
142,2013-08,4146.0
142,2013-09,4210.0
142,2013-10,4315.0
142,2013-11,4597.0
142,2013-12,5498.0
142,2014-01,4445.0
142,2014-02,4568.0
142,2014-03,4515.0
142,2014-04,4805.0
142,2014-05,4672.0
142,2014-06,4816.0
142,2014-07,4410.0
142,2014-08,4143.0
142,2014-09,4403.0
142,2014-10,4398.0
142,2014-11,4886.0
142,2014-12,5417.0
142,2015-01,4542.0
142,2015-02,4596.0
142,2015-03,4728.0
142,2015-04,4785.0
142,2015-05,4780.0
142,2015-06,4618.0
142,2015-07,4355.0
143,2013-01,5277.0
143,2013-02,5582.0
143,2013-03,6221.0
143,2013-04,5787.0
143,2013-05,6350.0
143,2013-06,5803.0
143,2013-07,6166.0
143,2013-08,5841.0
143,2013-09,5533.0
143,2013-10,5516.0
143,2013-11,6095.0
143,2013-12,7701.0
143,2014-01,5875.0
143,2014-02,6204.0
143,2014-03,6106.0
143,2014-04,6604.0
143,2014-05,6368.0
143,2014-06,6722.0
143,2014-07,6333.0
143,2014-08,6089.0
143,2014-09,6662.0
143,2014-10,6773.0
143,2014-11,7347.0
143,2014-12,7749.0
143,2015-01,6269.0
143,2015-02,6238.0
143,2015-03,6393.0
143,2015-04,6716.0
143,2015-05,6622.0
143,2015-06,6551.0
143,2015-07,6519.0
144,2013-01,7172.0
144,2013-02,7104.0
144,2013-03,7921.0
144,2013-04,6954.0
144,2013-05,8246.0
144,2013-06,7333.0
144,2013-07,8006.0
144,2013-08,8270.0
144,2013-09,7735.0
144,2013-10,7489.0
144,2013-11,7969.0
144,2013-12,11700.0
144,2014-01,7553.0
144,2014-02,7366.0
144,2014-03,7044.0
144,2014-04,7921.0
144,2014-05,7731.0
144,2014-06,7733.0
144,2015-01,7464.0
144,2015-02,6946.0
144,2015-03,7033.0
144,2015-04,7554.0
144,2015-05,7501.0
144,2015-06,7723.0
144,2015-07,7637.0
145,2013-01,8521.0
145,2013-02,8182.0
145,2013-03,9140.0
145,2013-04,8795.0
145,2013-05,9044.0
145,2013-06,8302.0
145,2013-07,8963.0
145,2013-08,8080.0
145,2013-09,8021.0
145,2013-10,8877.0
145,2013-11,9251.0
145,2013-12,10821.0
145,2014-01,7770.0
145,2014-02,7931.0
145,2014-03,8900.0
145,2014-04,8578.0
145,2014-05,7506.0
145,2014-06,7563.0
145,2015-01,7906.0
145,2015-02,7318.0
145,2015-03,7595.0
145,2015-04,8143.0
145,2015-05,7687.0
145,2015-06,7756.0
145,2015-07,8122.0
146,2013-01,6379.0
146,2013-02,6812.0
146,2013-03,7839.0
146,2013-04,7045.0
146,2013-05,7549.0
146,2013-06,6899.0
146,2013-07,7309.0
146,2013-08,6741.0
146,2013-09,6781.0
146,2013-10,6974.0
146,2013-11,7593.0
146,2013-12,9571.0
146,2014-01,7232.0
146,2014-02,7322.0
146,2014-03,7542.0
146,2014-04,8046.0
146,2014-05,7758.0
146,2014-06,8561.0
146,2014-07,7638.0
146,2014-08,7566.0
146,2014-09,7900.0
146,2014-10,7842.0
146,2014-11,8723.0
146,2014-12,10147.0
146,2015-01,8302.0
146,2015-02,7817.0
146,2015-03,8483.0
146,2015-04,8704.0
146,2015-05,8534.0
146,2015-06,8954.0
146,2015-07,8029.0
147,2013-01,7232.0
147,2013-02,7602.0
147,2013-03,8632.0
147,2013-04,7587.0
147,2013-05,8413.0
147,2013-06,7607.0
147,2013-07,8118.0
147,2013-08,7553.0
147,2013-09,7551.0
147,2013-10,7607.0
147,2013-11,8067.0
147,2013-12,10418.0
147,2014-01,7703.0
147,2014-02,8055.0
147,2014-03,7939.0
147,2014-04,8583.0
147,2014-05,8396.0
147,2014-06,8707.0
147,2014-07,7839.0
147,2014-08,7914.0
147,2014-09,7879.0
147,2014-10,7897.0
147,2014-11,8745.0
147,2014-12,10369.0
147,2015-01,8332.0
147,2015-02,8017.0
147,2015-03,8228.0
147,2015-04,8494.0
147,2015-05,8725.0
147,2015-06,8709.0
147,2015-07,8093.0
148,2013-01,8122.0
148,2013-02,8238.0
148,2013-03,8957.0
148,2013-04,8454.0
148,2013-05,8954.0
148,2013-06,8319.0
148,2013-07,7958.0
148,2013-08,8129.0
148,2013-09,7907.0
148,2013-10,8036.0
148,2013-11,8719.0
148,2013-12,9986.0
148,2014-01,8108.0
148,2014-02,8278.0
148,2014-03,8374.0
148,2014-04,9105.0
148,2014-05,8719.0
148,2014-06,8853.0
148,2014-07,8323.0
148,2014-08,7844.0
148,2014-09,8359.0
148,2014-10,8316.0
148,2014-11,9294.0
148,2014-12,9952.0
148,2015-01,8570.0
148,2015-02,8388.0
148,2015-03,9023.0
148,2015-04,9366.0
148,2015-05,9396.0
148,2015-06,9309.0
148,2015-07,8794.0
149,2013-01,5140.0
149,2013-02,4842.0
149,2013-03,5706.0
149,2013-04,5205.0
149,2013-05,5828.0
149,2013-06,5236.0
149,2013-07,5935.0
149,2013-08,5800.0
149,2013-09,5313.0
149,2013-10,5188.0
149,2013-11,5304.0
149,2013-12,6996.0
149,2014-01,5662.0
149,2014-02,5412.0
149,2014-03,5363.0
149,2014-04,5753.0
149,2014-05,5597.0
149,2014-06,6115.0
149,2015-01,5701.0
149,2015-02,4997.0
149,2015-03,5572.0
149,2015-04,5616.0
149,2015-05,5475.0
149,2015-06,5890.0
149,2015-07,5605.0
150,2013-01,7000.0
150,2013-02,7134.0
150,2013-03,8518.0
150,2013-04,7316.0
150,2013-05,7804.0
150,2013-06,7520.0
150,2013-07,7963.0
150,2013-08,8483.0
150,2013-09,7371.0
150,2013-10,7344.0
150,2013-11,8821.0
150,2013-12,10665.0
150,2014-01,7801.0
150,2014-02,7679.0
150,2014-03,7755.0
150,2014-04,8746.0
150,2014-05,8494.0
150,2014-06,8568.0
150,2014-07,8246.0
150,2014-08,9148.0
150,2014-09,8258.0
150,2014-10,8082.0
150,2014-11,9492.0
150,2014-12,11572.0
150,2015-01,8514.0
150,2015-02,8169.0
150,2015-03,8829.0
150,2015-04,9167.0
150,2015-05,8944.0
150,2015-06,8572.0
150,2015-07,9115.0
151,2013-01,5713.0
151,2013-02,5962.0
151,2013-03,6933.0
151,2013-04,5932.0
151,2013-05,6378.0
151,2013-06,6091.0
151,2013-07,6770.0
151,2013-08,6127.0
151,2013-09,6098.0
151,2013-10,6372.0
151,2013-11,6748.0
151,2013-12,8236.0
151,2014-01,6445.0
151,2014-02,6378.0
151,2014-03,6411.0
151,2014-04,7135.0
151,2014-05,6779.0
151,2014-06,6732.0
151,2014-07,6468.0
151,2014-08,6131.0
151,2014-09,6578.0
151,2014-10,6759.0
151,2014-11,7270.0
151,2014-12,8490.0
151,2015-01,7233.0
151,2015-02,6607.0
151,2015-03,7239.0
151,2015-04,7610.0
151,2015-05,7447.0
151,2015-06,7354.0
151,2015-07,7180.0
152,2013-01,5033.0
152,2013-02,5212.0
152,2013-03,5826.0
152,2013-04,5512.0
152,2013-05,5828.0
152,2013-06,5091.0
152,2013-07,5875.0
152,2013-08,5024.0
152,2013-09,4962.0
152,2013-10,5112.0
152,2013-11,5313.0
152,2013-12,6409.0
152,2014-01,5338.0
152,2014-02,5405.0
152,2014-03,5388.0
152,2014-04,5945.0
152,2014-05,5558.0
152,2014-06,5975.0
152,2014-07,5524.0
152,2014-08,4994.0
152,2014-09,5384.0
152,2014-10,5319.0
152,2014-11,5992.0
152,2014-12,6230.0
152,2015-01,5611.0
152,2015-02,5518.0
152,2015-03,5783.0
152,2015-04,5843.0
152,2015-05,5713.0
152,2015-06,5860.0
152,2015-07,5454.0
153,2013-01,6659.0
153,2013-02,6837.0
153,2013-03,7467.0
153,2013-04,7057.0
153,2013-05,7867.0
153,2013-06,6672.0
153,2013-07,7698.0
153,2013-08,6638.0
153,2013-09,6519.0
153,2013-10,6765.0
153,2013-11,7055.0
153,2013-12,9062.0
153,2014-01,7020.0
153,2014-02,7109.0
153,2014-03,6776.0
153,2014-04,7559.0
153,2014-05,7221.0
153,2014-06,7912.0
153,2014-07,7210.0
153,2014-08,6709.0
153,2014-09,6846.0
153,2014-10,7092.0
153,2014-11,7950.0
153,2014-12,8637.0
153,2015-01,6506.0
153,2015-02,5988.0
153,2015-03,6285.0
153,2015-04,6805.0
153,2015-05,6610.0
153,2015-06,6832.0
153,2015-07,6047.0
154,2013-01,6945.0
154,2013-02,7377.0
154,2013-03,8863.0
154,2013-04,7602.0
154,2013-05,8513.0
154,2013-06,7660.0
154,2013-07,8469.0
154,2013-08,8189.0
154,2013-09,7581.0
154,2013-10,7809.0
154,2013-11,8568.0
154,2013-12,11512.0
154,2014-01,8005.0
154,2014-02,8319.0
154,2014-03,8301.0
154,2014-04,9291.0
154,2014-05,8775.0
154,2014-06,9295.0
154,2014-07,9012.0
154,2014-08,8438.0
154,2014-09,8843.0
154,2014-10,8390.0
154,2014-11,9515.0
154,2014-12,11687.0
154,2015-01,8917.0
154,2015-02,8449.0
154,2015-03,9179.0
154,2015-04,9654.0
154,2015-05,9460.0
154,2015-06,9560.0
154,2015-07,9037.0
155,2013-01,5889.0
155,2013-02,6131.0
155,2013-03,7067.0
155,2013-04,6558.0
155,2013-05,7259.0
155,2013-06,6572.0
155,2013-07,7010.0
155,2013-08,6373.0
155,2013-09,6204.0
155,2013-10,6209.0
155,2013-11,6745.0
155,2013-12,8147.0
155,2014-01,6632.0
155,2014-02,6688.0
155,2014-03,6962.0
155,2014-04,7390.0
155,2014-05,7184.0
155,2014-06,7270.0
155,2015-01,7415.0
155,2015-02,7130.0
155,2015-03,7153.0
155,2015-04,7339.0
155,2015-05,7331.0
155,2015-06,7381.0
155,2015-07,6410.0
156,2013-01,6624.0
156,2013-02,6782.0
156,2013-03,7584.0
156,2013-04,6628.0
156,2013-05,7206.0
156,2013-06,6368.0
156,2013-07,7216.0
156,2013-08,6885.0
156,2013-09,6388.0
156,2013-10,6525.0
156,2013-11,6975.0
156,2013-12,9675.0
156,2014-01,6301.0
156,2014-02,6655.0
156,2014-03,6513.0
156,2014-04,7202.0
156,2014-05,6675.0
156,2014-06,7082.0
156,2014-07,6757.0
156,2014-08,6418.0
156,2014-09,6630.0
156,2014-10,6636.0
156,2014-11,7429.0
156,2014-12,8982.0
156,2015-01,6726.0
156,2015-02,6429.0
156,2015-03,6887.0
156,2015-04,7169.0
156,2015-05,6950.0
156,2015-06,7035.0
156,2015-07,6699.0
157,2013-01,8789.0
157,2013-02,9142.0
157,2013-03,9923.0
157,2013-04,9229.0
157,2013-05,10173.0
157,2013-06,9033.0
157,2013-07,9931.0
157,2013-08,9271.0
157,2013-09,9186.0
157,2013-10,8814.0
157,2013-11,9287.0
157,2013-12,11971.0
157,2014-01,9247.0
157,2014-02,9486.0
157,2014-03,9129.0
157,2014-04,9951.0
157,2014-05,9587.0
157,2014-06,10373.0
157,2014-07,9610.0
157,2014-08,9280.0
157,2014-09,9487.0
157,2014-10,9119.0
157,2014-11,10257.0
157,2014-12,11785.0
157,2015-01,9462.0
157,2015-02,9462.0
157,2015-03,9862.0
157,2015-04,10352.0
157,2015-05,10233.0
157,2015-06,10672.0
157,2015-07,9733.0
158,2013-01,6954.0
158,2013-02,7117.0
158,2013-03,8003.0
158,2013-04,7403.0
158,2013-05,7996.0
158,2013-06,7421.0
158,2013-07,8051.0
158,2013-08,7847.0
158,2013-09,7207.0
158,2013-10,7727.0
158,2013-11,8104.0
158,2013-12,9748.0
158,2014-01,7985.0
158,2014-02,7955.0
158,2014-03,7818.0
158,2014-04,9149.0
158,2014-05,8528.0
158,2014-06,8849.0
158,2014-07,8146.0
158,2014-08,8286.0
158,2014-09,7781.0
158,2014-10,8347.0
158,2014-11,8478.0
158,2014-12,9355.0
158,2015-01,8214.0
158,2015-02,7906.0
158,2015-03,8032.0
158,2015-04,8848.0
158,2015-05,8799.0
158,2015-06,8469.0
158,2015-07,8607.0
159,2013-01,7514.0
159,2013-02,7544.0
159,2013-03,8034.0
159,2013-04,7461.0
159,2013-05,8196.0
159,2013-06,7422.0
159,2013-07,8147.0
159,2013-08,7458.0
159,2013-09,7068.0
159,2013-10,7390.0
159,2013-11,7720.0
159,2013-12,9220.0
159,2014-01,7272.0
159,2014-02,7393.0
159,2014-03,7414.0
159,2014-04,8086.0
159,2014-05,7964.0
159,2014-06,8340.0
159,2015-01,7898.0
159,2015-02,7073.0
159,2015-03,7542.0
159,2015-04,7863.0
159,2015-05,7940.0
159,2015-06,8059.0
159,2015-07,7852.0
160,2013-01,5289.0
160,2013-02,5325.0
160,2013-03,5998.0
160,2013-04,5346.0
160,2013-05,5960.0
160,2013-06,5258.0
160,2013-07,5767.0
160,2013-08,5795.0
160,2013-09,5245.0
160,2013-10,5242.0
160,2013-11,5711.0
160,2013-12,7500.0
160,2014-01,5322.0
160,2014-02,5458.0
160,2014-03,5403.0
160,2014-04,6102.0
160,2014-05,5740.0
160,2014-06,5946.0
160,2014-07,5775.0
160,2014-08,5607.0
160,2014-09,5656.0
160,2014-10,5303.0
160,2014-11,5966.0
160,2014-12,7268.0
160,2015-01,5523.0
160,2015-02,5364.0
160,2015-03,5638.0
160,2015-04,5986.0
160,2015-05,5843.0
160,2015-06,5779.0
160,2015-07,5725.0
161,2013-01,6456.0
161,2013-02,6803.0
161,2013-03,7435.0
161,2013-04,7007.0
161,2013-05,7336.0
161,2013-06,6730.0
161,2013-07,7300.0
161,2013-08,6478.0
161,2013-09,6588.0
161,2013-10,6709.0
161,2013-11,7242.0
161,2013-12,8588.0
161,2014-01,6916.0
161,2014-02,7034.0
161,2014-03,6808.0
161,2014-04,7518.0
161,2014-05,7362.0
161,2014-06,7548.0
161,2014-07,6945.0
161,2014-08,6839.0
161,2014-09,6989.0
161,2014-10,6967.0
161,2014-11,8100.0
161,2014-12,8743.0
161,2015-01,7293.0
161,2015-02,7196.0
161,2015-03,7447.0
161,2015-04,7644.0
161,2015-05,8122.0
161,2015-06,7924.0
161,2015-07,7157.0
162,2013-01,6573.0
162,2013-02,6939.0
162,2013-03,8377.0
162,2013-04,7123.0
162,2013-05,8165.0
162,2013-06,7240.0
162,2013-07,7861.0
162,2013-08,7650.0
162,2013-09,6915.0
162,2013-10,6878.0
162,2013-11,7358.0
162,2013-12,9629.0
162,2014-01,7179.0
162,2014-02,7174.0
162,2014-03,7877.0
162,2014-04,8213.0
162,2014-05,7763.0
162,2014-06,8406.0
162,2014-07,7740.0
162,2014-08,7444.0
162,2014-09,7815.0
162,2014-10,7459.0
162,2014-11,8489.0
162,2014-12,9971.0
162,2015-01,7562.0
162,2015-02,7088.0
162,2015-03,7960.0
162,2015-04,8068.0
162,2015-05,7925.0
162,2015-06,8321.0
162,2015-07,7902.0
163,2013-01,9633.0
163,2013-02,9942.0
163,2013-03,10929.0
163,2013-04,8297.0
163,2013-05,7431.0
163,2013-06,6971.0
163,2013-07,6786.0
163,2013-08,6805.0
163,2013-09,6758.0
163,2013-10,6889.0
163,2013-11,7026.0
163,2013-12,7898.0
163,2014-01,6736.0
163,2014-02,6931.0
163,2014-03,6853.0
163,2014-04,7594.0
163,2014-05,7084.0
163,2014-06,7406.0
163,2014-07,7012.0
163,2014-08,6320.0
163,2014-09,6661.0
163,2014-10,6662.0
163,2014-11,6864.0
163,2014-12,7342.0
163,2015-01,6491.0
163,2015-02,6534.0
163,2015-03,6927.0
163,2015-04,7242.0
163,2015-05,7140.0
163,2015-06,6932.0
163,2015-07,6546.0
164,2013-01,5757.0
164,2013-02,5860.0
164,2013-03,6827.0
164,2013-04,5903.0
164,2013-05,6332.0
164,2013-06,5642.0
164,2013-07,5989.0
164,2013-08,5401.0
164,2013-09,5471.0
164,2013-10,5290.0
164,2013-11,5802.0
164,2013-12,7545.0
164,2014-01,5816.0
164,2014-02,5823.0
164,2014-03,6297.0
164,2014-04,6320.0
164,2014-05,6098.0
164,2014-06,6852.0
164,2015-01,6353.0
164,2015-02,6174.0
164,2015-03,6787.0
164,2015-04,6737.0
164,2015-05,6818.0
164,2015-06,7082.0
164,2015-07,6522.0
165,2013-01,3613.0
165,2013-02,3789.0
165,2013-03,4254.0
165,2013-04,3983.0
165,2013-05,4231.0
165,2013-06,4043.0
165,2013-07,4174.0
165,2013-08,3761.0
165,2013-09,3736.0
165,2013-10,3904.0
165,2013-11,4100.0
165,2013-12,4872.0
165,2014-01,3852.0
165,2014-02,3970.0
165,2014-03,3913.0
165,2014-04,4104.0
165,2014-05,4013.0
165,2014-06,4273.0
165,2015-01,3858.0
165,2015-02,3671.0
165,2015-03,4021.0
165,2015-04,3932.0
165,2015-05,3988.0
165,2015-06,3983.0
165,2015-07,3957.0
166,2013-01,5253.0
166,2013-02,5697.0
166,2013-03,6446.0
166,2013-04,5291.0
166,2013-05,5869.0
166,2013-06,5505.0
166,2013-07,5967.0
166,2013-08,5713.0
166,2013-09,5355.0
166,2013-10,5619.0
166,2013-11,6096.0
166,2013-12,9254.0
166,2014-01,5873.0
166,2014-02,6074.0
166,2014-03,5954.0
166,2014-04,5893.0
166,2014-05,5259.0
166,2014-06,5727.0
166,2014-07,5581.0
166,2014-08,5499.0
166,2014-09,5322.0
166,2014-10,5302.0
166,2014-11,5927.0
166,2014-12,7837.0
166,2015-01,5035.0
166,2015-02,5188.0
166,2015-03,5330.0
166,2015-04,5792.0
166,2015-05,5710.0
166,2015-06,5896.0
166,2015-07,5417.0
167,2013-01,7877.0
167,2013-02,8293.0
167,2013-03,9261.0
167,2013-04,8028.0
167,2013-05,8695.0
167,2013-06,7851.0
167,2013-07,9238.0
167,2013-08,8685.0
167,2013-09,8089.0
167,2013-10,8425.0
167,2013-11,9468.0
167,2013-12,13142.0
167,2014-01,8483.0
167,2014-02,8923.0
167,2014-03,8769.0
167,2014-04,9797.0
167,2014-05,9050.0
167,2014-06,9403.0
167,2014-07,9337.0
167,2014-08,8734.0
167,2014-09,9100.0
167,2014-10,9344.0
167,2014-11,10748.0
167,2014-12,12862.0
167,2015-01,9488.0
167,2015-02,8819.0
167,2015-03,9467.0
167,2015-04,10157.0
167,2015-05,9740.0
167,2015-06,9672.0
167,2015-07,9486.0
168,2013-01,6580.0
168,2013-02,6751.0
168,2013-03,7481.0
168,2013-04,7110.0
168,2013-05,7521.0
168,2013-06,6698.0
168,2013-07,7686.0
168,2013-08,6953.0
168,2013-09,6793.0
168,2013-10,6935.0
168,2013-11,7295.0
168,2013-12,9870.0
168,2014-01,7138.0
168,2014-02,7307.0
168,2014-03,7235.0
168,2014-04,8002.0
168,2014-05,7466.0
168,2014-06,7856.0
168,2014-07,7572.0
168,2014-08,7145.0
168,2014-09,7070.0
168,2014-10,7261.0
168,2014-11,7999.0
168,2014-12,9581.0
168,2015-01,7549.0
168,2015-02,7243.0
168,2015-03,7705.0
168,2015-04,7931.0
168,2015-05,7736.0
168,2015-06,7808.0
168,2015-07,7996.0
169,2013-01,7397.0
169,2013-02,7444.0
169,2013-03,8291.0
169,2013-04,7521.0
169,2013-05,8199.0
169,2013-06,7550.0
169,2013-07,8203.0
169,2013-08,7262.0
169,2013-09,7221.0
169,2013-10,7212.0
169,2013-11,7694.0
169,2013-12,9340.0
169,2014-01,7364.0
169,2014-02,7479.0
169,2014-03,7564.0
169,2014-04,8120.0
169,2014-05,8274.0
169,2014-06,8701.0
169,2014-07,9148.0
169,2014-08,6333.0
169,2014-09,5697.0
169,2014-10,5795.0
169,2014-11,6475.0
169,2014-12,7073.0
169,2015-01,6146.0
169,2015-02,5730.0
169,2015-03,5968.0
169,2015-04,6279.0
169,2015-05,6099.0
169,2015-06,6326.0
169,2015-07,5755.0
170,2013-01,4789.0
170,2013-02,4890.0
170,2013-03,5461.0
170,2013-04,5413.0
170,2013-05,5709.0
170,2013-06,5165.0
170,2013-07,5631.0
170,2013-08,5123.0
170,2013-09,4681.0
170,2013-10,4819.0
170,2013-11,4806.0
170,2013-12,6400.0
170,2014-01,4794.0
170,2014-02,4634.0
170,2014-03,4708.0
170,2014-04,5342.0
170,2014-05,4923.0
170,2014-06,5391.0
170,2014-07,4747.0
170,2014-08,4603.0
170,2014-09,4864.0
170,2014-10,4818.0
170,2014-11,5254.0
170,2014-12,6035.0
170,2015-01,4805.0
170,2015-02,4576.0
170,2015-03,4970.0
170,2015-04,5284.0
170,2015-05,4463.0
170,2015-06,4313.0
170,2015-07,4091.0
171,2013-01,8018.0
171,2013-02,8170.0
171,2013-03,8970.0
171,2013-04,8256.0
171,2013-05,8540.0
171,2013-06,7531.0
171,2013-07,8329.0
171,2013-08,7383.0
171,2013-09,7576.0
171,2013-10,7776.0
171,2013-11,8530.0
171,2013-12,10198.0
171,2014-01,8110.0
171,2014-02,8144.0
171,2014-03,8174.0
171,2014-04,8828.0
171,2014-05,8464.0
171,2014-06,9083.0
171,2014-07,8190.0
171,2014-08,7749.0
171,2014-09,8315.0
171,2014-10,8304.0
171,2014-11,9565.0
171,2014-12,10109.0
171,2015-01,8314.0
171,2015-02,7947.0
171,2015-03,8722.0
171,2015-04,8836.0
171,2015-05,8887.0
171,2015-06,8958.0
171,2015-07,7789.0
172,2013-01,6625.0
172,2013-02,9820.0
172,2013-03,9291.0
172,2013-04,6401.0
172,2013-05,6567.0
172,2013-06,6332.0
172,2013-07,6438.0
172,2013-08,5964.0
172,2013-09,6027.0
172,2013-10,6608.0
172,2013-11,7045.0
172,2013-12,7628.0
172,2014-01,6475.0
172,2014-02,6713.0
172,2014-03,6355.0
172,2014-04,6876.0
172,2014-05,6676.0
172,2014-06,6797.0
172,2015-01,7131.0
172,2015-02,6880.0
172,2015-03,7326.0
172,2015-04,7336.0
172,2015-05,7281.0
172,2015-06,7205.0
172,2015-07,6981.0
173,2013-01,7922.0
173,2013-02,8212.0
173,2013-03,8871.0
173,2013-04,8580.0
173,2013-05,9088.0
173,2013-06,8481.0
173,2013-07,8187.0
173,2013-08,7837.0
173,2013-09,7890.0
173,2013-10,7898.0
173,2013-11,8058.0
173,2013-12,9681.0
173,2014-01,7656.0
173,2014-02,8063.0
173,2014-03,8140.0
173,2014-04,8864.0
173,2014-05,8341.0
173,2014-06,8510.0
173,2014-07,8291.0
173,2014-08,7595.0
173,2014-09,7859.0
173,2014-10,7848.0
173,2014-11,8222.0
173,2014-12,8696.0
173,2015-01,7736.0
173,2015-02,7505.0
173,2015-03,8099.0
173,2015-04,8621.0
173,2015-05,8244.0
173,2015-06,8203.0
173,2015-07,8291.0
174,2013-01,5091.0
174,2013-02,5292.0
174,2013-03,5455.0
174,2013-04,5428.0
174,2013-05,6083.0
174,2013-06,5681.0
174,2013-07,6097.0
174,2013-08,5984.0
174,2013-09,5352.0
174,2013-10,5508.0
174,2013-11,6113.0
174,2013-12,7152.0
174,2014-01,5605.0
174,2014-02,5579.0
174,2014-03,5556.0
174,2014-04,6141.0
174,2014-05,6373.0
174,2014-06,6465.0
174,2015-01,6262.0
174,2015-02,5729.0
174,2015-03,6090.0
174,2015-04,6218.0
174,2015-05,6596.0
174,2015-06,6597.0
174,2015-07,6124.0
175,2013-01,4999.0
175,2013-02,5377.0
175,2013-03,5834.0
175,2013-04,5620.0
175,2013-05,5992.0
175,2013-06,5670.0
175,2013-07,5284.0
175,2013-08,5212.0
175,2013-09,5363.0
175,2013-10,5186.0
175,2013-11,5468.0
175,2013-12,6713.0
175,2014-01,5260.0
175,2014-02,5616.0
175,2014-03,5533.0
175,2014-04,6304.0
175,2014-05,5958.0
175,2014-06,6196.0
175,2014-07,5708.0
175,2014-08,5400.0
175,2014-09,5806.0
175,2014-10,5636.0
175,2014-11,6187.0
175,2014-12,6781.0
175,2015-01,5541.0
175,2015-02,5798.0
175,2015-03,5819.0
175,2015-04,6548.0
175,2015-05,6354.0
175,2015-06,6196.0
175,2015-07,6263.0
176,2013-01,5059.0
176,2013-02,5061.0
176,2013-03,5534.0
176,2013-04,5193.0
176,2013-05,5487.0
176,2013-06,4980.0
176,2013-07,5440.0
176,2013-08,4778.0
176,2013-09,4768.0
176,2013-10,5043.0
176,2013-11,5330.0
176,2013-12,6733.0
176,2014-01,5104.0
176,2014-02,5189.0
176,2014-03,5103.0
176,2014-04,5659.0
176,2014-05,5109.0
176,2014-06,5504.0
176,2014-07,5012.0
176,2014-08,4701.0
176,2014-09,5028.0
176,2014-10,5025.0
176,2014-11,5818.0
176,2014-12,6335.0
176,2015-01,5139.0
176,2015-02,5160.0
176,2015-03,5229.0
176,2015-04,5536.0
176,2015-05,5409.0
176,2015-06,5539.0
176,2015-07,4913.0
177,2013-01,3787.0
177,2013-02,3960.0
177,2013-03,4148.0
177,2013-04,4062.0
177,2013-05,4101.0
177,2013-06,3755.0
177,2013-07,4291.0
177,2013-08,3323.0
177,2013-09,3535.0
177,2013-10,3837.0
177,2013-11,3897.0
177,2013-12,4666.0
177,2014-01,4037.0
177,2014-02,3935.0
177,2014-03,3935.0
177,2014-04,4375.0
177,2014-05,4041.0
177,2014-06,4190.0
177,2014-07,4146.0
177,2014-08,3811.0
177,2014-09,4045.0
177,2014-10,3941.0
177,2014-11,3895.0
177,2014-12,4428.0
177,2015-01,3996.0
177,2015-02,3711.0
177,2015-03,4100.0
177,2015-04,4490.0
177,2015-05,4028.0
177,2015-06,3781.0
177,2015-07,3697.0
178,2013-01,8768.0
178,2013-02,8673.0
178,2013-03,9969.0
178,2013-04,9164.0
178,2013-05,9930.0
178,2013-06,8860.0
178,2013-07,9745.0
178,2013-08,9111.0
178,2013-09,9009.0
178,2013-10,9257.0
178,2013-11,10231.0
178,2013-12,12558.0
178,2014-01,9476.0
178,2014-02,9639.0
178,2014-03,9587.0
178,2014-04,10766.0
178,2014-05,10337.0
178,2014-06,10774.0
178,2014-07,10151.0
178,2014-08,9554.0
178,2014-09,10148.0
178,2014-10,10221.0
178,2014-11,11687.0
178,2014-12,12890.0
178,2015-01,10647.0
178,2015-02,9919.0
178,2015-03,10776.0
178,2015-04,10473.0
178,2015-05,10288.0
178,2015-06,10354.0
178,2015-07,10141.0
179,2013-01,6075.0
179,2013-02,6460.0
179,2013-03,7501.0
179,2013-04,6650.0
179,2013-05,7000.0
179,2013-06,6359.0
179,2013-07,7116.0
179,2013-08,6564.0
179,2013-09,6261.0
179,2013-10,6662.0
179,2013-11,7085.0
179,2013-12,9634.0
179,2014-01,6854.0
179,2014-02,7200.0
179,2014-03,7326.0
179,2014-04,7761.0
179,2014-05,7184.0
179,2014-06,7802.0
179,2014-07,6992.0
179,2014-08,7221.0
179,2014-09,7166.0
179,2014-10,7045.0
179,2014-11,8313.0
179,2014-12,9338.0
179,2015-01,7164.0
179,2015-02,7271.0
179,2015-03,7581.0
179,2015-04,8041.0
179,2015-05,7882.0
179,2015-06,7914.0
179,2015-07,7151.0
180,2013-01,6345.0
180,2013-02,6948.0
180,2013-03,7571.0
180,2013-04,7150.0
180,2013-05,7630.0
180,2013-06,7017.0
180,2013-07,7007.0
180,2013-08,7155.0
180,2013-09,6730.0
180,2013-10,6752.0
180,2013-11,6946.0
180,2013-12,8499.0
180,2014-01,6581.0
180,2014-02,7044.0
180,2014-03,7225.0
180,2014-04,7960.0
180,2014-05,7394.0
180,2014-06,7836.0
180,2014-07,6834.0
180,2014-08,6516.0
180,2014-09,6850.0
180,2014-10,6890.0
180,2014-11,7381.0
180,2014-12,8196.0
180,2015-01,6984.0
180,2015-02,6948.0
180,2015-03,7174.0
180,2015-04,7973.0
180,2015-05,7797.0
180,2015-06,7417.0
180,2015-07,7427.0
181,2013-01,5618.0
181,2013-02,5667.0
181,2013-03,6796.0
181,2013-04,6299.0
181,2013-05,6667.0
181,2013-06,5922.0
181,2013-07,6517.0
181,2013-08,6152.0
181,2013-09,5949.0
181,2013-10,6042.0
181,2013-11,6400.0
181,2013-12,8404.0
181,2014-01,6404.0
181,2014-02,6395.0
181,2014-03,6300.0
181,2014-04,6727.0
181,2014-05,6445.0
181,2014-06,7174.0
181,2015-01,6271.0
181,2015-02,5696.0
181,2015-03,6409.0
181,2015-04,6460.0
181,2015-05,6282.0
181,2015-06,6584.0
181,2015-07,6180.0
182,2013-01,4040.0
182,2013-02,4482.0
182,2013-03,5304.0
182,2013-04,4499.0
182,2013-05,5060.0
182,2013-06,4476.0
182,2013-07,4751.0
182,2013-08,4691.0
182,2013-09,4619.0
182,2013-10,4432.0
182,2013-11,5099.0
182,2013-12,6622.0
182,2014-01,4769.0
182,2014-02,5311.0
182,2014-03,5090.0
182,2014-04,5556.0
182,2014-05,5735.0
182,2014-06,5718.0
182,2014-07,5333.0
182,2014-08,5420.0
182,2014-09,5388.0
182,2014-10,5482.0
182,2014-11,5995.0
182,2014-12,6774.0
182,2015-01,5528.0
182,2015-02,5392.0
182,2015-03,5861.0
182,2015-04,5968.0
182,2015-05,5881.0
182,2015-06,5811.0
182,2015-07,5621.0
183,2013-01,3983.0
183,2013-02,4069.0
183,2013-03,4644.0
183,2013-04,4339.0
183,2013-05,4806.0
183,2013-06,4351.0
183,2013-07,4877.0
183,2013-08,4765.0
183,2013-09,4803.0
183,2013-10,4822.0
183,2013-11,4509.0
183,2013-12,5311.0
183,2014-01,4304.0
183,2014-02,4373.0
183,2014-03,4642.0
183,2014-04,5002.0
183,2014-05,4938.0
183,2014-06,5214.0
183,2015-01,4443.0
183,2015-02,4235.0
183,2015-03,4654.0
183,2015-04,5079.0
183,2015-05,5257.0
183,2015-06,10529.0
183,2015-07,5340.0
184,2013-01,6026.0
184,2013-02,6564.0
184,2013-03,6965.0
184,2013-04,6399.0
184,2013-05,7050.0
184,2013-06,6412.0
184,2013-07,7094.0
184,2013-08,6264.0
184,2013-09,6343.0
184,2013-10,6067.0
184,2013-11,6212.0
184,2013-12,7746.0
184,2014-01,6174.0
184,2014-02,6511.0
184,2014-03,6572.0
184,2014-04,6987.0
184,2014-05,6609.0
184,2014-06,6816.0
184,2014-07,6198.0
184,2014-08,6214.0
184,2014-09,6202.0
184,2014-10,6141.0
184,2014-11,6909.0
184,2014-12,7622.0
184,2015-01,6517.0
184,2015-02,6265.0
184,2015-03,6573.0
184,2015-04,6867.0
184,2015-05,7035.0
184,2015-06,7028.0
184,2015-07,6348.0
185,2013-01,6473.0
185,2013-02,6478.0
185,2013-03,7525.0
185,2013-04,6808.0
185,2013-05,7314.0
185,2013-06,6621.0
185,2013-07,6688.0
185,2013-08,6765.0
185,2013-09,6284.0
185,2013-10,6342.0
185,2013-11,6845.0
185,2013-12,8715.0
185,2014-01,6645.0
185,2014-02,6566.0
185,2014-03,6750.0
185,2014-04,7659.0
185,2014-05,7237.0
185,2014-06,7518.0
185,2014-07,7095.0
185,2014-08,7090.0
185,2014-09,6965.0
185,2014-10,7038.0
185,2014-11,7910.0
185,2014-12,9187.0
185,2015-01,7674.0
185,2015-02,6945.0
185,2015-03,8153.0
185,2015-04,8291.0
185,2015-05,7523.0
185,2015-06,6901.0
185,2015-07,6600.0
186,2013-01,3577.0
186,2013-02,3561.0
186,2013-03,3946.0
186,2013-04,3640.0
186,2013-05,3780.0
186,2013-06,3469.0
186,2013-07,3834.0
186,2013-08,3580.0
186,2013-09,3290.0
186,2013-10,3600.0
186,2013-11,3796.0
186,2013-12,4680.0
186,2014-01,3523.0
186,2014-02,3564.0
186,2014-03,3430.0
186,2014-04,3854.0
186,2014-05,3622.0
186,2014-06,3740.0
186,2015-01,4094.0
186,2015-02,3657.0
186,2015-03,4186.0
186,2015-04,4063.0
186,2015-05,3986.0
186,2015-06,4205.0
186,2015-07,3961.0
187,2013-01,5621.0
187,2013-02,5882.0
187,2013-03,6625.0
187,2013-04,5882.0
187,2013-05,6244.0
187,2013-06,5898.0
187,2013-07,6352.0
187,2013-08,6485.0
187,2013-09,5673.0
187,2013-10,5735.0
187,2013-11,6211.0
187,2013-12,8357.0
187,2014-01,5744.0
187,2014-02,6116.0
187,2014-03,5879.0
187,2014-04,6449.0
187,2014-05,6071.0
187,2014-06,6316.0
187,2014-07,6198.0
187,2014-08,6427.0
187,2014-09,6077.0
187,2014-10,6016.0
187,2014-11,6656.0
187,2014-12,8158.0
187,2015-01,6021.0
187,2015-02,5846.0
187,2015-03,6225.0
187,2015-04,6656.0
187,2015-05,6331.0
187,2015-06,6279.0
187,2015-07,6398.0
188,2013-01,4424.0
188,2013-02,4401.0
188,2013-03,5004.0
188,2013-04,4577.0
188,2013-05,4919.0
188,2013-06,4220.0
188,2013-07,4843.0
188,2013-08,4396.0
188,2013-09,4243.0
188,2013-10,4416.0
188,2013-11,4921.0
188,2013-12,5716.0
188,2014-01,4757.0
188,2014-02,4910.0
188,2014-03,4642.0
188,2014-04,5229.0
188,2014-05,5085.0
188,2014-06,5009.0
188,2014-07,4761.0
188,2014-08,4897.0
188,2014-09,4636.0
188,2014-10,5085.0
188,2014-11,5742.0
188,2014-12,6127.0
188,2015-01,5440.0
188,2015-02,4972.0
188,2015-03,5119.0
188,2015-04,5546.0
188,2015-05,5526.0
188,2015-06,5425.0
188,2015-07,5781.0
189,2013-01,8290.0
189,2013-02,8369.0
189,2013-03,9248.0
189,2013-04,8706.0
189,2013-05,9536.0
189,2013-06,8497.0
189,2013-07,8937.0
189,2013-08,8436.0
189,2013-09,8352.0
189,2013-10,8384.0
189,2013-11,9071.0
189,2013-12,10858.0
189,2014-01,8584.0
189,2014-02,8712.0
189,2014-03,8356.0
189,2014-04,9390.0
189,2014-05,9016.0
189,2014-06,9340.0
189,2014-07,8550.0
189,2014-08,7926.0
189,2014-09,8178.0
189,2014-10,8283.0
189,2014-11,9172.0
189,2014-12,9999.0
189,2015-01,8490.0
189,2015-02,7904.0
189,2015-03,8438.0
189,2015-04,8897.0
189,2015-05,8776.0
189,2015-06,8706.0
189,2015-07,8636.0
190,2013-01,6312.0
190,2013-02,6371.0
190,2013-03,7304.0
190,2013-04,6786.0
190,2013-05,7094.0
190,2013-06,6614.0
190,2013-07,7066.0
190,2013-08,6488.0
190,2013-09,6369.0
190,2013-10,6655.0
190,2013-11,7249.0
190,2013-12,8672.0
190,2014-01,6782.0
190,2014-02,6837.0
190,2014-03,6760.0
190,2014-04,7413.0
190,2014-05,7190.0
190,2014-06,7498.0
190,2015-01,7485.0
190,2015-02,7162.0
190,2015-03,7959.0
190,2015-04,8001.0
190,2015-05,8045.0
190,2015-06,8153.0
190,2015-07,7872.0
191,2013-01,6966.0
191,2013-02,6963.0
191,2013-03,7574.0
191,2013-04,7623.0
191,2013-05,7848.0
191,2013-06,7424.0
191,2013-07,7808.0
191,2013-08,6103.0
191,2013-09,6338.0
191,2013-10,6579.0
191,2013-11,6321.0
191,2013-12,7342.0
191,2014-01,5979.0
191,2014-02,6265.0
191,2014-03,6308.0
191,2014-04,6767.0
191,2014-05,6430.0
191,2014-06,6737.0
191,2015-01,6389.0
191,2015-02,6241.0
191,2015-03,6767.0
191,2015-04,7256.0
191,2015-05,7066.0
191,2015-06,7051.0
191,2015-07,6887.0
192,2013-01,4952.0
192,2013-02,5299.0
192,2013-03,6510.0
192,2013-04,6549.0
192,2013-05,7390.0
192,2013-06,6808.0
192,2013-07,7324.0
192,2013-08,7476.0
192,2013-09,7085.0
192,2013-10,7527.0
192,2013-11,8053.0
192,2013-12,9300.0
192,2014-01,7984.0
192,2014-02,7714.0
192,2014-03,7833.0
192,2014-04,8568.0
192,2014-05,8621.0
192,2014-06,9905.0
192,2015-01,12718.0
192,2015-02,11967.0
192,2015-03,13100.0
192,2015-04,13070.0
192,2015-05,13560.0
192,2015-06,13373.0
192,2015-07,13089.0
193,2013-01,4888.0
193,2013-02,4974.0
193,2013-03,5854.0
193,2013-04,5189.0
193,2013-05,5744.0
193,2013-06,5022.0
193,2013-07,5845.0
193,2013-08,5322.0
193,2013-09,5058.0
193,2013-10,5017.0
193,2013-11,5298.0
193,2013-12,6929.0
193,2014-01,5081.0
193,2014-02,5215.0
193,2014-03,5009.0
193,2014-04,5645.0
193,2014-05,5327.0
193,2014-06,5608.0
193,2014-07,5268.0
193,2014-08,5320.0
193,2014-09,4746.0
193,2014-10,4973.0
193,2014-11,5615.0
193,2014-12,6437.0
193,2015-01,5060.0
193,2015-02,4705.0
193,2015-03,5277.0
193,2015-04,5657.0
193,2015-05,5546.0
193,2015-06,5317.0
193,2015-07,5446.0
194,2013-01,3965.0
194,2013-02,4131.0
194,2013-03,4725.0
194,2013-04,4373.0
194,2013-05,4706.0
194,2013-06,4366.0
194,2013-07,4801.0
194,2013-08,4558.0
194,2013-09,4425.0
194,2013-10,4511.0
194,2013-11,4731.0
194,2013-12,6100.0
194,2014-01,4532.0
194,2014-02,4558.0
194,2014-03,4400.0
194,2014-04,5204.0
194,2014-05,4866.0
194,2014-06,4982.0
194,2014-07,4881.0
194,2014-08,4596.0
194,2014-09,4952.0
194,2014-10,4862.0
194,2014-11,5254.0
194,2014-12,6244.0
194,2015-01,4970.0
194,2015-02,4666.0
194,2015-03,4886.0
194,2015-04,5271.0
194,2015-05,5163.0
194,2015-06,4933.0
194,2015-07,5240.0
195,2013-01,9686.0
195,2013-02,10010.0
195,2013-03,11245.0
195,2013-04,10120.0
195,2013-05,10943.0
195,2013-06,9845.0
195,2013-07,11101.0
195,2013-08,9683.0
195,2013-09,9949.0
195,2013-10,9800.0
195,2013-11,10639.0
195,2013-12,12813.0
195,2014-01,10168.0
195,2014-02,10618.0
195,2014-03,10314.0
195,2014-04,11547.0
195,2014-05,10775.0
195,2014-06,11145.0
195,2014-07,10551.0
195,2014-08,10298.0
195,2014-09,10358.0
195,2014-10,10166.0
195,2014-11,11527.0
195,2014-12,12238.0
195,2015-01,10389.0
195,2015-02,10309.0
195,2015-03,11282.0
195,2015-04,11528.0
195,2015-05,11653.0
195,2015-06,11598.0
195,2015-07,10327.0
196,2013-01,4729.0
196,2013-02,4785.0
196,2013-03,5419.0
196,2013-04,4983.0
196,2013-05,5091.0
196,2013-06,4793.0
196,2013-07,5027.0
196,2013-08,4774.0
196,2013-09,4908.0
196,2013-10,4923.0
196,2013-11,5268.0
196,2013-12,6686.0
196,2014-01,5004.0
196,2014-02,5061.0
196,2014-03,5198.0
196,2014-04,5504.0
196,2014-05,5221.0
196,2014-06,5431.0
196,2014-07,4937.0
196,2014-08,4747.0
196,2014-09,5213.0
196,2014-10,4887.0
196,2014-11,5373.0
196,2014-12,6468.0
196,2015-01,5275.0
196,2015-02,5094.0
196,2015-03,5465.0
196,2015-04,5513.0
196,2015-05,5467.0
196,2015-06,5471.0
196,2015-07,5169.0
197,2013-01,6507.0
197,2013-02,7026.0
197,2013-03,7679.0
197,2013-04,6872.0
197,2013-05,7087.0
197,2013-06,6649.0
197,2013-07,6571.0
197,2013-08,6531.0
197,2013-09,6209.0
197,2013-10,6323.0
197,2013-11,7078.0
197,2013-12,9130.0
197,2014-01,6280.0
197,2014-02,6540.0
197,2014-03,6309.0
197,2014-04,7187.0
197,2014-05,6582.0
197,2014-06,6328.0
197,2014-07,6006.0
197,2014-08,6049.0
197,2014-09,6370.0
197,2014-10,6477.0
197,2014-11,7636.0
197,2014-12,8710.0
197,2015-01,6683.0
197,2015-02,6518.0
197,2015-03,6874.0
197,2015-04,7464.0
197,2015-05,7308.0
197,2015-06,6810.0
197,2015-07,6850.0
198,2013-01,2824.0
198,2013-02,2679.0
198,2013-03,3261.0
198,2013-04,2868.0
198,2013-05,2895.0
198,2013-06,2551.0
198,2013-07,3135.0
198,2013-08,2683.0
198,2013-09,2730.0
198,2013-10,2692.0
198,2013-11,2802.0
198,2013-12,4184.0
198,2014-01,2683.0
198,2014-02,2772.0
198,2014-03,2762.0
198,2014-04,2916.0
198,2014-05,2694.0
198,2014-06,3025.0
198,2014-07,2869.0
198,2014-08,2658.0
198,2014-09,2928.0
198,2014-10,2783.0
198,2014-11,3198.0
198,2014-12,3739.0
198,2015-01,2795.0
198,2015-02,2488.0
198,2015-03,2874.0
198,2015-04,2913.0
198,2015-05,2772.0
198,2015-06,2982.0
198,2015-07,2822.0
199,2013-01,6379.0
199,2013-02,6871.0
199,2013-03,8053.0
199,2013-04,6860.0
199,2013-05,7671.0
199,2013-06,7003.0
199,2013-07,7314.0
199,2013-08,7267.0
199,2013-09,6835.0
199,2013-10,6947.0
199,2013-11,7791.0
199,2013-12,9433.0
199,2014-01,7208.0
199,2014-02,7720.0
199,2014-03,7702.0
199,2014-04,8431.0
199,2014-05,8185.0
199,2014-06,8628.0
199,2014-07,8080.0
199,2014-08,7693.0
199,2014-09,7880.0
199,2014-10,7943.0
199,2014-11,9126.0
199,2014-12,10190.0
199,2015-01,8251.0
199,2015-02,8092.0
199,2015-03,8526.0
199,2015-04,8799.0
199,2015-05,8872.0
199,2015-06,8740.0
199,2015-07,8526.0
200,2013-01,6960.0
200,2013-02,7536.0
200,2013-03,8059.0
200,2013-04,7701.0
200,2013-05,8282.0
200,2013-06,7389.0
200,2013-07,8000.0
200,2013-08,6934.0
200,2013-09,7044.0
200,2013-10,7290.0
200,2013-11,7487.0
200,2013-12,8784.0
200,2014-01,7223.0
200,2014-02,7508.0
200,2014-03,7607.0
200,2014-04,8143.0
200,2014-05,7803.0
200,2014-06,8056.0
200,2014-07,8085.0
200,2014-08,7296.0
200,2014-09,7341.0
200,2014-10,7482.0
200,2014-11,8154.0
200,2014-12,8462.0
200,2015-01,7626.0
200,2015-02,7647.0
200,2015-03,7956.0
200,2015-04,8084.0
200,2015-05,8280.0
200,2015-06,8310.0
200,2015-07,7419.0
201,2013-01,4724.0
201,2013-02,4737.0
201,2013-03,5399.0
201,2013-04,4828.0
201,2013-05,5428.0
201,2013-06,4673.0
201,2013-07,5108.0
201,2013-08,4984.0
201,2013-09,4567.0
201,2013-10,4826.0
201,2013-11,4935.0
201,2013-12,6557.0
201,2014-01,4765.0
201,2014-02,5007.0
201,2014-03,4829.0
201,2014-04,5388.0
201,2014-05,5650.0
201,2014-06,5694.0
201,2014-07,5307.0
201,2014-08,5280.0
201,2014-09,4974.0
201,2014-10,5192.0
201,2014-11,5750.0
201,2014-12,6760.0
201,2015-01,5203.0
201,2015-02,5272.0
201,2015-03,5025.0
201,2015-04,5437.0
201,2015-05,5544.0
201,2015-06,5495.0
201,2015-07,5618.0
202,2013-01,4460.0
202,2013-02,4896.0
202,2013-03,5747.0
202,2013-04,5018.0
202,2013-05,5662.0
202,2013-06,5644.0
202,2013-07,5788.0
202,2013-08,5631.0
202,2013-09,5430.0
202,2013-10,5500.0
202,2013-11,6095.0
202,2013-12,7445.0
202,2014-01,5557.0
202,2014-02,5930.0
202,2014-03,5878.0
202,2014-04,6561.0
202,2014-05,6151.0
202,2014-06,6451.0
202,2014-07,6137.0
202,2014-08,5712.0
202,2014-09,5869.0
202,2014-10,5914.0
202,2014-11,6904.0
202,2014-12,7886.0
202,2015-01,6237.0
202,2015-02,6283.0
202,2015-03,6603.0
202,2015-04,6644.0
202,2015-05,6855.0
202,2015-06,6789.0
202,2015-07,6602.0
203,2013-01,5682.0
203,2013-02,5785.0
203,2013-03,6779.0
203,2013-04,5725.0
203,2013-05,5960.0
203,2013-06,5534.0
203,2013-07,6324.0
203,2013-08,6015.0
203,2013-09,5718.0
203,2013-10,7068.0
203,2013-11,6802.0
203,2013-12,9603.0
203,2014-01,6485.0
203,2014-02,6460.0
203,2014-03,6251.0
203,2014-04,7204.0
203,2014-05,6608.0
203,2014-06,6683.0
203,2014-07,6714.0
203,2014-08,6576.0
203,2014-09,6672.0
203,2014-10,6878.0
203,2014-11,7605.0
203,2014-12,9747.0
203,2015-01,7133.0
203,2015-02,6682.0
203,2015-03,6887.0
203,2015-04,7500.0
203,2015-05,7232.0
203,2015-06,6874.0
203,2015-07,7081.0
204,2013-01,5028.0
204,2013-02,5037.0
204,2013-03,5506.0
204,2013-04,5184.0
204,2013-05,5620.0
204,2013-06,5186.0
204,2013-07,5589.0
204,2013-08,5191.0
204,2013-09,4998.0
204,2013-10,5315.0
204,2013-11,5544.0
204,2013-12,6509.0
204,2014-01,5260.0
204,2014-02,5322.0
204,2014-03,5073.0
204,2014-04,5694.0
204,2014-05,5519.0
204,2014-06,5700.0
204,2015-01,5613.0
204,2015-02,5292.0
204,2015-03,5726.0
204,2015-04,5810.0
204,2015-05,5866.0
204,2015-06,5809.0
204,2015-07,5860.0
205,2013-01,6436.0
205,2013-02,6805.0
205,2013-03,7581.0
205,2013-04,6935.0
205,2013-05,6686.0
205,2013-06,6545.0
205,2013-07,6460.0
205,2013-08,6228.0
205,2013-09,5977.0
205,2013-10,6042.0
205,2013-11,5903.0
205,2013-12,7231.0
205,2014-01,6122.0
205,2014-02,6370.0
205,2014-03,6424.0
205,2014-04,6942.0
205,2014-05,6490.0
205,2014-06,6952.0
205,2014-07,6536.0
205,2014-08,6156.0
205,2014-09,6326.0
205,2014-10,6341.0
205,2014-11,6659.0
205,2014-12,7003.0
205,2015-01,6154.0
205,2015-02,6223.0
205,2015-03,6486.0
205,2015-04,6850.0
205,2015-05,6783.0
205,2015-06,6642.0
205,2015-07,6586.0
206,2013-01,4623.0
206,2013-02,6123.0
206,2013-03,6989.0
206,2013-04,6243.0
206,2013-05,6579.0
206,2013-06,6383.0
206,2013-07,6696.0
206,2013-08,6039.0
206,2013-09,6268.0
206,2013-10,6421.0
206,2013-11,6767.0
206,2013-12,8877.0
206,2014-01,6830.0
206,2014-02,6939.0
206,2014-03,7101.0
206,2014-04,7485.0
206,2014-05,6907.0
206,2014-06,7714.0
206,2014-07,6762.0
206,2014-08,6900.0
206,2014-09,7120.0
206,2014-10,7094.0
206,2014-11,8162.0
206,2014-12,9540.0
206,2015-01,7575.0
206,2015-02,7485.0
206,2015-03,8311.0
206,2015-04,8313.0
206,2015-05,8051.0
206,2015-06,8689.0
206,2015-07,7339.0
207,2013-01,10202.0
207,2013-02,10401.0
207,2013-03,11402.0
207,2013-04,11068.0
207,2013-05,11442.0
207,2013-06,10571.0
207,2013-07,11228.0
207,2013-08,11009.0
207,2013-09,10407.0
207,2013-10,10241.0
207,2013-11,11460.0
207,2013-12,14658.0
207,2014-01,10584.0
207,2014-02,10879.0
207,2014-03,10697.0
207,2014-04,11738.0
207,2014-05,10887.0
207,2014-06,11509.0
207,2014-07,11019.0
207,2014-08,10364.0
207,2014-09,10782.0
207,2014-10,10352.0
207,2014-11,12118.0
207,2014-12,13876.0
207,2015-01,10764.0
207,2015-02,10298.0
207,2015-03,10973.0
207,2015-04,11752.0
207,2015-05,11355.0
207,2015-06,11531.0
207,2015-07,11488.0
208,2013-01,2753.0
208,2013-02,2801.0
208,2013-03,3306.0
208,2013-04,2990.0
208,2013-05,3175.0
208,2013-06,2828.0
208,2013-07,2800.0
208,2013-08,2882.0
208,2013-09,2642.0
208,2013-10,2778.0
208,2013-11,2674.0
208,2013-12,3484.0
208,2014-01,2681.0
208,2014-02,2749.0
208,2014-03,2738.0
208,2014-04,3027.0
208,2014-05,3016.0
208,2014-06,2994.0
208,2014-07,2846.0
208,2014-08,2808.0
208,2014-09,2713.0
208,2014-10,2809.0
208,2014-11,3121.0
208,2014-12,3416.0
208,2015-01,2819.0
208,2015-02,2707.0
208,2015-03,3004.0
208,2015-04,3211.0
208,2015-05,3115.0
208,2015-06,3094.0
208,2015-07,3148.0
209,2013-01,5139.0
209,2013-02,5252.0
209,2013-03,5564.0
209,2013-04,4558.0
209,2013-05,4924.0
209,2013-06,5128.0
209,2013-07,6668.0
209,2013-08,6418.0
209,2013-09,4836.0
209,2013-10,4811.0
209,2013-11,5800.0
209,2013-12,7198.0
209,2014-01,5224.0
209,2014-02,5339.0
209,2014-03,4904.0
209,2014-04,5427.0
209,2014-05,5228.0
209,2014-06,5431.0
209,2014-07,6471.0
209,2014-08,6578.0
209,2014-09,5324.0
209,2014-10,4892.0
209,2014-11,6163.0
209,2014-12,7309.0
209,2015-01,5530.0
209,2015-02,5218.0
209,2015-03,5301.0
209,2015-04,5306.0
209,2015-05,5134.0
209,2015-06,5738.0
209,2015-07,6512.0
210,2013-01,2679.0
210,2013-02,3082.0
210,2013-03,3252.0
210,2013-04,2990.0
210,2013-05,3191.0
210,2013-06,2910.0
210,2013-07,3052.0
210,2013-08,2904.0
210,2013-09,2938.0
210,2013-10,2923.0
210,2013-11,3183.0
210,2013-12,3874.0
210,2014-01,3060.0
210,2014-02,3241.0
210,2014-03,3007.0
210,2014-04,3397.0
210,2014-05,3313.0
210,2014-06,3175.0
210,2014-07,3143.0
210,2014-08,3245.0
210,2014-09,3047.0
210,2014-10,3325.0
210,2014-11,3608.0
210,2014-12,3950.0
210,2015-01,3495.0
210,2015-02,3161.0
210,2015-03,3028.0
210,2015-04,3374.0
210,2015-05,3337.0
210,2015-06,3154.0
210,2015-07,3123.0
211,2013-01,13005.0
211,2013-02,13451.0
211,2013-03,14527.0
211,2013-04,12684.0
211,2013-05,13259.0
211,2013-06,12356.0
211,2013-07,12400.0
211,2013-08,12293.0
211,2013-09,11444.0
211,2013-10,11842.0
211,2013-11,12319.0
211,2013-12,14826.0
211,2014-01,12020.0
211,2014-02,12741.0
211,2014-03,12300.0
211,2014-04,13355.0
211,2014-05,12582.0
211,2014-06,13408.0
211,2014-07,12430.0
211,2014-08,12119.0
211,2014-09,12368.0
211,2014-10,12229.0
211,2014-11,13368.0
211,2014-12,14869.0
211,2015-01,12736.0
211,2015-02,12655.0
211,2015-03,13765.0
211,2015-04,13713.0
211,2015-05,13501.0
211,2015-06,14391.0
211,2015-07,14250.0
212,2013-01,4470.0
212,2013-02,4513.0
212,2013-03,5227.0
212,2013-04,4563.0
212,2013-05,4836.0
212,2013-06,4532.0
212,2013-07,4882.0
212,2013-08,5069.0
212,2013-09,4405.0
212,2013-10,4421.0
212,2013-11,4872.0
212,2013-12,6479.0
212,2014-01,4415.0
212,2014-02,4593.0
212,2014-03,4520.0
212,2014-04,5072.0
212,2014-05,4783.0
212,2014-06,4873.0
212,2014-07,4791.0
212,2014-08,4817.0
212,2014-09,4512.0
212,2014-10,4459.0
212,2014-11,4982.0
212,2014-12,6075.0
212,2015-01,4339.0
212,2015-02,4173.0
212,2015-03,4452.0
212,2015-04,5032.0
212,2015-05,4668.0
212,2015-06,4617.0
212,2015-07,4725.0
213,2013-01,6019.0
213,2013-02,6495.0
213,2013-03,7466.0
213,2013-04,6754.0
213,2013-05,7624.0
213,2013-06,6844.0
213,2013-07,8650.0
213,2013-08,7184.0
213,2013-09,7054.0
213,2013-10,7353.0
213,2013-11,7797.0
213,2013-12,9417.0
213,2014-01,8394.0
213,2014-02,8348.0
213,2014-03,8217.0
213,2014-04,8695.0
213,2014-05,8487.0
213,2014-06,9387.0
213,2014-07,8471.0
213,2014-08,8291.0
213,2014-09,8638.0
213,2014-10,8095.0
213,2014-11,8535.0
213,2014-12,9951.0
213,2015-01,8399.0
213,2015-02,7843.0
213,2015-03,8649.0
213,2015-04,8759.0
213,2015-05,8737.0
213,2015-06,9405.0
213,2015-07,8300.0
214,2013-01,8535.0
214,2013-02,8925.0
214,2013-03,9789.0
214,2013-04,8996.0
214,2013-05,10244.0
214,2013-06,8945.0
214,2013-07,9559.0
214,2013-08,8678.0
214,2013-09,8230.0
214,2013-10,8373.0
214,2013-11,9078.0
214,2013-12,11297.0
214,2014-01,8756.0
214,2014-02,9120.0
214,2014-03,9258.0
214,2014-04,9432.0
214,2014-05,9410.0
214,2014-06,9967.0
214,2014-07,8802.0
214,2014-08,8694.0
214,2014-09,9066.0
214,2014-10,8889.0
214,2014-11,9900.0
214,2014-12,11150.0
214,2015-01,9019.0
214,2015-02,8741.0
214,2015-03,9416.0
214,2015-04,9967.0
214,2015-05,10231.0
214,2015-06,10377.0
214,2015-07,8985.0
215,2013-01,5817.0
215,2013-02,5612.0
215,2013-03,6368.0
215,2013-04,6085.0
215,2013-05,6584.0
215,2013-06,5647.0
215,2013-07,6618.0
215,2013-08,6379.0
215,2013-09,5531.0
215,2013-10,6093.0
215,2013-11,6209.0
215,2013-12,7583.0
215,2014-01,6378.0
215,2014-02,6100.0
215,2014-03,6074.0
215,2014-04,6780.0
215,2014-05,6184.0
215,2014-06,6408.0
215,2015-01,6812.0
215,2015-02,5707.0
215,2015-03,6344.0
215,2015-04,6872.0
215,2015-05,6768.0
215,2015-06,6449.0
215,2015-07,6526.0
216,2013-01,6807.0
216,2013-02,6785.0
216,2013-03,7363.0
216,2013-04,7054.0
216,2013-05,7199.0
216,2013-06,6552.0
216,2013-07,7142.0
216,2013-08,6280.0
216,2013-09,6537.0
216,2013-10,6986.0
216,2013-11,7408.0
216,2013-12,8836.0
216,2014-01,7287.0
216,2014-02,6960.0
216,2014-03,7231.0
216,2014-04,7779.0
216,2014-05,7303.0
216,2014-06,7583.0
216,2014-07,7742.0
216,2014-08,7103.0
216,2014-09,7285.0
216,2014-10,7649.0
216,2014-11,7817.0
216,2014-12,7905.0
216,2015-01,7053.0
216,2015-02,6787.0
216,2015-03,7112.0
216,2015-04,7585.0
216,2015-05,7239.0
216,2015-06,7195.0
216,2015-07,6648.0
217,2013-01,4087.0
217,2013-02,4319.0
217,2013-03,4759.0
217,2013-04,4385.0
217,2013-05,4872.0
217,2013-06,4519.0
217,2013-07,4590.0
217,2013-08,4450.0
217,2013-09,4283.0
217,2013-10,4373.0
217,2013-11,4487.0
217,2013-12,5666.0
217,2014-01,4215.0
217,2014-02,4457.0
217,2014-03,4460.0
217,2014-04,4918.0
217,2014-05,4775.0
217,2014-06,5012.0
217,2014-07,4688.0
217,2014-08,4391.0
217,2014-09,4630.0
217,2014-10,4393.0
217,2014-11,4822.0
217,2014-12,5687.0
217,2015-01,4523.0
217,2015-02,4646.0
217,2015-03,4863.0
217,2015-04,5312.0
217,2015-05,5324.0
217,2015-06,5002.0
217,2015-07,5029.0
218,2013-01,5214.0
218,2013-02,5063.0
218,2013-03,5342.0
218,2013-04,4910.0
218,2013-05,5032.0
218,2013-06,4801.0
218,2013-07,5123.0
218,2013-08,4692.0
218,2013-09,4826.0
218,2013-10,4867.0
218,2013-11,5059.0
218,2013-12,6013.0
218,2014-01,4920.0
218,2014-02,4981.0
218,2014-03,4808.0
218,2014-04,5047.0
218,2014-05,4990.0
218,2014-06,5022.0
218,2015-01,4918.0
218,2015-02,4876.0
218,2015-03,5102.0
218,2015-04,5133.0
218,2015-05,4962.0
218,2015-06,4976.0
218,2015-07,4849.0
219,2013-01,2993.0
219,2013-02,3106.0
219,2013-03,3228.0
219,2013-04,3092.0
219,2013-05,3150.0
219,2013-06,2805.0
219,2013-07,3103.0
219,2013-08,2750.0
219,2013-09,2959.0
219,2013-10,2941.0
219,2013-11,3036.0
219,2013-12,3648.0
219,2014-01,2924.0
219,2014-02,2978.0
219,2014-03,3072.0
219,2014-04,3322.0
219,2014-05,3232.0
219,2014-06,3324.0
219,2014-07,3056.0
219,2014-08,2933.0
219,2014-09,3168.0
219,2014-10,3170.0
219,2014-11,3517.0
219,2014-12,3577.0
219,2015-01,3023.0
219,2015-02,2943.0
219,2015-03,3245.0
219,2015-04,3304.0
219,2015-05,3258.0
219,2015-06,3328.0
219,2015-07,3093.0
220,2013-01,4614.0
220,2013-02,4840.0
220,2013-03,5077.0
220,2013-04,4888.0
220,2013-05,4920.0
220,2013-06,4379.0
220,2013-07,5001.0
220,2013-08,4834.0
220,2013-09,5207.0
220,2013-10,5194.0
220,2013-11,5218.0
220,2013-12,5591.0
220,2014-01,4725.0
220,2014-02,4909.0
220,2014-03,4889.0
220,2014-04,5225.0
220,2014-05,4813.0
220,2014-06,4873.0
220,2014-07,4537.0
220,2014-08,4444.0
220,2014-09,4605.0
220,2014-10,4663.0
220,2014-11,5282.0
220,2014-12,5278.0
220,2015-01,4715.0
220,2015-02,4589.0
220,2015-03,4912.0
220,2015-04,5213.0
220,2015-05,5071.0
220,2015-06,5002.0
220,2015-07,4738.0
221,2013-01,4698.0
221,2013-02,4952.0
221,2013-03,5840.0
221,2013-04,5142.0
221,2013-05,5459.0
221,2013-06,5280.0
221,2013-07,5613.0
221,2013-08,5907.0
221,2013-09,5123.0
221,2013-10,5058.0
221,2013-11,5873.0
221,2013-12,7239.0
221,2014-01,5553.0
221,2014-02,5361.0
221,2014-03,5042.0
221,2014-04,5835.0
221,2014-05,5690.0
221,2014-06,5844.0
221,2014-07,5924.0
221,2014-08,6219.0
221,2014-09,5640.0
221,2014-10,5656.0
221,2014-11,6547.0
221,2014-12,7926.0
221,2015-01,5806.0
221,2015-02,5722.0
221,2015-03,6132.0
221,2015-04,6488.0
221,2015-05,6436.0
221,2015-06,6116.0
221,2015-07,6459.0
222,2013-01,4994.0
222,2013-02,5025.0
222,2013-03,5169.0
222,2013-04,4957.0
222,2013-05,5154.0
222,2013-06,4814.0
222,2013-07,4813.0
222,2013-08,4761.0
222,2013-09,4565.0
222,2013-10,4526.0
222,2013-11,4573.0
222,2013-12,5595.0
222,2014-01,4755.0
222,2014-02,4997.0
222,2014-03,4885.0
222,2014-04,5315.0
222,2014-05,4972.0
222,2014-06,5264.0
222,2014-07,4885.0
222,2014-08,4526.0
222,2014-09,4833.0
222,2014-10,4845.0
222,2014-11,5089.0
222,2014-12,5591.0
222,2015-01,4908.0
222,2015-02,4909.0
222,2015-03,5085.0
222,2015-04,5281.0
222,2015-05,5236.0
222,2015-06,5357.0
222,2015-07,4966.0
223,2013-01,6048.0
223,2013-02,6209.0
223,2013-03,7720.0
223,2013-04,6547.0
223,2013-05,7223.0
223,2013-06,6702.0
223,2013-07,7032.0
223,2013-08,6768.0
223,2013-09,6976.0
223,2013-10,7102.0
223,2013-11,7548.0
223,2013-12,9624.0
223,2014-01,7357.0
223,2014-02,7368.0
223,2014-03,7897.0
223,2014-04,8057.0
223,2014-05,6827.0
223,2014-06,7212.0
223,2014-07,6574.0
223,2014-08,6253.0
223,2014-09,6946.0
223,2014-10,6740.0
223,2014-11,7598.0
223,2014-12,8748.0
223,2015-01,7132.0
223,2015-02,6772.0
223,2015-03,7681.0
223,2015-04,7574.0
223,2015-05,7591.0
223,2015-06,7654.0
223,2015-07,7002.0
224,2013-01,5011.0
224,2013-02,5020.0
224,2013-03,6375.0
224,2013-04,5253.0
224,2013-05,5713.0
224,2013-06,5517.0
224,2013-07,5776.0
224,2013-08,5537.0
224,2013-09,5592.0
224,2013-10,5714.0
224,2013-11,6457.0
224,2013-12,8305.0
224,2014-01,6321.0
224,2014-02,6274.0
224,2014-03,6469.0
224,2014-04,7156.0
224,2014-05,6911.0
224,2014-06,7202.0
224,2014-07,6803.0
224,2014-08,6435.0
224,2014-09,6599.0
224,2014-10,6848.0
224,2014-11,7618.0
224,2014-12,8648.0
224,2015-01,7093.0
224,2015-02,6799.0
224,2015-03,7649.0
224,2015-04,7559.0
224,2015-05,7678.0
224,2015-06,7882.0
224,2015-07,7590.0
225,2013-01,4488.0
225,2013-02,4680.0
225,2013-03,5287.0
225,2013-04,4669.0
225,2013-05,5236.0
225,2013-06,4598.0
225,2013-07,5311.0
225,2013-08,5170.0
225,2013-09,4798.0
225,2013-10,5038.0
225,2013-11,4987.0
225,2013-12,6810.0
225,2014-01,4816.0
225,2014-02,5012.0
225,2014-03,4788.0
225,2014-04,5491.0
225,2014-05,5065.0
225,2014-06,5330.0
225,2014-07,5292.0
225,2014-08,5167.0
225,2014-09,4994.0
225,2014-10,5105.0
225,2014-11,5380.0
225,2014-12,6564.0
225,2015-01,5134.0
225,2015-02,5027.0
225,2015-03,5089.0
225,2015-04,5535.0
225,2015-05,5386.0
225,2015-06,5282.0
225,2015-07,5664.0
226,2013-01,7863.0
226,2013-02,8123.0
226,2013-03,8825.0
226,2013-04,8250.0
226,2013-05,8769.0
226,2013-06,7972.0
226,2013-07,6982.0
226,2013-08,6322.0
226,2013-09,6537.0
226,2013-10,6645.0
226,2013-11,6945.0
226,2013-12,8187.0
226,2014-01,6664.0
226,2014-02,7004.0
226,2014-03,7285.0
226,2014-04,7588.0
226,2014-05,7137.0
226,2014-06,7419.0
226,2014-07,6901.0
226,2014-08,6096.0
226,2014-09,6945.0
226,2014-10,6974.0
226,2014-11,7379.0
226,2014-12,7773.0
226,2015-01,6747.0
226,2015-02,6777.0
226,2015-03,7184.0
226,2015-04,7201.0
226,2015-05,7121.0
226,2015-06,7080.0
226,2015-07,6752.0
227,2013-01,5122.0
227,2013-02,5376.0
227,2013-03,5853.0
227,2013-04,5464.0
227,2013-05,6001.0
227,2013-06,5148.0
227,2013-07,5838.0
227,2013-08,4979.0
227,2013-09,5233.0
227,2013-10,5358.0
227,2013-11,5579.0
227,2013-12,6879.0
227,2014-01,5548.0
227,2014-02,5859.0
227,2014-03,5669.0
227,2014-04,6220.0
227,2014-05,5984.0
227,2014-06,6365.0
227,2014-07,5777.0
227,2014-08,6936.0
227,2014-09,7854.0
227,2014-10,5817.0
227,2014-11,6580.0
227,2014-12,7341.0
227,2015-01,6179.0
227,2015-02,6015.0
227,2015-03,6372.0
227,2015-04,6610.0
227,2015-05,6788.0
227,2015-06,6804.0
227,2015-07,6053.0
228,2013-01,6740.0
228,2013-02,6924.0
228,2013-03,7877.0
228,2013-04,7333.0
228,2013-05,8091.0
228,2013-06,7336.0
228,2013-07,7987.0
228,2013-08,7329.0
228,2013-09,6943.0
228,2013-10,7486.0
228,2013-11,7959.0
228,2013-12,9215.0
228,2014-01,7369.0
228,2014-02,7439.0
228,2014-03,7390.0
228,2014-04,8130.0
228,2014-05,7973.0
228,2014-06,8472.0
228,2014-07,7802.0
228,2014-08,7736.0
228,2014-09,7645.0
228,2014-10,7983.0
228,2014-11,8804.0
228,2014-12,9627.0
228,2015-01,8335.0
228,2015-02,7896.0
228,2015-03,8228.0
228,2015-04,8881.0
228,2015-05,8787.0
228,2015-06,8797.0
228,2015-07,8149.0
229,2013-01,7381.0
229,2013-02,7368.0
229,2013-03,8872.0
229,2013-04,7850.0
229,2013-05,8704.0
229,2013-06,7894.0
229,2013-07,8417.0
229,2013-08,8279.0
229,2013-09,7758.0
229,2013-10,7694.0
229,2013-11,8538.0
229,2013-12,11153.0
229,2014-01,7855.0
229,2014-02,8175.0
229,2014-03,8249.0
229,2014-04,8941.0
229,2014-05,8651.0
229,2014-06,9325.0
229,2014-07,8514.0
229,2014-08,8266.0
229,2014-09,8556.0
229,2014-10,8205.0
229,2014-11,9297.0
229,2014-12,11231.0
229,2015-01,8696.0
229,2015-02,8128.0
229,2015-03,9047.0
229,2015-04,9375.0
229,2015-05,9252.0
229,2015-06,9540.0
229,2015-07,9148.0
230,2013-01,6425.0
230,2013-02,6686.0
230,2013-03,7529.0
230,2013-04,6750.0
230,2013-05,7168.0
230,2013-06,6879.0
230,2013-07,7000.0
230,2013-08,7447.0
230,2013-09,6838.0
230,2013-10,6659.0
230,2013-11,7548.0
230,2013-12,9330.0
230,2014-01,7005.0
230,2014-02,7218.0
230,2014-03,7366.0
230,2014-04,7986.0
230,2014-05,7576.0
230,2014-06,7670.0
230,2014-07,7447.0
230,2014-08,7716.0
230,2014-09,7355.0
230,2014-10,7268.0
230,2014-11,8300.0
230,2014-12,9638.0
230,2015-01,7705.0
230,2015-02,7567.0
230,2015-03,7910.0
230,2015-04,8311.0
230,2015-05,8463.0
230,2015-06,8014.0
230,2015-07,7891.0
231,2013-01,4016.0
231,2013-02,4162.0
231,2013-03,4860.0
231,2013-04,4386.0
231,2013-05,4702.0
231,2013-06,4241.0
231,2013-07,4781.0
231,2013-08,4696.0
231,2013-09,4124.0
231,2013-10,4450.0
231,2013-11,4768.0
231,2013-12,5752.0
231,2014-01,4731.0
231,2014-02,4620.0
231,2014-03,4485.0
231,2014-04,5061.0
231,2014-05,4848.0
231,2014-06,4768.0
231,2015-01,5267.0
231,2015-02,4785.0
231,2015-03,4941.0
231,2015-04,5399.0
231,2015-05,5193.0
231,2015-06,5125.0
231,2015-07,5184.0
232,2013-01,3105.0
232,2013-02,2515.0
232,2013-03,2948.0
232,2013-04,2614.0
232,2013-05,2860.0
232,2013-06,3011.0
232,2013-07,3453.0
232,2013-08,3182.0
232,2013-09,2931.0
232,2013-10,2842.0
232,2013-11,3186.0
232,2013-12,4296.0
232,2014-01,3045.0
232,2014-02,3005.0
232,2014-03,3094.0
232,2014-04,3558.0
232,2014-05,3490.0
232,2014-06,3638.0
232,2014-07,3599.0
232,2014-08,3498.0
232,2014-09,3247.0
232,2014-10,3339.0
232,2014-11,3557.0
232,2014-12,4400.0
232,2015-01,3585.0
232,2015-02,3276.0
232,2015-03,3430.0
232,2015-04,3940.0
232,2015-05,4036.0
232,2015-06,3744.0
232,2015-07,3982.0
233,2013-01,8705.0
233,2013-02,8968.0
233,2013-03,9809.0
233,2013-04,9080.0
233,2013-05,9786.0
233,2013-06,9003.0
233,2013-07,9216.0
233,2013-08,8650.0
233,2013-09,8559.0
233,2013-10,8759.0
233,2013-11,9344.0
233,2013-12,11142.0
233,2014-01,8785.0
233,2014-02,9184.0
233,2014-03,9227.0
233,2014-04,9979.0
233,2014-05,9641.0
233,2014-06,9709.0
233,2014-07,9361.0
233,2014-08,8540.0
233,2014-09,8876.0
233,2014-10,8987.0
233,2014-11,9681.0
233,2014-12,11078.0
233,2015-01,9327.0
233,2015-02,9148.0
233,2015-03,9659.0
233,2015-04,10190.0
233,2015-05,10313.0
233,2015-06,10021.0
233,2015-07,10040.0
234,2013-01,9841.0
234,2013-02,10694.0
234,2013-03,11933.0
234,2013-04,10680.0
234,2013-05,11699.0
234,2013-06,10311.0
234,2013-07,11505.0
234,2013-08,10222.0
234,2013-09,9874.0
234,2013-10,9818.0
234,2013-11,10483.0
234,2013-12,14061.0
234,2014-01,10195.0
234,2014-02,11180.0
234,2014-03,10873.0
234,2014-04,11606.0
234,2014-05,11207.0
234,2014-06,11843.0
234,2014-07,10695.0
234,2014-08,10270.0
234,2014-09,10767.0
234,2014-10,10463.0
234,2014-11,11952.0
234,2014-12,13614.0
234,2015-01,10937.0
234,2015-02,10867.0
234,2015-03,10939.0
234,2015-04,11523.0
234,2015-05,11646.0
234,2015-06,12135.0
234,2015-07,10104.0
235,2013-01,5464.0
235,2013-02,5706.0
235,2013-03,6567.0
235,2013-04,5778.0
235,2013-05,6361.0
235,2013-06,5899.0
235,2013-07,6339.0
235,2013-08,5999.0
235,2013-09,5727.0
235,2013-10,5379.0
235,2013-11,5968.0
235,2013-12,7866.0
235,2014-01,5612.0
235,2014-02,5773.0
235,2014-03,5746.0
235,2014-04,6102.0
235,2014-05,5884.0
235,2014-06,6480.0
235,2014-07,5814.0
235,2014-08,5539.0
235,2014-09,5838.0
235,2014-10,5644.0
235,2014-11,6431.0
235,2014-12,7579.0
235,2015-01,5679.0
235,2015-02,5121.0
235,2015-03,5654.0
235,2015-04,5507.0
235,2015-05,5450.0
235,2015-06,5879.0
235,2015-07,5400.0
236,2013-01,6766.0
236,2013-02,6883.0
236,2013-03,7345.0
236,2013-04,6857.0
236,2013-05,7173.0
236,2013-06,6484.0
236,2013-07,6627.0
236,2013-08,6699.0
236,2013-09,6495.0
236,2013-10,6444.0
236,2013-11,6919.0
236,2013-12,8504.0
236,2014-01,6660.0
236,2014-02,6817.0
236,2014-03,6770.0
236,2014-04,7353.0
236,2014-05,7006.0
236,2014-06,7176.0
236,2014-07,6687.0
236,2014-08,6463.0
236,2014-09,6864.0
236,2014-10,6949.0
236,2014-11,7455.0
236,2014-12,8604.0
236,2015-01,7480.0
236,2015-02,7075.0
236,2015-03,7655.0
236,2015-04,7795.0
236,2015-05,7854.0
236,2015-06,7605.0
236,2015-07,7519.0
237,2013-01,4522.0
237,2013-02,4418.0
237,2013-03,4717.0
237,2013-04,4534.0
237,2013-05,4808.0
237,2013-06,4476.0
237,2013-07,4255.0
237,2013-08,4387.0
237,2013-09,4250.0
237,2013-10,4271.0
237,2013-11,4354.0
237,2013-12,4949.0
237,2014-01,4176.0
237,2014-02,4107.0
237,2014-03,4316.0
237,2014-04,4518.0
237,2014-05,4352.0
237,2014-06,4598.0
237,2014-07,4337.0
237,2014-08,4119.0
237,2014-09,4481.0
237,2014-10,4539.0
237,2014-11,4609.0
237,2014-12,5080.0
237,2015-01,4619.0
237,2015-02,4546.0
237,2015-03,4850.0
237,2015-04,5055.0
237,2015-05,4976.0
237,2015-06,4865.0
237,2015-07,4666.0
238,2013-01,7340.0
238,2013-02,7301.0
238,2013-03,7901.0
238,2013-04,7554.0
238,2013-05,7785.0
238,2013-06,7232.0
238,2013-07,7683.0
238,2013-08,6979.0
238,2013-09,7139.0
238,2013-10,7644.0
238,2013-11,7845.0
238,2013-12,9096.0
238,2014-01,7533.0
238,2014-02,7391.0
238,2014-03,7371.0
238,2014-04,7855.0
238,2014-05,7771.0
238,2014-06,8099.0
238,2014-07,8199.0
238,2014-08,7619.0
238,2014-09,7607.0
238,2014-10,7974.0
238,2014-11,8178.0
238,2014-12,8396.0
238,2015-01,7335.0
238,2015-02,7096.0
238,2015-03,7456.0
238,2015-04,7853.0
238,2015-05,7774.0
238,2015-06,7785.0
238,2015-07,7088.0
239,2013-01,3854.0
239,2013-02,4199.0
239,2013-03,4991.0
239,2013-04,4390.0
239,2013-05,4936.0
239,2013-06,4335.0
239,2013-07,4841.0
239,2013-08,4470.0
239,2013-09,5300.0
239,2013-10,4615.0
239,2013-11,5005.0
239,2013-12,5876.0
239,2014-01,4710.0
239,2014-02,4965.0
239,2014-03,4963.0
239,2014-04,5438.0
239,2014-05,5120.0
239,2014-06,5320.0
239,2014-07,4869.0
239,2014-08,5040.0
239,2014-09,4799.0
239,2014-10,5050.0
239,2014-11,5841.0
239,2014-12,6333.0
239,2015-01,5268.0
239,2015-02,4921.0
239,2015-03,5600.0
239,2015-04,5736.0
239,2015-05,5687.0
239,2015-06,5823.0
239,2015-07,5170.0
240,2013-01,4568.0
240,2013-02,4538.0
240,2013-03,4974.0
240,2013-04,4773.0
240,2013-05,5055.0
240,2013-06,4719.0
240,2013-07,4466.0
240,2013-08,4581.0
240,2013-09,4503.0
240,2013-10,4452.0
240,2013-11,4715.0
240,2013-12,5704.0
240,2014-01,4504.0
240,2014-02,4529.0
240,2014-03,4525.0
240,2014-04,4895.0
240,2014-05,4701.0
240,2014-06,4960.0
240,2014-07,4558.0
240,2014-08,4299.0
240,2014-09,4552.0
240,2014-10,4595.0
240,2014-11,5064.0
240,2014-12,5820.0
240,2015-01,4970.0
240,2015-02,4888.0
240,2015-03,5052.0
240,2015-04,5267.0
240,2015-05,5224.0
240,2015-06,5172.0
240,2015-07,4770.0
241,2013-01,5878.0
241,2013-02,6100.0
241,2013-03,6846.0
241,2013-04,6083.0
241,2013-05,6682.0
241,2013-06,5820.0
241,2013-07,6246.0
241,2013-08,5955.0
241,2013-09,5927.0
241,2013-10,5809.0
241,2013-11,6450.0
241,2013-12,7764.0
241,2014-01,5895.0
241,2014-02,6333.0
241,2014-03,6357.0
241,2014-04,6894.0
241,2014-05,6947.0
241,2014-06,7079.0
241,2014-07,6283.0
241,2014-08,6525.0
241,2014-09,6529.0
241,2014-10,6424.0
241,2014-11,7679.0
241,2014-12,8119.0
241,2015-01,6627.0
241,2015-02,6522.0
241,2015-03,6869.0
241,2015-04,6969.0
241,2015-05,7204.0
241,2015-06,7241.0
241,2015-07,6417.0
242,2013-01,3813.0
242,2013-02,3953.0
242,2013-03,4735.0
242,2013-04,4115.0
242,2013-05,4493.0
242,2013-06,3985.0
242,2013-07,4284.0
242,2013-08,3967.0
242,2013-09,3868.0
242,2013-10,3688.0
242,2013-11,3684.0
242,2013-12,5420.0
242,2014-01,3790.0
242,2014-02,3841.0
242,2014-03,3835.0
242,2014-04,4196.0
242,2014-05,3904.0
242,2014-06,4345.0
242,2014-07,3954.0
242,2014-08,3667.0
242,2014-09,3900.0
242,2014-10,3890.0
242,2014-11,4189.0
242,2014-12,5109.0
242,2015-01,3869.0
242,2015-02,3772.0
242,2015-03,4003.0
242,2015-04,4223.0
242,2015-05,4175.0
242,2015-06,4296.0
242,2015-07,4131.0
243,2013-01,6104.0
243,2013-02,6843.0
243,2013-03,7593.0
243,2013-04,6994.0
243,2013-05,7404.0
243,2013-06,6569.0
243,2013-07,7580.0
243,2013-08,7367.0
243,2013-09,6472.0
243,2013-10,7025.0
243,2013-11,7006.0
243,2013-12,9088.0
243,2014-01,6893.0
243,2014-02,6928.0
243,2014-03,6457.0
243,2014-04,7681.0
243,2014-05,7065.0
243,2014-06,7093.0
243,2015-01,6956.0
243,2015-02,6527.0
243,2015-03,6740.0
243,2015-04,7434.0
243,2015-05,7144.0
243,2015-06,7044.0
243,2015-07,6982.0
244,2013-01,4638.0
244,2013-02,4916.0
244,2013-03,5630.0
244,2013-04,4985.0
244,2013-05,5384.0
244,2013-06,4866.0
244,2013-07,5179.0
244,2013-08,4831.0
244,2013-09,4809.0
244,2013-10,4793.0
244,2013-11,5109.0
244,2013-12,6366.0
244,2014-01,4708.0
244,2014-02,4801.0
244,2014-03,4952.0
244,2014-04,5224.0
244,2014-05,5040.0
244,2014-06,5676.0
244,2014-07,4981.0
244,2014-08,4983.0
244,2014-09,5333.0
244,2014-10,5092.0
244,2014-11,5939.0
244,2014-12,6569.0
244,2015-01,5586.0
244,2015-02,5177.0
244,2015-03,5812.0
244,2015-04,5690.0
244,2015-05,5620.0
244,2015-06,5939.0
244,2015-07,5040.0
245,2013-01,7220.0
245,2013-02,7522.0
245,2013-03,8418.0
245,2013-04,8031.0
245,2013-05,8728.0
245,2013-06,8386.0
245,2013-07,8752.0
245,2013-08,8480.0
245,2013-09,7921.0
245,2013-10,8309.0
245,2013-11,9414.0
245,2013-12,9923.0
245,2014-01,8483.0
245,2014-02,9181.0
245,2014-03,9003.0
245,2014-04,9598.0
245,2014-05,9472.0
245,2014-06,9693.0
245,2014-07,9409.0
245,2014-08,8431.0
245,2014-09,9053.0
245,2014-10,9130.0
245,2014-11,9227.0
245,2014-12,9524.0
245,2015-01,8464.0
245,2015-02,8604.0
245,2015-03,8974.0
245,2015-04,9317.0
245,2015-05,9899.0
245,2015-06,9650.0
245,2015-07,9801.0
246,2013-01,6679.0
246,2013-02,6955.0
246,2013-03,7511.0
246,2013-04,7047.0
246,2013-05,7447.0
246,2013-06,6952.0
246,2013-07,6643.0
246,2013-08,6974.0
246,2013-09,6702.0
246,2013-10,6550.0
246,2013-11,6828.0
246,2013-12,8471.0
246,2014-01,6557.0
246,2014-02,6811.0
246,2014-03,6493.0
246,2014-04,7420.0
246,2014-05,7063.0
246,2014-06,7318.0
246,2014-07,6798.0
246,2014-08,6560.0
246,2014-09,6748.0
246,2014-10,6905.0
246,2014-11,7406.0
246,2014-12,8583.0
246,2015-01,6946.0
246,2015-02,6777.0
246,2015-03,6958.0
246,2015-04,7597.0
246,2015-05,7532.0
246,2015-06,7236.0
246,2015-07,7348.0
247,2013-01,7239.0
247,2013-02,7991.0
247,2013-03,9485.0
247,2013-04,8099.0
247,2013-05,8835.0
247,2013-06,7664.0
247,2013-07,8524.0
247,2013-08,8165.0
247,2013-09,7507.0
247,2013-10,7692.0
247,2013-11,8615.0
247,2013-12,12008.0
247,2014-01,8023.0
247,2014-02,8165.0
247,2014-03,8043.0
247,2014-04,8994.0
247,2014-05,8653.0
247,2014-06,8882.0
247,2014-07,8574.0
247,2014-08,8179.0
247,2014-09,8256.0
247,2014-10,8363.0
247,2014-11,9101.0
247,2014-12,11443.0
247,2015-01,8350.0
247,2015-02,8033.0
247,2015-03,8837.0
247,2015-04,8951.0
247,2015-05,8776.0
247,2015-06,8493.0
247,2015-07,8331.0
248,2013-01,7736.0
248,2013-02,7876.0
248,2013-03,9108.0
248,2013-04,7674.0
248,2013-05,8197.0
248,2013-06,7940.0
248,2013-07,8571.0
248,2013-08,8531.0
248,2013-09,7725.0
248,2013-10,7659.0
248,2013-11,9015.0
248,2013-12,13593.0
248,2014-01,7465.0
248,2014-02,7720.0
248,2014-03,7494.0
248,2014-04,8613.0
248,2014-05,7900.0
248,2014-06,8122.0
248,2014-07,7920.0
248,2014-08,8322.0
248,2014-09,7739.0
248,2014-10,7588.0
248,2014-11,9072.0
248,2014-12,12719.0
248,2015-01,7462.0
248,2015-02,7617.0
248,2015-03,7891.0
248,2015-04,8373.0
248,2015-05,7995.0
248,2015-06,7898.0
248,2015-07,8049.0
249,2013-01,4591.0
249,2013-02,4784.0
249,2013-03,5591.0
249,2013-04,4690.0
249,2013-05,5003.0
249,2013-06,4836.0
249,2013-07,5069.0
249,2013-08,5586.0
249,2013-09,4718.0
249,2013-10,4692.0
249,2013-11,5444.0
249,2013-12,7085.0
249,2014-01,4795.0
249,2014-02,4764.0
249,2014-03,4800.0
249,2014-04,5431.0
249,2014-05,5255.0
249,2014-06,5307.0
249,2014-07,5124.0
249,2014-08,5533.0
249,2014-09,5073.0
249,2014-10,4954.0
249,2014-11,5801.0
249,2014-12,7267.0
249,2015-01,5256.0
249,2015-02,5058.0
249,2015-03,5303.0
249,2015-04,5676.0
249,2015-05,5600.0
249,2015-06,5373.0
249,2015-07,5540.0
250,2013-01,6940.0
250,2013-02,7210.0
250,2013-03,8178.0
250,2013-04,7588.0
250,2013-05,8069.0
250,2013-06,7190.0
250,2013-07,8166.0
250,2013-08,7294.0
250,2013-09,7118.0
250,2013-10,7292.0
250,2013-11,7810.0
250,2013-12,9862.0
250,2014-01,8407.0
250,2014-02,8423.0
250,2014-03,8333.0
250,2014-04,9397.0
250,2014-05,8924.0
250,2014-06,9280.0
250,2014-07,8754.0
250,2014-08,8083.0
250,2014-09,8144.0
250,2014-10,8485.0
250,2014-11,9703.0
250,2014-12,9893.0
250,2015-01,9297.0
250,2015-02,8470.0
250,2015-03,9099.0
250,2015-04,9763.0
250,2015-05,9355.0
250,2015-06,9305.0
250,2015-07,9111.0
251,2013-01,18201.0
251,2013-02,18931.0
251,2013-03,20698.0
251,2013-04,18575.0
251,2013-05,20557.0
251,2013-06,18153.0
251,2013-07,18329.0
251,2013-08,17190.0
251,2013-09,17055.0
251,2013-10,18222.0
251,2013-11,20158.0
251,2013-12,24341.0
251,2014-01,17670.0
251,2014-02,18160.0
251,2014-03,18042.0
251,2014-04,19173.0
251,2014-05,18979.0
251,2014-06,19206.0
251,2014-07,17838.0
251,2014-08,17780.0
251,2014-09,17917.0
251,2014-10,18082.0
251,2014-11,21017.0
251,2014-12,23970.0
251,2015-01,18468.0
251,2015-02,18780.0
251,2015-03,19390.0
251,2015-04,19781.0
251,2015-05,20460.0
251,2015-06,20743.0
251,2015-07,18160.0
252,2013-01,10242.0
252,2013-02,10106.0
252,2013-03,11527.0
252,2013-04,10634.0
252,2013-05,11852.0
252,2013-06,10424.0
252,2013-07,11769.0
252,2013-08,10653.0
252,2013-09,9433.0
252,2013-10,10104.0
252,2013-11,10237.0
252,2013-12,12935.0
252,2014-01,10145.0
252,2014-02,10408.0
252,2014-03,10011.0
252,2014-04,11004.0
252,2014-05,10504.0
252,2014-06,11327.0
252,2014-07,10569.0
252,2014-08,10130.0
252,2014-09,9663.0
252,2014-10,9831.0
252,2014-11,10924.0
252,2014-12,12030.0
252,2015-01,10519.0
252,2015-02,9627.0
252,2015-03,10021.0
252,2015-04,10723.0
252,2015-05,10529.0
252,2015-06,11132.0
252,2015-07,10394.0
253,2013-01,4862.0
253,2013-02,5322.0
253,2013-03,6010.0
253,2013-04,5385.0
253,2013-05,6056.0
253,2013-06,5310.0
253,2013-07,5931.0
253,2013-08,5582.0
253,2013-09,5549.0
253,2013-10,5702.0
253,2013-11,6116.0
253,2013-12,8002.0
253,2014-01,5994.0
253,2014-02,5703.0
253,2014-03,5831.0
253,2014-04,6060.0
253,2014-05,5830.0
253,2014-06,5871.0
253,2014-07,5018.0
253,2014-08,5021.0
253,2014-09,5217.0
253,2014-10,5298.0
253,2014-11,5731.0
253,2014-12,6492.0
253,2015-01,5832.0
253,2015-02,5869.0
253,2015-03,5564.0
253,2015-04,5952.0
253,2015-05,5660.0
253,2015-06,6122.0
253,2015-07,5549.0
254,2013-01,2383.0
254,2013-02,2465.0
254,2013-03,2927.0
254,2013-04,2735.0
254,2013-05,3059.0
254,2013-06,2713.0
254,2013-07,2739.0
254,2013-08,2681.0
254,2013-09,2540.0
254,2013-10,2799.0
254,2013-11,2921.0
254,2013-12,3636.0
254,2014-01,2863.0
254,2014-02,2937.0
254,2014-03,2991.0
254,2014-04,3207.0
254,2014-05,3089.0
254,2014-06,3235.0
254,2014-07,2979.0
254,2014-08,2957.0
254,2014-09,3009.0
254,2014-10,3026.0
254,2014-11,3267.0
254,2014-12,3724.0
254,2015-01,3055.0
254,2015-02,2978.0
254,2015-03,3177.0
254,2015-04,3307.0
254,2015-05,3444.0
254,2015-06,3367.0
254,2015-07,3137.0
255,2013-01,5554.0
255,2013-02,5748.0
255,2013-03,6321.0
255,2013-04,5878.0
255,2013-05,6402.0
255,2013-06,5675.0
255,2013-07,6295.0
255,2013-08,5834.0
255,2013-09,5694.0
255,2013-10,5769.0
255,2013-11,6322.0
255,2013-12,7810.0
255,2014-01,5997.0
255,2014-02,6343.0
255,2014-03,6052.0
255,2014-04,6654.0
255,2014-05,6600.0
255,2014-06,6446.0
255,2014-07,6072.0
255,2014-08,5921.0
255,2014-09,5757.0
255,2014-10,5894.0
255,2014-11,6694.0
255,2014-12,7564.0
255,2015-01,6262.0
255,2015-02,5876.0
255,2015-03,6370.0
255,2015-04,6843.0
255,2015-05,6947.0
255,2015-06,6817.0
255,2015-07,6315.0
256,2013-01,9142.0
256,2013-02,9710.0
256,2013-03,11168.0
256,2013-04,9944.0
256,2013-05,10670.0
256,2013-06,9785.0
256,2013-07,11017.0
256,2013-08,10273.0
256,2013-09,9415.0
256,2013-10,9373.0
256,2013-11,10231.0
256,2013-12,13718.0
256,2014-01,9732.0
256,2014-02,10051.0
256,2014-03,9763.0
256,2014-04,10079.0
256,2014-05,9888.0
256,2014-06,10280.0
256,2014-07,9475.0
256,2014-08,9754.0
256,2014-09,9423.0
256,2014-10,9823.0
256,2014-11,10237.0
256,2014-12,11455.0
256,2015-01,8648.0
256,2015-02,8751.0
256,2015-03,9037.0
256,2015-04,8559.0
256,2015-05,8780.0
256,2015-06,8951.0
256,2015-07,7947.0
257,2013-01,5751.0
257,2013-02,5759.0
257,2013-03,6132.0
257,2013-04,6011.0
257,2013-05,6237.0
257,2013-06,5783.0
257,2013-07,5750.0
257,2013-08,5175.0
257,2013-09,4918.0
257,2013-10,5169.0
257,2013-11,5290.0
257,2013-12,6207.0
257,2014-01,4980.0
257,2014-02,5107.0
257,2014-03,5054.0
257,2014-04,5355.0
257,2014-05,5133.0
257,2014-06,5368.0
257,2014-07,4849.0
257,2014-08,4618.0
257,2014-09,4937.0
257,2014-10,5092.0
257,2014-11,5352.0
257,2014-12,5848.0
257,2015-01,4945.0
257,2015-02,4961.0
257,2015-03,5200.0
257,2015-04,5236.0
257,2015-05,5246.0
257,2015-06,5064.0
257,2015-07,5075.0
258,2013-01,5072.0
258,2013-02,5144.0
258,2013-03,5465.0
258,2013-04,5042.0
258,2013-05,5745.0
258,2013-06,5232.0
258,2013-07,5956.0
258,2013-08,5812.0
258,2013-09,5261.0
258,2013-10,5286.0
258,2013-11,5560.0
258,2013-12,7100.0
258,2014-01,5485.0
258,2014-02,5287.0
258,2014-03,5357.0
258,2014-04,5627.0
258,2014-05,5559.0
258,2014-06,6288.0
258,2015-01,5778.0
258,2015-02,5517.0
258,2015-03,5815.0
258,2015-04,5826.0
258,2015-05,6027.0
258,2015-06,6005.0
258,2015-07,5912.0
259,2013-01,6980.0
259,2013-02,9452.0
259,2013-03,10355.0
259,2013-04,10317.0
259,2013-05,11142.0
259,2013-06,10509.0
259,2013-07,10125.0
259,2013-08,9976.0
259,2013-09,10408.0
259,2013-10,10894.0
259,2013-11,11292.0
259,2013-12,12348.0
259,2014-01,11185.0
259,2014-02,12078.0
259,2014-03,11200.0
259,2014-04,11942.0
259,2014-05,12295.0
259,2014-06,12583.0
259,2014-07,12173.0
259,2014-08,11832.0
259,2014-09,12062.0
259,2014-10,12335.0
259,2014-11,12325.0
259,2014-12,13052.0
259,2015-01,12090.0
259,2015-02,12990.0
259,2015-03,12782.0
259,2015-04,13376.0
259,2015-05,13799.0
259,2015-06,13456.0
259,2015-07,12593.0
260,2013-01,6323.0
260,2013-02,6208.0
260,2013-03,6868.0
260,2013-04,6576.0
260,2013-05,6950.0
260,2013-06,6692.0
260,2013-07,6587.0
260,2013-08,6482.0
260,2013-09,6299.0
260,2013-10,6581.0
260,2013-11,6619.0
260,2013-12,6915.0
260,2014-01,6291.0
260,2014-02,6372.0
260,2014-03,6526.0
260,2014-04,6933.0
260,2014-05,6741.0
260,2014-06,6825.0
260,2014-07,6596.0
260,2014-08,6378.0
260,2014-09,6329.0
260,2014-10,7303.0
260,2014-11,6617.0
260,2014-12,6659.0
260,2015-01,6242.0
260,2015-02,6294.0
260,2015-03,6403.0
260,2015-04,6560.0
260,2015-05,6571.0
260,2015-06,6376.0
260,2015-07,6319.0
261,2013-01,11762.0
261,2013-02,11538.0
261,2013-03,13518.0
261,2013-04,12000.0
261,2013-05,13049.0
261,2013-06,11298.0
261,2013-07,13070.0
261,2013-08,12005.0
261,2013-09,11917.0
261,2013-10,11921.0
261,2013-11,12407.0
261,2013-12,17419.0
261,2014-01,12025.0
261,2014-02,12071.0
261,2014-03,12350.0
261,2014-04,13052.0
261,2014-05,12176.0
261,2014-06,13474.0
261,2014-07,12693.0
261,2014-08,11273.0
261,2014-09,12677.0
261,2014-10,12152.0
261,2014-11,13615.0
261,2014-12,16108.0
261,2015-01,12682.0
261,2015-02,11521.0
261,2015-03,12958.0
261,2015-04,12880.0
261,2015-05,11616.0
261,2015-06,12333.0
261,2015-07,11865.0
262,2013-01,18274.0
262,2013-02,19613.0
262,2013-03,21712.0
262,2013-04,20341.0
262,2013-05,22949.0
262,2013-06,21003.0
262,2013-07,19866.0
262,2013-08,20276.0
262,2013-09,20018.0
262,2013-10,20131.0
262,2013-11,19962.0
262,2013-12,24396.0
262,2014-01,18711.0
262,2014-02,19753.0
262,2014-03,19537.0
262,2014-04,21849.0
262,2014-05,22226.0
262,2014-06,21867.0
262,2014-07,19695.0
262,2014-08,20518.0
262,2014-09,19031.0
262,2014-10,19810.0
262,2014-11,20573.0
262,2014-12,24246.0
262,2015-01,18735.0
262,2015-02,19811.0
262,2015-03,19833.0
262,2015-04,22250.0
262,2015-05,22924.0
262,2015-06,20347.0
262,2015-07,21730.0
263,2013-01,2748.0
263,2013-02,2962.0
263,2013-03,3411.0
263,2013-04,3138.0
263,2013-05,3418.0
263,2013-06,3002.0
263,2013-07,3153.0
263,2013-08,3170.0
263,2013-09,3339.0
263,2013-10,3768.0
263,2013-11,3623.0
263,2013-12,4171.0
263,2014-01,3457.0
263,2014-02,3418.0
263,2014-03,3576.0
263,2014-04,3681.0
263,2014-05,3794.0
263,2014-06,3774.0
263,2015-01,4488.0
263,2015-02,4081.0
263,2015-03,4507.0
263,2015-04,4587.0
263,2015-05,4642.0
263,2015-06,4553.0
263,2015-07,4332.0
264,2013-01,7463.0
264,2013-02,7619.0
264,2013-03,8506.0
264,2013-04,7919.0
264,2013-05,8232.0
264,2013-06,7529.0
264,2013-07,7107.0
264,2013-08,7254.0
264,2013-09,7081.0
264,2013-10,7124.0
264,2013-11,7304.0
264,2013-12,8588.0
264,2014-01,7145.0
264,2014-02,7398.0
264,2014-03,6924.0
264,2014-04,7351.0
264,2014-05,9030.0
264,2014-06,15207.0
264,2014-07,6949.0
264,2014-08,6109.0
264,2014-09,6096.0
264,2014-10,6171.0
264,2014-11,6695.0
264,2014-12,7326.0
264,2015-01,6467.0
264,2015-02,6301.0
264,2015-03,6869.0
264,2015-04,7152.0
264,2015-05,7102.0
264,2015-06,6941.0
264,2015-07,6730.0
265,2013-01,4548.0
265,2013-02,4579.0
265,2013-03,5129.0
265,2013-04,4600.0
265,2013-05,5051.0
265,2013-06,4419.0
265,2013-07,5226.0
265,2013-08,4503.0
265,2013-09,4430.0
265,2013-10,4594.0
265,2013-11,4808.0
265,2013-12,6110.0
265,2014-01,4733.0
265,2014-02,4923.0
265,2014-03,4730.0
265,2014-04,5303.0
265,2014-05,4867.0
265,2014-06,5320.0
265,2014-07,4812.0
265,2014-08,4408.0
265,2014-09,4488.0
265,2014-10,4666.0
265,2014-11,5164.0
265,2014-12,5986.0
265,2015-01,4853.0
265,2015-02,4775.0
265,2015-03,4966.0
265,2015-04,5416.0
265,2015-05,5360.0
265,2015-06,5631.0
265,2015-07,5425.0
266,2013-01,4636.0
266,2013-02,4626.0
266,2013-03,5391.0
266,2013-04,4880.0
266,2013-05,5266.0
266,2013-06,4761.0
266,2013-07,5114.0
266,2013-08,5005.0
266,2013-09,4794.0
266,2013-10,4001.0
266,2013-11,4358.0
266,2013-12,5633.0
266,2014-01,3731.0
266,2014-02,3945.0
266,2014-03,3822.0
266,2014-04,3842.0
266,2014-05,3827.0
266,2014-06,4023.0
266,2014-07,3839.0
266,2014-08,3694.0
266,2014-09,3722.0
266,2014-10,4135.0
266,2014-11,4914.0
266,2014-12,5243.0
266,2015-01,3930.0
266,2015-02,4018.0
266,2015-03,4116.0
266,2015-04,4287.0
266,2015-05,4328.0
266,2015-06,4181.0
266,2015-07,4143.0
267,2013-01,8496.0
267,2013-02,8893.0
267,2013-03,10390.0
267,2013-04,8575.0
267,2013-05,9473.0
267,2013-06,8798.0
267,2013-07,8750.0
267,2013-08,8900.0
267,2013-09,8610.0
267,2013-10,8490.0
267,2013-11,10105.0
267,2013-12,13767.0
267,2014-01,8885.0
267,2014-02,8630.0
267,2014-03,7964.0
267,2014-04,9592.0
267,2014-05,8905.0
267,2014-06,8499.0
267,2014-07,9098.0
267,2014-08,9044.0
267,2014-09,7949.0
267,2014-10,8603.0
267,2014-11,10078.0
267,2014-12,13934.0
267,2015-01,9258.0
267,2015-02,8404.0
267,2015-03,8645.0
267,2015-04,9393.0
267,2015-05,9902.0
267,2015-06,8439.0
267,2015-07,9927.0
268,2013-01,4397.0
268,2013-02,4516.0
268,2013-03,4953.0
268,2013-04,4745.0
268,2013-05,5047.0
268,2013-06,4687.0
268,2013-07,5016.0
268,2013-08,5144.0
268,2013-09,4872.0
268,2013-10,4490.0
268,2013-11,4804.0
268,2013-12,6288.0
268,2014-01,4593.0
268,2014-02,4639.0
268,2014-03,4471.0
268,2014-04,4889.0
268,2014-05,4744.0
268,2014-06,5099.0
268,2014-07,4833.0
268,2014-08,4425.0
268,2014-09,4580.0
268,2014-10,4635.0
268,2014-11,5131.0
268,2014-12,6066.0
268,2015-01,4729.0
268,2015-02,4667.0
268,2015-03,4805.0
268,2015-04,5174.0
268,2015-05,4999.0
268,2015-06,5241.0
268,2015-07,4776.0
269,2013-01,8227.0
269,2013-02,9030.0
269,2013-03,10653.0
269,2013-04,9055.0
269,2013-05,9566.0
269,2013-06,8651.0
269,2013-07,9775.0
269,2013-08,8872.0
269,2013-09,8756.0
269,2013-10,8878.0
269,2013-11,9559.0
269,2013-12,12517.0
269,2014-01,9090.0
269,2014-02,9357.0
269,2014-03,9195.0
269,2014-04,9947.0
269,2014-05,9180.0
269,2014-06,9676.0
269,2014-07,8811.0
269,2014-08,8847.0
269,2014-09,8872.0
269,2014-10,8689.0
269,2014-11,10280.0
269,2014-12,11721.0
269,2015-01,8917.0
269,2015-02,8780.0
269,2015-03,9193.0
269,2015-04,9439.0
269,2015-05,9259.0
269,2015-06,9981.0
269,2015-07,7530.0
270,2013-01,8649.0
270,2013-02,8873.0
270,2013-03,9683.0
270,2013-04,9048.0
270,2013-05,9464.0
270,2013-06,8989.0
270,2013-07,8457.0
270,2013-08,8581.0
270,2013-09,8640.0
270,2013-10,9094.0
270,2013-11,8953.0
270,2013-12,10099.0
270,2014-01,8792.0
270,2014-02,8935.0
270,2014-03,8857.0
270,2014-04,9518.0
270,2014-05,9289.0
270,2014-06,9646.0
270,2014-07,8933.0
270,2014-08,8657.0
270,2014-09,8935.0
270,2014-10,9202.0
270,2014-11,9623.0
270,2014-12,10417.0
270,2015-01,9240.0
270,2015-02,9237.0
270,2015-03,9631.0
270,2015-04,10326.0
270,2015-05,10446.0
270,2015-06,10139.0
270,2015-07,10026.0
271,2013-01,6925.0
271,2013-02,6801.0
271,2013-03,8005.0
271,2013-04,7008.0
271,2013-05,7506.0
271,2013-06,6689.0
271,2013-07,7569.0
271,2013-08,6880.0
271,2013-09,6989.0
271,2013-10,7220.0
271,2013-11,7784.0
271,2013-12,10425.0
271,2014-01,7323.0
271,2014-02,7731.0
271,2014-03,7740.0
271,2014-04,8005.0
271,2014-05,7516.0
271,2014-06,8169.0
271,2014-07,7657.0
271,2014-08,7027.0
271,2014-09,7921.0
271,2014-10,7634.0
271,2014-11,8844.0
271,2014-12,10366.0
271,2015-01,8234.0
271,2015-02,8223.0
271,2015-03,9238.0
271,2015-04,7960.0
271,2015-05,7844.0
271,2015-06,8432.0
271,2015-07,7671.0
272,2013-01,5534.0
272,2013-02,5734.0
272,2013-03,6531.0
272,2013-04,5984.0
272,2013-05,6373.0
272,2013-06,5905.0
272,2013-07,6341.0
272,2013-08,6088.0
272,2013-09,5819.0
272,2013-10,5650.0
272,2013-11,6038.0
272,2013-12,8340.0
272,2014-01,5857.0
272,2014-02,6041.0
272,2014-03,6018.0
272,2014-04,6502.0
272,2014-05,6075.0
272,2014-06,6721.0
272,2014-07,6368.0
272,2014-08,5784.0
272,2014-09,6186.0
272,2014-10,5894.0
272,2014-11,6571.0
272,2014-12,7864.0
272,2015-01,6009.0
272,2015-02,5609.0
272,2015-03,6314.0
272,2015-04,6374.0
272,2015-05,6166.0
272,2015-06,6640.0
272,2015-07,6235.0
273,2013-01,5615.0
273,2013-02,6034.0
273,2013-03,6894.0
273,2013-04,6072.0
273,2013-05,6902.0
273,2013-06,6127.0
273,2013-07,7115.0
273,2013-08,6475.0
273,2013-09,6367.0
273,2013-10,6291.0
273,2013-11,6797.0
273,2013-12,8358.0
273,2014-01,6590.0
273,2014-02,6728.0
273,2014-03,6720.0
273,2014-04,7099.0
273,2014-05,7017.0
273,2014-06,7652.0
273,2014-07,6957.0
273,2014-08,6994.0
273,2014-09,6863.0
273,2014-10,6733.0
273,2014-11,7897.0
273,2014-12,8827.0
273,2015-01,7375.0
273,2015-02,7190.0
273,2015-03,7594.0
273,2015-04,8016.0
273,2015-05,8020.0
273,2015-06,8256.0
273,2015-07,7582.0
274,2013-01,2380.0
274,2013-02,3273.0
274,2013-03,3730.0
274,2013-04,3418.0
274,2013-05,4013.0
274,2013-06,3726.0
274,2013-07,3514.0
274,2013-08,3483.0
274,2013-09,3627.0
274,2013-10,3561.0
274,2013-11,3882.0
274,2013-12,4314.0
274,2014-01,3437.0
274,2014-02,3812.0
274,2014-03,3934.0
274,2014-04,4256.0
274,2014-05,4287.0
274,2014-06,4535.0
274,2014-07,4091.0
274,2014-08,3928.0
274,2014-09,3943.0
274,2014-10,4110.0
274,2014-11,4376.0
274,2014-12,4692.0
274,2015-01,3918.0
274,2015-02,4231.0
274,2015-03,4359.0
274,2015-04,4734.0
274,2015-05,5015.0
274,2015-06,5387.0
274,2015-07,5924.0
275,2013-01,7307.0
275,2013-02,7389.0
275,2013-03,8246.0
275,2013-04,7589.0
275,2013-05,8022.0
275,2013-06,7299.0
275,2013-07,8019.0
275,2013-08,7349.0
275,2013-09,7206.0
275,2013-10,7714.0
275,2013-11,7949.0
275,2013-12,9190.0
275,2014-01,7603.0
275,2014-02,7487.0
275,2014-03,7536.0
275,2014-04,8175.0
275,2014-05,6857.0
275,2014-06,6802.0
275,2015-01,7010.0
275,2015-02,6496.0
275,2015-03,7040.0
275,2015-04,7037.0
275,2015-05,6982.0
275,2015-06,7100.0
275,2015-07,6719.0
276,2013-01,3772.0
276,2013-02,3735.0
276,2013-03,4230.0
276,2013-04,3840.0
276,2013-05,4166.0
276,2013-06,3693.0
276,2013-07,4193.0
276,2013-08,3717.0
276,2013-09,3973.0
276,2013-10,4022.0
276,2013-11,4394.0
276,2013-12,5304.0
276,2014-01,3877.0
276,2014-02,4048.0
276,2014-03,4080.0
276,2014-04,4513.0
276,2014-05,4368.0
276,2014-06,4414.0
276,2014-07,4258.0
276,2014-08,3983.0
276,2014-09,4307.0
276,2014-10,3974.0
276,2014-11,4444.0
276,2014-12,4867.0
276,2015-01,3656.0
276,2015-02,3793.0
276,2015-03,3907.0
276,2015-04,3992.0
276,2015-05,4044.0
276,2015-06,3699.0
276,2015-07,3719.0
277,2013-01,6260.0
277,2013-02,6123.0
277,2013-03,6852.0
277,2013-04,6303.0
277,2013-05,6989.0
277,2013-06,6183.0
277,2013-07,6819.0
277,2013-08,6584.0
277,2013-09,6022.0
277,2013-10,6369.0
277,2013-11,6712.0
277,2013-12,8416.0
277,2014-01,6650.0
277,2014-02,6248.0
277,2014-03,5882.0
277,2014-04,6465.0
277,2014-05,6097.0
277,2014-06,6396.0
277,2015-01,6482.0
277,2015-02,5744.0
277,2015-03,6088.0
277,2015-04,6447.0
277,2015-05,6422.0
277,2015-06,6362.0
277,2015-07,6291.0
278,2013-01,6492.0
278,2013-02,6669.0
278,2013-03,7544.0
278,2013-04,6585.0
278,2013-05,6806.0
278,2013-06,6316.0
278,2013-07,7127.0
278,2013-08,7420.0
278,2013-09,6703.0
278,2013-10,6493.0
278,2013-11,7363.0
278,2013-12,9237.0
278,2014-01,6667.0
278,2014-02,6856.0
278,2014-03,6880.0
278,2014-04,7696.0
278,2014-05,7057.0
278,2014-06,7167.0
278,2014-07,7048.0
278,2014-08,7208.0
278,2014-09,6871.0
278,2014-10,6728.0
278,2014-11,7684.0
278,2014-12,8967.0
278,2015-01,6843.0
278,2015-02,6725.0
278,2015-03,7112.0
278,2015-04,7369.0
278,2015-05,7358.0
278,2015-06,7137.0
278,2015-07,7427.0
279,2013-01,6382.0
279,2013-02,6713.0
279,2013-03,8388.0
279,2013-04,7419.0
279,2013-05,8125.0
279,2013-06,7395.0
279,2013-07,7927.0
279,2013-08,7545.0
279,2013-09,7825.0
279,2013-10,7914.0
279,2013-11,8456.0
279,2013-12,10746.0
279,2014-01,8432.0
279,2014-02,8514.0
279,2014-03,9325.0
279,2014-04,9488.0
279,2014-05,9465.0
279,2014-06,10537.0
279,2015-01,10501.0
279,2015-02,9660.0
279,2015-03,10458.0
279,2015-04,10202.0
279,2015-05,10539.0
279,2015-06,11154.0
279,2015-07,9401.0
280,2013-01,5879.0
280,2013-02,6007.0
280,2013-03,6721.0
280,2013-04,5946.0
280,2013-05,6690.0
280,2013-06,6072.0
280,2013-07,6677.0
280,2013-08,5988.0
280,2013-09,5974.0
280,2013-10,5698.0
280,2013-11,6158.0
280,2013-12,7925.0
280,2014-01,5828.0
280,2014-02,5848.0
280,2014-03,5882.0
280,2014-04,6402.0
280,2014-05,6329.0
280,2014-06,6310.0
280,2014-07,6077.0
280,2014-08,5711.0
280,2014-09,5751.0
280,2014-10,6014.0
280,2014-11,6765.0
280,2014-12,7719.0
280,2015-01,6241.0
280,2015-02,5873.0
280,2015-03,6137.0
280,2015-04,6560.0
280,2015-05,6465.0
280,2015-06,6274.0
280,2015-07,6576.0
281,2013-01,5228.0
281,2013-02,5402.0
281,2013-03,6278.0
281,2013-04,5470.0
281,2013-05,5698.0
281,2013-06,5426.0
281,2013-07,5607.0
281,2013-08,5850.0
281,2013-09,5183.0
281,2013-10,5235.0
281,2013-11,6172.0
281,2013-12,7431.0
281,2014-01,5460.0
281,2014-02,5331.0
281,2014-03,5475.0
281,2014-04,6163.0
281,2014-05,5829.0
281,2014-06,5727.0
281,2014-07,5658.0
281,2014-08,5903.0
281,2014-09,5546.0
281,2014-10,5571.0
281,2014-11,6667.0
281,2014-12,7671.0
281,2015-01,5788.0
281,2015-02,5556.0
281,2015-03,5918.0
281,2015-04,6200.0
281,2015-05,6128.0
281,2015-06,6080.0
281,2015-07,6170.0
282,2013-01,4083.0
282,2013-02,4136.0
282,2013-03,4508.0
282,2013-04,4438.0
282,2013-05,4756.0
282,2013-06,4329.0
282,2013-07,4042.0
282,2013-08,4192.0
282,2013-09,4289.0
282,2013-10,4423.0
282,2013-11,4323.0
282,2013-12,4866.0
282,2014-01,4138.0
282,2014-02,4291.0
282,2014-03,4313.0
282,2014-04,4731.0
282,2014-05,4398.0
282,2014-06,4720.0
282,2014-07,4302.0
282,2014-08,3914.0
282,2014-09,4348.0
282,2014-10,4379.0
282,2014-11,4548.0
282,2014-12,4506.0
282,2015-01,4282.0
282,2015-02,4180.0
282,2015-03,4558.0
282,2015-04,4802.0
282,2015-05,4785.0
282,2015-06,4772.0
282,2015-07,4479.0
283,2013-01,6384.0
283,2013-02,6456.0
283,2013-03,6941.0
283,2013-04,6710.0
283,2013-05,7245.0
283,2013-06,6585.0
283,2013-07,7233.0
283,2013-08,6680.0
283,2013-09,6391.0
283,2013-10,6985.0
283,2013-11,7031.0
283,2013-12,8234.0
283,2014-01,6753.0
283,2014-02,6828.0
283,2014-03,6813.0
283,2014-04,7291.0
283,2014-05,7119.0
283,2014-06,7364.0
283,2015-01,7202.0
283,2015-02,6915.0
283,2015-03,7501.0
283,2015-04,7597.0
283,2015-05,7925.0
283,2015-06,8061.0
283,2015-07,7722.0
284,2013-01,4889.0
284,2013-02,5028.0
284,2013-03,5905.0
284,2013-04,5363.0
284,2013-05,5652.0
284,2013-06,5092.0
284,2013-07,5715.0
284,2013-08,5153.0
284,2013-09,4751.0
284,2013-10,5149.0
284,2013-11,5127.0
284,2013-12,6118.0
284,2014-01,4997.0
284,2014-02,5166.0
284,2014-03,5152.0
284,2014-04,5509.0
284,2014-05,5310.0
284,2014-06,5482.0
284,2015-01,6016.0
284,2015-02,5556.0
284,2015-03,6004.0
284,2015-04,5488.0
284,2015-05,5564.0
284,2015-06,5764.0
284,2015-07,5437.0
285,2013-01,4125.0
285,2013-02,4406.0
285,2013-03,4991.0
285,2013-04,4577.0
285,2013-05,4936.0
285,2013-06,4750.0
285,2013-07,4828.0
285,2013-08,4473.0
285,2013-09,4405.0
285,2013-10,4521.0
285,2013-11,4679.0
285,2013-12,5710.0
285,2014-01,4692.0
285,2014-02,4898.0
285,2014-03,5182.0
285,2014-04,5608.0
285,2014-05,5521.0
285,2014-06,5787.0
285,2014-07,5326.0
285,2014-08,5010.0
285,2014-09,5248.0
285,2014-10,5307.0
285,2014-11,5781.0
285,2014-12,6253.0
285,2015-01,5265.0
285,2015-02,5266.0
285,2015-03,5452.0
285,2015-04,5768.0
285,2015-05,5959.0
285,2015-06,5713.0
285,2015-07,5605.0
286,2013-01,4728.0
286,2013-02,4593.0
286,2013-03,5359.0
286,2013-04,4905.0
286,2013-05,5532.0
286,2013-06,4674.0
286,2013-07,5234.0
286,2013-08,4789.0
286,2013-09,4802.0
286,2013-10,4632.0
286,2013-11,4828.0
286,2013-12,6335.0
286,2014-01,4811.0
286,2014-02,4775.0
286,2014-03,4656.0
286,2014-04,5342.0
286,2014-05,4984.0
286,2014-06,5450.0
286,2014-07,5116.0
286,2014-08,4456.0
286,2014-09,4845.0
286,2014-10,4733.0
286,2014-11,5294.0
286,2014-12,6187.0
286,2015-01,5130.0
286,2015-02,4662.0
286,2015-03,5253.0
286,2015-04,5398.0
286,2015-05,3691.0
286,2015-06,3968.0
286,2015-07,3748.0
287,2013-01,7499.0
287,2013-02,7695.0
287,2013-03,8351.0
287,2013-04,7986.0
287,2013-05,8451.0
287,2013-06,7806.0
287,2013-07,8268.0
287,2013-08,7699.0
287,2013-09,7637.0
287,2013-10,7926.0
287,2013-11,8317.0
287,2013-12,8927.0
287,2014-01,7815.0
287,2014-02,7867.0
287,2014-03,7706.0
287,2014-04,8575.0
287,2014-05,8178.0
287,2014-06,8314.0
287,2015-01,8397.0
287,2015-02,8100.0
287,2015-03,8320.0
287,2015-04,8618.0
287,2015-05,8626.0
287,2015-06,8546.0
287,2015-07,8334.0
288,2013-01,5088.0
288,2013-02,5293.0
288,2013-03,5582.0
288,2013-04,5087.0
288,2013-05,5343.0
288,2013-06,5099.0
288,2013-07,5351.0
288,2013-08,5812.0
288,2013-09,5312.0
288,2013-10,5177.0
288,2013-11,5719.0
288,2013-12,7625.0
288,2014-01,5423.0
288,2014-02,5694.0
288,2014-03,5450.0
288,2014-04,5858.0
288,2014-05,5730.0
288,2014-06,6152.0
288,2015-01,6040.0
288,2015-02,5359.0
288,2015-03,5509.0
288,2015-04,5848.0
288,2015-05,5913.0
288,2015-06,5890.0
288,2015-07,5486.0
289,2013-01,5637.0
289,2013-02,6009.0
289,2013-03,6631.0
289,2013-04,6116.0
289,2013-05,6512.0
289,2013-06,6220.0
289,2013-07,6635.0
289,2013-08,6063.0
289,2013-09,5982.0
289,2013-10,5849.0
289,2013-11,6244.0
289,2013-12,8187.0
289,2014-01,6091.0
289,2014-02,6298.0
289,2014-03,6254.0
289,2014-04,6914.0
289,2014-05,6701.0
289,2014-06,7083.0
289,2014-07,6770.0
289,2014-08,5825.0
289,2014-09,5552.0
289,2014-10,5730.0
289,2014-11,6497.0
289,2014-12,7524.0
289,2015-01,5906.0
289,2015-02,5802.0
289,2015-03,6024.0
289,2015-04,6402.0
289,2015-05,6541.0
289,2015-06,6246.0
289,2015-07,6020.0
290,2013-01,6301.0
290,2013-02,6494.0
290,2013-03,7194.0
290,2013-04,6794.0
290,2013-05,7374.0
290,2013-06,6465.0
290,2013-07,7245.0
290,2013-08,6247.0
290,2013-09,6315.0
290,2013-10,6500.0
290,2013-11,6737.0
290,2013-12,8273.0
290,2014-01,6569.0
290,2014-02,6550.0
290,2014-03,6883.0
290,2014-04,7477.0
290,2014-05,6992.0
290,2014-06,7632.0
290,2014-07,6991.0
290,2014-08,6435.0
290,2014-09,7030.0
290,2014-10,6787.0
290,2014-11,7661.0
290,2014-12,8350.0
290,2015-01,6970.0
290,2015-02,6717.0
290,2015-03,7261.0
290,2015-04,7399.0
290,2015-05,7426.0
290,2015-06,7793.0
290,2015-07,6897.0
291,2013-01,7377.0
291,2013-02,7484.0
291,2013-03,8477.0
291,2013-04,7479.0
291,2013-05,8335.0
291,2013-06,7413.0
291,2013-07,8257.0
291,2013-08,7607.0
291,2013-09,7485.0
291,2013-10,7669.0
291,2013-11,8328.0
291,2013-12,11386.0
291,2014-01,7332.0
291,2014-02,7539.0
291,2014-03,7348.0
291,2014-04,8286.0
291,2014-05,7901.0
291,2014-06,8053.0
291,2014-07,7890.0
291,2014-08,7608.0
291,2014-09,7704.0
291,2014-10,7623.0
291,2014-11,8894.0
291,2014-12,10834.0
291,2015-01,7616.0
291,2015-02,7448.0
291,2015-03,7763.0
291,2015-04,8161.0
291,2015-05,7871.0
291,2015-06,7926.0
291,2015-07,7916.0
292,2013-01,5319.0
292,2013-02,5387.0
292,2013-03,5871.0
292,2013-04,5602.0
292,2013-05,5859.0
292,2013-06,5387.0
292,2013-07,5321.0
292,2013-08,5329.0
292,2013-09,5131.0
292,2013-10,5423.0
292,2013-11,5768.0
292,2013-12,6636.0
292,2014-01,5446.0
292,2014-02,5565.0
292,2014-03,5694.0
292,2014-04,5962.0
292,2014-05,5755.0
292,2014-06,6029.0
292,2014-07,5445.0
292,2014-08,5222.0
292,2014-09,5621.0
292,2014-10,5727.0
292,2014-11,6197.0
292,2014-12,6621.0
292,2015-01,5676.0
292,2015-02,5663.0
292,2015-03,6093.0
292,2015-04,6234.0
292,2015-05,6111.0
292,2015-06,7565.0
292,2015-07,5033.0
293,2013-01,5875.0
293,2013-02,5949.0
293,2013-03,6821.0
293,2013-04,6083.0
293,2013-05,6190.0
293,2013-06,5745.0
293,2013-07,5918.0
293,2013-08,5829.0
293,2013-09,5688.0
293,2013-10,5753.0
293,2013-11,6107.0
293,2013-12,7922.0
293,2014-01,5930.0
293,2014-02,6046.0
293,2014-03,6055.0
293,2014-04,6579.0
293,2014-05,6207.0
293,2014-06,6262.0
293,2014-07,5889.0
293,2014-08,5886.0
293,2014-09,6000.0
293,2014-10,6061.0
293,2014-11,6781.0
293,2014-12,7944.0
293,2015-01,6403.0
293,2015-02,6036.0
293,2015-03,6521.0
293,2015-04,6793.0
293,2015-05,6583.0
293,2015-06,6331.0
293,2015-07,6102.0
294,2013-01,4915.0
294,2013-02,5161.0
294,2013-03,5628.0
294,2013-04,5298.0
294,2013-05,5481.0
294,2013-06,4952.0
294,2013-07,5561.0
294,2013-08,4948.0
294,2013-09,4942.0
294,2013-10,4903.0
294,2013-11,5421.0
294,2013-12,7031.0
294,2014-01,5546.0
294,2014-02,6408.0
294,2014-03,6439.0
294,2014-04,6199.0
294,2014-05,5949.0
294,2014-06,6100.0
294,2014-07,6129.0
294,2014-08,5300.0
294,2014-09,5600.0
294,2014-10,5733.0
294,2014-11,5974.0
294,2014-12,6669.0
294,2015-01,5635.0
294,2015-02,5692.0
294,2015-03,6143.0
294,2015-04,6403.0
294,2015-05,6213.0
294,2015-06,6289.0
294,2015-07,6431.0
295,2013-01,4152.0
295,2013-02,3993.0
295,2013-03,4799.0
295,2013-04,4692.0
295,2013-05,4891.0
295,2013-06,4776.0
295,2013-07,5523.0
295,2013-08,5099.0
295,2013-09,5067.0
295,2013-10,4730.0
295,2013-11,5025.0
295,2013-12,6192.0
295,2014-01,4687.0
295,2014-02,4874.0
295,2014-03,4876.0
295,2014-04,5566.0
295,2014-05,5538.0
295,2014-06,5831.0
295,2014-07,5448.0
295,2014-08,5650.0
295,2014-09,5401.0
295,2014-10,5147.0
295,2014-11,5613.0
295,2014-12,6348.0
295,2015-01,5223.0
295,2015-02,4969.0
295,2015-03,5454.0
295,2015-04,5810.0
295,2015-05,6071.0
295,2015-06,6175.0
295,2015-07,6269.0
296,2013-01,6271.0
296,2013-02,6358.0
296,2013-03,7124.0
296,2013-04,6741.0
296,2013-05,6981.0
296,2013-06,6636.0
296,2013-07,6981.0
296,2013-08,6383.0
296,2013-09,6329.0
296,2013-10,6330.0
296,2013-11,6854.0
296,2013-12,8571.0
296,2014-01,6453.0
296,2014-02,6654.0
296,2014-03,6609.0
296,2014-04,7249.0
296,2014-05,6899.0
296,2014-06,7379.0
296,2014-07,7098.0
296,2014-08,6336.0
296,2014-09,6879.0
296,2014-10,6646.0
296,2014-11,7711.0
296,2014-12,8769.0
296,2015-01,7535.0
296,2015-02,6558.0
296,2015-03,7181.0
296,2015-04,7475.0
296,2015-05,7042.0
296,2015-06,6893.0
296,2015-07,7147.0
297,2013-01,6482.0
297,2013-02,6571.0
297,2013-03,7268.0
297,2013-04,6780.0
297,2013-05,7252.0
297,2013-06,6413.0
297,2013-07,7189.0
297,2013-08,6163.0
297,2013-09,6301.0
297,2013-10,6273.0
297,2013-11,6904.0
297,2013-12,8907.0
297,2014-01,6626.0
297,2014-02,6925.0
297,2014-03,6589.0
297,2014-04,7363.0
297,2014-05,6983.0
297,2014-06,7285.0
297,2014-07,6906.0
297,2014-08,6323.0
297,2014-09,6469.0
297,2014-10,6697.0
297,2014-11,7633.0
297,2014-12,8658.0
297,2015-01,6965.0
297,2015-02,6678.0
297,2015-03,7143.0
297,2015-04,7377.0
297,2015-05,7328.0
297,2015-06,7250.0
297,2015-07,7368.0
298,2013-01,7675.0
298,2013-02,7430.0
298,2013-03,8456.0
298,2013-04,7654.0
298,2013-05,8937.0
298,2013-06,7957.0
298,2013-07,8600.0
298,2013-08,8849.0
298,2013-09,7809.0
298,2013-10,8231.0
298,2013-11,8488.0
298,2013-12,10843.0
298,2014-01,8157.0
298,2014-02,7652.0
298,2014-03,7561.0
298,2014-04,8578.0
298,2014-05,8531.0
298,2014-06,8983.0
298,2015-01,8445.0
298,2015-02,7900.0
298,2015-03,7977.0
298,2015-04,8860.0
298,2015-05,9117.0
298,2015-06,8912.0
298,2015-07,8581.0
299,2013-01,4198.0
299,2013-02,4462.0
299,2013-03,5491.0
299,2013-04,4674.0
299,2013-05,6080.0
299,2013-06,6116.0
299,2013-07,8617.0
299,2013-08,7996.0
299,2013-09,5944.0
299,2013-10,5614.0
299,2013-11,5386.0
299,2013-12,6363.0
299,2014-01,4795.0
299,2014-02,4848.0
299,2014-03,4854.0
299,2014-04,6434.0
299,2014-05,5958.0
299,2014-06,6681.0
299,2014-07,8483.0
299,2014-08,8793.0
299,2014-09,6701.0
299,2014-10,6038.0
299,2014-11,5810.0
299,2014-12,6646.0
299,2015-01,4927.0
299,2015-02,4987.0
299,2015-03,5512.0
299,2015-04,6261.0
299,2015-05,6610.0
299,2015-06,6978.0
299,2015-07,8942.0
300,2013-01,5515.0
300,2013-02,5569.0
300,2013-03,6759.0
300,2013-04,6160.0
300,2013-05,6622.0
300,2013-06,6214.0
300,2013-07,6591.0
300,2013-08,6392.0
300,2013-09,6081.0
300,2013-10,6270.0
300,2013-11,6449.0
300,2013-12,8620.0
300,2014-01,6420.0
300,2014-02,6815.0
300,2014-03,7211.0
300,2014-04,7651.0
300,2014-05,7423.0
300,2014-06,7639.0
300,2014-07,7804.0
300,2014-08,7041.0
300,2014-09,7573.0
300,2014-10,7078.0
300,2014-11,7523.0
300,2014-12,8782.0
300,2015-01,7082.0
300,2015-02,7175.0
300,2015-03,7870.0
300,2015-04,7927.0
300,2015-05,7839.0
300,2015-06,7875.0
300,2015-07,7638.0
301,2013-01,4871.0
301,2013-02,5080.0
301,2013-03,5759.0
301,2013-04,5104.0
301,2013-05,5469.0
301,2013-06,5169.0
301,2013-07,5089.0
301,2013-08,5542.0
301,2013-09,5043.0
301,2013-10,5058.0
301,2013-11,5855.0
301,2013-12,6849.0
301,2014-01,5089.0
301,2014-02,5217.0
301,2014-03,5222.0
301,2014-04,5744.0
301,2014-05,5517.0
301,2014-06,5624.0
301,2014-07,5367.0
301,2014-08,5551.0
301,2014-09,5526.0
301,2014-10,5501.0
301,2014-11,6477.0
301,2014-12,7041.0
301,2015-01,5439.0
301,2015-02,5385.0
301,2015-03,5880.0
301,2015-04,5780.0
301,2015-05,5635.0
301,2015-06,5425.0
301,2015-07,5534.0
302,2013-01,3094.0
302,2013-02,3419.0
302,2013-03,4166.0
302,2013-04,3430.0
302,2013-05,3677.0
302,2013-06,3216.0
302,2013-07,3556.0
302,2013-08,3444.0
302,2013-09,3137.0
302,2013-10,3186.0
302,2013-11,3717.0
302,2013-12,4920.0
302,2014-01,3318.0
302,2014-02,3553.0
302,2014-03,3619.0
302,2014-04,3913.0
302,2014-05,3878.0
302,2014-06,3904.0
302,2014-07,3683.0
302,2014-08,3650.0
302,2014-09,3535.0
302,2014-10,3670.0
302,2014-11,4140.0
302,2014-12,4842.0
302,2015-01,3692.0
302,2015-02,3789.0
302,2015-03,4036.0
302,2015-04,4075.0
302,2015-05,4156.0
302,2015-06,3898.0
302,2015-07,3896.0
303,2013-01,5704.0
303,2013-02,5931.0
303,2013-03,6303.0
303,2013-04,5985.0
303,2013-05,6365.0
303,2013-06,5840.0
303,2013-07,6323.0
303,2013-08,5803.0
303,2013-09,5544.0
303,2013-10,5726.0
303,2013-11,6089.0
303,2013-12,7521.0
303,2014-01,5938.0
303,2014-02,5857.0
303,2014-03,5633.0
303,2014-04,6252.0
303,2014-05,5962.0
303,2014-06,6384.0
303,2014-07,8532.0
303,2014-08,6491.0
303,2014-09,5728.0
303,2014-10,5791.0
303,2014-11,6405.0
303,2014-12,7001.0
303,2015-01,5885.0
303,2015-02,5910.0
303,2015-03,5994.0
303,2015-04,6603.0
303,2015-05,6196.0
303,2015-06,6360.0
303,2015-07,6186.0
304,2013-01,6188.0
304,2013-02,6447.0
304,2013-03,7124.0
304,2013-04,6835.0
304,2013-05,7314.0
304,2013-06,6764.0
304,2013-07,6946.0
304,2013-08,7101.0
304,2013-09,6724.0
304,2013-10,6630.0
304,2013-11,6964.0
304,2013-12,9029.0
304,2014-01,6718.0
304,2014-02,7146.0
304,2014-03,7082.0
304,2014-04,7579.0
304,2014-05,7297.0
304,2014-06,7280.0
304,2014-07,7158.0
304,2014-08,6561.0
304,2014-09,6800.0
304,2014-10,6876.0
304,2014-11,7442.0
304,2014-12,8582.0
304,2015-01,6740.0
304,2015-02,6646.0
304,2015-03,6967.0
304,2015-04,7350.0
304,2015-05,7266.0
304,2015-06,6996.0
304,2015-07,6803.0
305,2013-01,3567.0
305,2013-02,3545.0
305,2013-03,4148.0
305,2013-04,3737.0
305,2013-05,4119.0
305,2013-06,3916.0
305,2013-07,4297.0
305,2013-08,4638.0
305,2013-09,4500.0
305,2013-10,4271.0
305,2013-11,4917.0
305,2013-12,6519.0
305,2014-01,4782.0
305,2014-02,5280.0
305,2014-03,5298.0
305,2014-04,5683.0
305,2014-05,5795.0
305,2014-06,6091.0
305,2014-07,5503.0
305,2014-08,5546.0
305,2014-09,5553.0
305,2014-10,5560.0
305,2014-11,6417.0
305,2014-12,7524.0
305,2015-01,6060.0
305,2015-02,6149.0
305,2015-03,6309.0
305,2015-04,6578.0
305,2015-05,6719.0
305,2015-06,6701.0
305,2015-07,6299.0
306,2013-01,4144.0
306,2013-02,4163.0
306,2013-03,4304.0
306,2013-04,4371.0
306,2013-05,4459.0
306,2013-06,4195.0
306,2013-07,4678.0
306,2013-08,4178.0
306,2013-09,4078.0
306,2013-10,4247.0
306,2013-11,4389.0
306,2013-12,5232.0
306,2014-01,4088.0
306,2014-02,4148.0
306,2014-03,3948.0
306,2014-04,4366.0
306,2014-05,4203.0
306,2014-06,4702.0
306,2015-01,4308.0
306,2015-02,4114.0
306,2015-03,4402.0
306,2015-04,4602.0
306,2015-05,4551.0
306,2015-06,4661.0
306,2015-07,4739.0
307,2013-01,2480.0
307,2013-02,2592.0
307,2013-03,2836.0
307,2013-04,2504.0
307,2013-05,2797.0
307,2013-06,2491.0
307,2013-07,2817.0
307,2013-08,2613.0
307,2013-09,2565.0
307,2013-10,2557.0
307,2013-11,2692.0
307,2013-12,3737.0
307,2014-01,2547.0
307,2014-02,2477.0
307,2014-03,2448.0
307,2014-04,2734.0
307,2014-05,2696.0
307,2014-06,2846.0
307,2014-07,2720.0
307,2014-08,2478.0
307,2014-09,2617.0
307,2014-10,2596.0
307,2014-11,2866.0
307,2014-12,3513.0
307,2015-01,2650.0
307,2015-02,2446.0
307,2015-03,2605.0
307,2015-04,2840.0
307,2015-05,2734.0
307,2015-06,2658.0
307,2015-07,2741.0
308,2013-01,10679.0
308,2013-02,10119.0
308,2013-03,10875.0
308,2013-04,9843.0
308,2013-05,10481.0
308,2013-06,9625.0
308,2013-07,10730.0
308,2013-08,11493.0
308,2013-09,8978.0
308,2013-10,8872.0
308,2013-11,8784.0
308,2013-12,12051.0
308,2014-01,8857.0
308,2014-02,8593.0
308,2014-03,8872.0
308,2014-04,8966.0
308,2014-05,8646.0
308,2014-06,9581.0
308,2014-07,8819.0
308,2014-08,8312.0
308,2014-09,8418.0
308,2014-10,8053.0
308,2014-11,9313.0
308,2014-12,11027.0
308,2015-01,8299.0
308,2015-02,8079.0
308,2015-03,8535.0
308,2015-04,8991.0
308,2015-05,8928.0
308,2015-06,9539.0
308,2015-07,8548.0
309,2013-01,6598.0
309,2013-02,6360.0
309,2013-03,7243.0
309,2013-04,6631.0
309,2013-05,7578.0
309,2013-06,6365.0
309,2013-07,7379.0
309,2013-08,6678.0
309,2013-09,6474.0
309,2013-10,6663.0
309,2013-11,6997.0
309,2013-12,8468.0
309,2014-01,6655.0
309,2014-02,6844.0
309,2014-03,6714.0
309,2014-04,7317.0
309,2014-05,6818.0
309,2014-06,7468.0
309,2014-07,6920.0
309,2014-08,6662.0
309,2014-09,6795.0
309,2014-10,6802.0
309,2014-11,7411.0
309,2014-12,7890.0
309,2015-01,6986.0
309,2015-02,6407.0
309,2015-03,6762.0
309,2015-04,7300.0
309,2015-05,7047.0
309,2015-06,7331.0
309,2015-07,6787.0
310,2013-01,7158.0
310,2013-02,7206.0
310,2013-03,8271.0
310,2013-04,7344.0
310,2013-05,7635.0
310,2013-06,7432.0
310,2013-07,8452.0
310,2013-08,8640.0
310,2013-09,7037.0
310,2013-10,6976.0
310,2013-11,9425.0
310,2013-12,9895.0
310,2014-01,8353.0
310,2014-02,7762.0
310,2014-03,7512.0
310,2014-04,7726.0
310,2014-05,7673.0
310,2014-06,7340.0
310,2014-07,8030.0
310,2014-08,8961.0
310,2014-09,7854.0
310,2014-10,7423.0
310,2014-11,10308.0
310,2014-12,11119.0
310,2015-01,8935.0
310,2015-02,9151.0
310,2015-03,8817.0
310,2015-04,8439.0
310,2015-05,8055.0
310,2015-06,8534.0
310,2015-07,8970.0
311,2013-01,5603.0
311,2013-02,6056.0
311,2013-03,6598.0
311,2013-04,6184.0
311,2013-05,6522.0
311,2013-06,6115.0
311,2013-07,6250.0
311,2013-08,6247.0
311,2013-09,6122.0
311,2013-10,6141.0
311,2013-11,6613.0
311,2013-12,7844.0
311,2014-01,6301.0
311,2014-02,6678.0
311,2014-03,6611.0
311,2014-04,6994.0
311,2014-05,6627.0
311,2014-06,7109.0
311,2014-07,6416.0
311,2014-08,5923.0
311,2014-09,6713.0
311,2014-10,6446.0
311,2014-11,7206.0
311,2014-12,7790.0
311,2015-01,6790.0
311,2015-02,6701.0
311,2015-03,7001.0
311,2015-04,7186.0
311,2015-05,7157.0
311,2015-06,7103.0
311,2015-07,7025.0
312,2013-01,5091.0
312,2013-02,5224.0
312,2013-03,5867.0
312,2013-04,5297.0
312,2013-05,5873.0
312,2013-06,5146.0
312,2013-07,5752.0
312,2013-08,5292.0
312,2013-09,5084.0
312,2013-10,5064.0
312,2013-11,5484.0
312,2013-12,7169.0
312,2014-01,5267.0
312,2014-02,5291.0
312,2014-03,5196.0
312,2014-04,5567.0
312,2014-05,5434.0
312,2014-06,5986.0
312,2014-07,5759.0
312,2014-08,5118.0
312,2014-09,5208.0
312,2014-10,5354.0
312,2014-11,6067.0
312,2014-12,7046.0
312,2015-01,5618.0
312,2015-02,5271.0
312,2015-03,5460.0
312,2015-04,5792.0
312,2015-05,5628.0
312,2015-06,5769.0
312,2015-07,5639.0
313,2013-01,6386.0
313,2013-02,6650.0
313,2013-03,7768.0
313,2013-04,6638.0
313,2013-05,7183.0
313,2013-06,6531.0
313,2013-07,7204.0
313,2013-08,6835.0
313,2013-09,6508.0
313,2013-10,6649.0
313,2013-11,7110.0
313,2013-12,9350.0
313,2014-01,6696.0
313,2014-02,6817.0
313,2014-03,6632.0
313,2014-04,7625.0
313,2014-05,7055.0
313,2014-06,7379.0
313,2014-07,6834.0
313,2014-08,6459.0
313,2014-09,6743.0
313,2014-10,6647.0
313,2014-11,7368.0
313,2014-12,8891.0
313,2015-01,7144.0
313,2015-02,6645.0
313,2015-03,6937.0
313,2015-04,7452.0
313,2015-05,7193.0
313,2015-06,7003.0
313,2015-07,7236.0
314,2013-01,4735.0
314,2013-02,4874.0
314,2013-03,5196.0
314,2013-04,4900.0
314,2013-05,5289.0
314,2013-06,4713.0
314,2013-07,5183.0
314,2013-08,4855.0
314,2013-09,4696.0
314,2013-10,4874.0
314,2013-11,4949.0
314,2013-12,6325.0
314,2014-01,5059.0
314,2014-02,5115.0
314,2014-03,5082.0
314,2014-04,5580.0
314,2014-05,5147.0
314,2014-06,5587.0
314,2014-07,5125.0
314,2014-08,4769.0
314,2014-09,4941.0
314,2014-10,5079.0
314,2014-11,5530.0
314,2014-12,6042.0
314,2015-01,4948.0
314,2015-02,4866.0
314,2015-03,5097.0
314,2015-04,5490.0
314,2015-05,5250.0
314,2015-06,5281.0
314,2015-07,4925.0
315,2013-01,3715.0
315,2013-02,3792.0
315,2013-03,4316.0
315,2013-04,3876.0
315,2013-05,4258.0
315,2013-06,3965.0
315,2013-07,4561.0
315,2013-08,4692.0
315,2013-09,3924.0
315,2013-10,3827.0
315,2013-11,4296.0
315,2013-12,5468.0
315,2014-01,3901.0
315,2014-02,3899.0
315,2014-03,3844.0
315,2014-04,4328.0
315,2014-05,4198.0
315,2014-06,4279.0
315,2014-07,4318.0
315,2014-08,4679.0
315,2014-09,4123.0
315,2014-10,4000.0
315,2014-11,4444.0
315,2014-12,5327.0
315,2015-01,4010.0
315,2015-02,3897.0
315,2015-03,4149.0
315,2015-04,4454.0
315,2015-05,4421.0
315,2015-06,4309.0
315,2015-07,4571.0
316,2013-01,8596.0
316,2013-02,9099.0
316,2013-03,9898.0
316,2013-04,9332.0
316,2013-05,10103.0
316,2013-06,9203.0
316,2013-07,10135.0
316,2013-08,9022.0
316,2013-09,9111.0
316,2013-10,9387.0
316,2013-11,9986.0
316,2013-12,11570.0
316,2014-01,9346.0
316,2014-02,9573.0
316,2014-03,9436.0
316,2014-04,10137.0
316,2014-05,10243.0
316,2014-06,10685.0
316,2014-07,9695.0
316,2014-08,8980.0
316,2014-09,9251.0
316,2014-10,9297.0
316,2014-11,10558.0
316,2014-12,11565.0
316,2015-01,9821.0
316,2015-02,9742.0
316,2015-03,10052.0
316,2015-04,10637.0
316,2015-05,10424.0
316,2015-06,11195.0
316,2015-07,9906.0
317,2013-01,4998.0
317,2013-02,5105.0
317,2013-03,5714.0
317,2013-04,5145.0
317,2013-05,5860.0
317,2013-06,5305.0
317,2013-07,5109.0
317,2013-08,5018.0
317,2013-09,4888.0
317,2013-10,5045.0
317,2013-11,5359.0
317,2013-12,6731.0
317,2014-01,5038.0
317,2014-02,4994.0
317,2014-03,5201.0
317,2014-04,5353.0
317,2014-05,5350.0
317,2014-06,5547.0
317,2015-01,5364.0
317,2015-02,5039.0
317,2015-03,5419.0
317,2015-04,5622.0
317,2015-05,5915.0
317,2015-06,5913.0
317,2015-07,5624.0
318,2013-01,6895.0
318,2013-02,6669.0
318,2013-03,8763.0
318,2013-04,6766.0
318,2013-05,7765.0
318,2013-06,6778.0
318,2013-07,7511.0
318,2013-08,7237.0
318,2013-09,6896.0
318,2013-10,7407.0
318,2013-11,8069.0
318,2013-12,10601.0
318,2014-01,7223.0
318,2014-02,7097.0
318,2014-03,6807.0
318,2014-04,7626.0
318,2014-05,7120.0
318,2014-06,7285.0
318,2014-07,7208.0
318,2014-08,6742.0
318,2014-09,6775.0
318,2014-10,7308.0
318,2014-11,8531.0
318,2014-12,10528.0
318,2015-01,7285.0
318,2015-02,7066.0
318,2015-03,7679.0
318,2015-04,7610.0
318,2015-05,7557.0
318,2015-06,7334.0
318,2015-07,7516.0
319,2013-01,7136.0
319,2013-02,7497.0
319,2013-03,8346.0
319,2013-04,7343.0
319,2013-05,8019.0
319,2013-06,7252.0
319,2013-07,7354.0
319,2013-08,8120.0
319,2013-09,6856.0
319,2013-10,7121.0
319,2013-11,8262.0
319,2013-12,10213.0
319,2014-01,7136.0
319,2014-02,7494.0
319,2014-03,7249.0
319,2014-04,8283.0
319,2014-05,7615.0
319,2014-06,7744.0
319,2014-07,7439.0
319,2014-08,8044.0
319,2014-09,7283.0
319,2014-10,7373.0
319,2014-11,8717.0
319,2014-12,10248.0
319,2015-01,7410.0
319,2015-02,7303.0
319,2015-03,7910.0
319,2015-04,8147.0
319,2015-05,7839.0
319,2015-06,7428.0
319,2015-07,7508.0
320,2013-01,13437.0
320,2013-02,13662.0
320,2013-03,15311.0
320,2013-04,14159.0
320,2013-05,14643.0
320,2013-06,14044.0
320,2013-07,13917.0
320,2013-08,14490.0
320,2013-09,13740.0
320,2013-10,13775.0
320,2013-11,15612.0
320,2013-12,19898.0
320,2014-01,13862.0
320,2014-02,14303.0
320,2014-03,13833.0
320,2014-04,15255.0
320,2014-05,14758.0
320,2014-06,14848.0
320,2014-07,14158.0
320,2014-08,14285.0
320,2014-09,14097.0
320,2014-10,14088.0
320,2014-11,16196.0
320,2014-12,19791.0
320,2015-01,14799.0
320,2015-02,14420.0
320,2015-03,14544.0
320,2015-04,14899.0
320,2015-05,15247.0
320,2015-06,14675.0
320,2015-07,15623.0
321,2013-01,5580.0
321,2013-02,5702.0
321,2013-03,6522.0
321,2013-04,5516.0
321,2013-05,6059.0
321,2013-06,5400.0
321,2013-07,6128.0
321,2013-08,5791.0
321,2013-09,5461.0
321,2013-10,5562.0
321,2013-11,5762.0
321,2013-12,7457.0
321,2014-01,4978.0
321,2014-02,5314.0
321,2014-03,5568.0
321,2014-04,5933.0
321,2014-05,6096.0
321,2014-06,5853.0
321,2014-07,5691.0
321,2014-08,5939.0
321,2014-09,5464.0
321,2014-10,5670.0
321,2014-11,6775.0
321,2014-12,7757.0
321,2015-01,5968.0
321,2015-02,5688.0
321,2015-03,6141.0
321,2015-04,6269.0
321,2015-05,6551.0
321,2015-06,6118.0
321,2015-07,6179.0
322,2013-01,4642.0
322,2013-02,4628.0
322,2013-03,5217.0
322,2013-04,4673.0
322,2013-05,4962.0
322,2013-06,4529.0
322,2013-07,5008.0
322,2013-08,4760.0
322,2013-09,4612.0
322,2013-10,4659.0
322,2013-11,4744.0
322,2013-12,6636.0
322,2014-01,4655.0
322,2014-02,4783.0
322,2014-03,4792.0
322,2014-04,5251.0
322,2014-05,4674.0
322,2014-06,5201.0
322,2014-07,5037.0
322,2014-08,4654.0
322,2014-09,5048.0
322,2014-10,4812.0
322,2014-11,5302.0
322,2014-12,6584.0
322,2015-01,5046.0
322,2015-02,4855.0
322,2015-03,5249.0
322,2015-04,5246.0
322,2015-05,4981.0
322,2015-06,5365.0
322,2015-07,5152.0
323,2013-01,6185.0
323,2013-02,6691.0
323,2013-03,7344.0
323,2013-04,6784.0
323,2013-05,7067.0
323,2013-06,6590.0
323,2013-07,6830.0
323,2013-08,6923.0
323,2013-09,6515.0
323,2013-10,6781.0
323,2013-11,7354.0
323,2013-12,9337.0
323,2014-01,6855.0
323,2014-02,6982.0
323,2014-03,6994.0
323,2014-04,7893.0
323,2014-05,7540.0
323,2014-06,7648.0
323,2014-07,7258.0
323,2014-08,6989.0
323,2014-09,7236.0
323,2014-10,7393.0
323,2014-11,7950.0
323,2014-12,9615.0
323,2015-01,7371.0
323,2015-02,7198.0
323,2015-03,7582.0
323,2015-04,8107.0
323,2015-05,8008.0
323,2015-06,7824.0
323,2015-07,7803.0
324,2013-01,5429.0
324,2013-02,5519.0
324,2013-03,6323.0
324,2013-04,5842.0
324,2013-05,5939.0
324,2013-06,5559.0
324,2013-07,5938.0
324,2013-08,5421.0
324,2013-09,5552.0
324,2013-10,5598.0
324,2013-11,5699.0
324,2013-12,7303.0
324,2014-01,5415.0
324,2014-02,5385.0
324,2014-03,5523.0
324,2014-04,6022.0
324,2014-05,5608.0
324,2014-06,6037.0
324,2014-07,5624.0
324,2014-08,4994.0
324,2014-09,5842.0
324,2014-10,5666.0
324,2014-11,5901.0
324,2014-12,6742.0
324,2015-01,5417.0
324,2015-02,4985.0
324,2015-03,5601.0
324,2015-04,5631.0
324,2015-05,5322.0
324,2015-06,5534.0
324,2015-07,5082.0
325,2013-01,6465.0
325,2013-02,6331.0
325,2013-03,6934.0
325,2013-04,6634.0
325,2013-05,6784.0
325,2013-06,5954.0
325,2013-07,6755.0
325,2013-08,6194.0
325,2013-09,6130.0
325,2013-10,6205.0
325,2013-11,6676.0
325,2013-12,8005.0
325,2014-01,6346.0
325,2014-02,6302.0
325,2014-03,6320.0
325,2014-04,6811.0
325,2014-05,6372.0
325,2014-06,6569.0
325,2014-07,6116.0
325,2014-08,6041.0
325,2014-09,6345.0
325,2014-10,6365.0
325,2014-11,7110.0
325,2014-12,7468.0
325,2015-01,6128.0
325,2015-02,5844.0
325,2015-03,6400.0
325,2015-04,6732.0
325,2015-05,6435.0
325,2015-06,6481.0
325,2015-07,6008.0
326,2013-01,4087.0
326,2013-02,3904.0
326,2013-03,4557.0
326,2013-04,4236.0
326,2013-05,4652.0
326,2013-06,4283.0
326,2013-07,4445.0
326,2013-08,4414.0
326,2013-09,4368.0
326,2013-10,4555.0
326,2013-11,4970.0
326,2013-12,6184.0
326,2014-01,4692.0
326,2014-02,4831.0
326,2014-03,4667.0
326,2014-04,5345.0
326,2014-05,5319.0
326,2014-06,5559.0
326,2014-07,5212.0
326,2014-08,4786.0
326,2014-09,4718.0
326,2014-10,5148.0
326,2014-11,5480.0
326,2014-12,6428.0
326,2015-01,5163.0
326,2015-02,5127.0
326,2015-03,5368.0
326,2015-04,5846.0
326,2015-05,5767.0
326,2015-06,5734.0
326,2015-07,5671.0
327,2013-01,6865.0
327,2013-02,7089.0
327,2013-03,8268.0
327,2013-04,6949.0
327,2013-05,7413.0
327,2013-06,6542.0
327,2013-07,7169.0
327,2013-08,6878.0
327,2013-09,6498.0
327,2013-10,6931.0
327,2013-11,7600.0
327,2013-12,9868.0
327,2014-01,7152.0
327,2014-02,7215.0
327,2014-03,7388.0
327,2014-04,7897.0
327,2014-05,7736.0
327,2014-06,7771.0
327,2014-07,7536.0
327,2014-08,7359.0
327,2014-09,7539.0
327,2014-10,8048.0
327,2014-11,8719.0
327,2014-12,10543.0
327,2015-01,8331.0
327,2015-02,7718.0
327,2015-03,8251.0
327,2015-04,8553.0
327,2015-05,8163.0
327,2015-06,7992.0
327,2015-07,7834.0
328,2013-01,4102.0
328,2013-02,4159.0
328,2013-03,4342.0
328,2013-04,4252.0
328,2013-05,4589.0
328,2013-06,4114.0
328,2013-07,4486.0
328,2013-08,4030.0
328,2013-09,3989.0
328,2013-10,4163.0
328,2013-11,4302.0
328,2013-12,5100.0
328,2014-01,4269.0
328,2014-02,4356.0
328,2014-03,4302.0
328,2014-04,4785.0
328,2014-05,4607.0
328,2014-06,4699.0
328,2014-07,4399.0
328,2014-08,4264.0
328,2014-09,4378.0
328,2014-10,4501.0
328,2014-11,4923.0
328,2014-12,5115.0
328,2015-01,4280.0
328,2015-02,4248.0
328,2015-03,4582.0
328,2015-04,4637.0
328,2015-05,4586.0
328,2015-06,4648.0
328,2015-07,4358.0
329,2013-01,6300.0
329,2013-02,6775.0
329,2013-03,6903.0
329,2013-04,6513.0
329,2013-05,7389.0
329,2013-06,6169.0
329,2013-07,6911.0
329,2013-08,6342.0
329,2013-09,6207.0
329,2013-10,7247.0
329,2013-11,7033.0
329,2013-12,8187.0
329,2014-01,6425.0
329,2014-02,6788.0
329,2014-03,6407.0
329,2014-04,7137.0
329,2014-05,6992.0
329,2014-06,7069.0
329,2014-07,6565.0
329,2014-08,6475.0
329,2014-09,6409.0
329,2014-10,6565.0
329,2014-11,7790.0
329,2014-12,8258.0
329,2015-01,7029.0
329,2015-02,6788.0
329,2015-03,7187.0
329,2015-04,7476.0
329,2015-05,7230.0
329,2015-06,7488.0
329,2015-07,6604.0
330,2013-01,3486.0
330,2013-02,3800.0
330,2013-03,4595.0
330,2013-04,3851.0
330,2013-05,4306.0
330,2013-06,3923.0
330,2013-07,4645.0
330,2013-08,3837.0
330,2013-09,3742.0
330,2013-10,3846.0
330,2013-11,4159.0
330,2013-12,5066.0
330,2014-01,3747.0
330,2014-02,4005.0
330,2014-03,3940.0
330,2014-04,4301.0
330,2014-05,4008.0
330,2014-06,4288.0
330,2014-07,4364.0
330,2014-08,4428.0
330,2014-09,3786.0
330,2014-10,3913.0
330,2014-11,4739.0
330,2014-12,5293.0
330,2015-01,3991.0
330,2015-02,3958.0
330,2015-03,4311.0
330,2015-04,4460.0
330,2015-05,4397.0
330,2015-06,4262.0
330,2015-07,3882.0
331,2013-01,6177.0
331,2013-02,6288.0
331,2013-03,7035.0
331,2013-04,6583.0
331,2013-05,6880.0
331,2013-06,6229.0
331,2013-07,6689.0
331,2013-08,6262.0
331,2013-09,6296.0
331,2013-10,6299.0
331,2013-11,6432.0
331,2013-12,7916.0
331,2014-01,6395.0
331,2014-02,6555.0
331,2014-03,6228.0
331,2014-04,6982.0
331,2014-05,6614.0
331,2014-06,6719.0
331,2014-07,5535.0
331,2014-08,4921.0
331,2014-09,5237.0
331,2014-10,5330.0
331,2014-11,5970.0
331,2014-12,6400.0
331,2015-01,5367.0
331,2015-02,5095.0
331,2015-03,5454.0
331,2015-04,6108.0
331,2015-05,5854.0
331,2015-06,5821.0
331,2015-07,5668.0
332,2013-01,3419.0
332,2013-02,3453.0
332,2013-03,3705.0
332,2013-04,3498.0
332,2013-05,3637.0
332,2013-06,3332.0
332,2013-07,3783.0
332,2013-08,3288.0
332,2013-09,3477.0
332,2013-10,3652.0
332,2013-11,3811.0
332,2013-12,4599.0
332,2014-01,3779.0
332,2014-02,3661.0
332,2014-03,3649.0
332,2014-04,3951.0
332,2014-05,3646.0
332,2014-06,3816.0
332,2014-07,3659.0
332,2014-08,3191.0
332,2014-09,3598.0
332,2014-10,3808.0
332,2014-11,4278.0
332,2014-12,4590.0
332,2015-01,3937.0
332,2015-02,3539.0
332,2015-03,3829.0
332,2015-04,4033.0
332,2015-05,3739.0
332,2015-06,3767.0
332,2015-07,3578.0
333,2013-01,8830.0
333,2013-02,9350.0
333,2013-03,9942.0
333,2013-04,9563.0
333,2013-05,10015.0
333,2013-06,9483.0
333,2013-07,9482.0
333,2013-08,9596.0
333,2013-09,9007.0
333,2013-10,9157.0
333,2013-11,9319.0
333,2013-12,11406.0
333,2014-01,8816.0
333,2014-02,9448.0
333,2014-03,9201.0
333,2014-04,9976.0
333,2014-05,9708.0
333,2014-06,9998.0
333,2014-07,9460.0
333,2014-08,9586.0
333,2014-09,9701.0
333,2014-10,9841.0
333,2014-11,10553.0
333,2014-12,11001.0
333,2015-01,9326.0
333,2015-02,9642.0
333,2015-03,9930.0
333,2015-04,10837.0
333,2015-05,10725.0
333,2015-06,10152.0
333,2015-07,10264.0
334,2013-01,5470.0
334,2013-02,5642.0
334,2013-03,5567.0
334,2013-04,4806.0
334,2013-05,5682.0
334,2013-06,5054.0
334,2013-07,5669.0
334,2013-08,5082.0
334,2013-09,5105.0
334,2013-10,5118.0
334,2013-11,5613.0
334,2013-12,6935.0
334,2014-01,5393.0
334,2014-02,5380.0
334,2014-03,4943.0
334,2014-04,5533.0
334,2014-05,5207.0
334,2014-06,5668.0
334,2014-07,5116.0
334,2014-08,5138.0
334,2014-09,5007.0
334,2014-10,5152.0
334,2014-11,5880.0
334,2014-12,6576.0
334,2015-01,5384.0
334,2015-02,5565.0
334,2015-03,5264.0
334,2015-04,5477.0
334,2015-05,5653.0
334,2015-06,5478.0
334,2015-07,5024.0
335,2013-01,12225.0
335,2013-02,12808.0
335,2013-03,13154.0
335,2013-04,12751.0
335,2013-05,12263.0
335,2013-06,11621.0
335,2013-07,12678.0
335,2013-08,12251.0
335,2013-09,12688.0
335,2013-10,12804.0
335,2013-11,13702.0
335,2013-12,15148.0
335,2014-01,13212.0
335,2014-02,14102.0
335,2014-03,12936.0
335,2014-04,13399.0
335,2014-05,13143.0
335,2014-06,12958.0
335,2014-07,12812.0
335,2014-08,12315.0
335,2014-09,13474.0
335,2014-10,12986.0
335,2014-11,14944.0
335,2014-12,15287.0
335,2015-01,13777.0
335,2015-02,13547.0
335,2015-03,14241.0
335,2015-04,14024.0
335,2015-05,13424.0
335,2015-06,15063.0
335,2015-07,13092.0
336,2013-01,13078.0
336,2013-02,13647.0
336,2013-03,15171.0
336,2013-04,13817.0
336,2013-05,14746.0
336,2013-06,13545.0
336,2013-07,14084.0
336,2013-08,13139.0
336,2013-09,13032.0
336,2013-10,13233.0
336,2013-11,14036.0
336,2013-12,17222.0
336,2014-01,13350.0
336,2014-02,13795.0
336,2014-03,13289.0
336,2014-04,14848.0
336,2014-05,14167.0
336,2014-06,14671.0
336,2014-07,13418.0
336,2014-08,12710.0
336,2014-09,12851.0
336,2014-10,13719.0
336,2014-11,14284.0
336,2014-12,16114.0
336,2015-01,13461.0
336,2015-02,12806.0
336,2015-03,13712.0
336,2015-04,14101.0
336,2015-05,14038.0
336,2015-06,13997.0
336,2015-07,13725.0
337,2013-01,3959.0
337,2013-02,4153.0
337,2013-03,4936.0
337,2013-04,5013.0
337,2013-05,5129.0
337,2013-06,4784.0
337,2013-07,4812.0
337,2013-08,5000.0
337,2013-09,4404.0
337,2013-10,4619.0
337,2013-11,5100.0
337,2013-12,6487.0
337,2014-01,4693.0
337,2014-02,4888.0
337,2014-03,5010.0
337,2014-04,5508.0
337,2014-05,4952.0
337,2014-06,4892.0
337,2014-07,4757.0
337,2014-08,4347.0
337,2014-09,4711.0
337,2014-10,4824.0
337,2014-11,5481.0
337,2014-12,6401.0
337,2015-01,5119.0
337,2015-02,5190.0
337,2015-03,5334.0
337,2015-04,5679.0
337,2015-05,5583.0
337,2015-06,5408.0
337,2015-07,5581.0
338,2013-01,7908.0
338,2013-02,8124.0
338,2013-03,9098.0
338,2013-04,7908.0
338,2013-05,7548.0
338,2013-06,7103.0
338,2013-07,7216.0
338,2013-08,6923.0
338,2013-09,6869.0
338,2013-10,6695.0
338,2013-11,7022.0
338,2013-12,8680.0
338,2014-01,6840.0
338,2014-02,6786.0
338,2014-03,7055.0
338,2014-04,7274.0
338,2014-05,7127.0
338,2014-06,7498.0
338,2014-07,6777.0
338,2014-08,6204.0
338,2014-09,6883.0
338,2014-10,6598.0
338,2014-11,7194.0
338,2014-12,7972.0
338,2015-01,6785.0
338,2015-02,6434.0
338,2015-03,7343.0
338,2015-04,7206.0
338,2015-05,6992.0
338,2015-06,7238.0
338,2015-07,6747.0
339,2013-01,467.0
339,2013-02,5704.0
339,2013-03,4957.0
339,2013-04,4678.0
339,2013-05,5079.0
339,2013-06,4564.0
339,2013-07,4731.0
339,2013-08,4878.0
339,2013-09,4661.0
339,2013-10,4660.0
339,2013-11,4836.0
339,2013-12,5811.0
339,2014-01,4405.0
339,2014-02,4827.0
339,2014-03,4704.0
339,2014-04,5250.0
339,2014-05,5251.0
339,2014-06,5165.0
339,2014-07,4960.0
339,2014-08,6402.0
339,2014-09,5902.0
339,2014-10,5015.0
339,2014-11,5422.0
339,2014-12,5890.0
339,2015-01,4788.0
339,2015-02,4928.0
339,2015-03,5162.0
339,2015-04,5504.0
339,2015-05,5651.0
339,2015-06,5459.0
339,2015-07,5468.0
340,2013-01,5778.0
340,2013-02,6047.0
340,2013-03,6966.0
340,2013-04,5826.0
340,2013-05,6284.0
340,2013-06,5928.0
340,2013-07,6182.0
340,2013-08,6655.0
340,2013-09,5812.0
340,2013-10,5667.0
340,2013-11,6690.0
340,2013-12,8202.0
340,2014-01,6205.0
340,2014-02,6380.0
340,2014-03,6006.0
340,2014-04,6520.0
340,2014-05,6334.0
340,2014-06,6486.0
340,2014-07,6132.0
340,2014-08,6427.0
340,2014-09,6184.0
340,2014-10,5904.0
340,2014-11,7244.0
340,2014-12,8181.0
340,2015-01,6429.0
340,2015-02,6280.0
340,2015-03,6851.0
340,2015-04,6962.0
340,2015-05,6850.0
340,2015-06,6945.0
340,2015-07,6873.0
341,2013-01,4777.0
341,2013-02,5004.0
341,2013-03,5639.0
341,2013-04,5133.0
341,2013-05,5609.0
341,2013-06,5007.0
341,2013-07,5502.0
341,2013-08,4990.0
341,2013-09,5020.0
341,2013-10,5145.0
341,2013-11,5313.0
341,2013-12,6529.0
341,2014-01,5133.0
341,2014-02,5501.0
341,2014-03,5360.0
341,2014-04,5836.0
341,2014-05,5610.0
341,2014-06,5768.0
341,2014-07,5255.0
341,2014-08,5143.0
341,2014-09,5342.0
341,2014-10,5432.0
341,2014-11,6091.0
341,2014-12,6582.0
341,2015-01,5668.0
341,2015-02,5364.0
341,2015-03,5759.0
341,2015-04,5969.0
341,2015-05,6064.0
341,2015-06,6086.0
341,2015-07,5505.0
342,2013-01,10568.0
342,2013-02,10776.0
342,2013-03,11635.0
342,2013-04,10621.0
342,2013-05,12015.0
342,2013-06,11122.0
342,2013-07,11912.0
342,2013-08,11570.0
342,2013-09,10990.0
342,2013-10,10678.0
342,2013-11,10758.0
342,2013-12,12489.0
342,2014-01,10110.0
342,2014-02,9995.0
342,2014-03,9928.0
342,2014-04,10712.0
342,2014-05,10587.0
342,2014-06,10907.0
342,2015-01,11255.0
342,2015-02,10650.0
342,2015-03,11538.0
342,2015-04,11640.0
342,2015-05,11855.0
342,2015-06,11745.0
342,2015-07,11617.0
343,2013-01,6267.0
343,2013-02,6459.0
343,2013-03,7207.0
343,2013-04,6467.0
343,2013-05,7402.0
343,2013-06,6470.0
343,2013-07,7050.0
343,2013-08,6393.0
343,2013-09,6262.0
343,2013-10,6242.0
343,2013-11,6706.0
343,2013-12,8768.0
343,2014-01,6370.0
343,2014-02,6757.0
343,2014-03,6377.0
343,2014-04,7279.0
343,2014-05,7014.0
343,2014-06,7795.0
343,2014-07,7085.0
343,2014-08,6669.0
343,2014-09,7154.0
343,2014-10,6913.0
343,2014-11,7892.0
343,2014-12,9334.0
343,2015-01,7871.0
343,2015-02,7614.0
343,2015-03,7939.0
343,2015-04,8001.0
343,2015-05,7830.0
343,2015-06,8558.0
343,2015-07,7430.0
344,2013-01,7263.0
344,2013-02,7673.0
344,2013-03,8657.0
344,2013-04,8001.0
344,2013-05,8602.0
344,2013-06,8077.0
344,2013-07,8435.0
344,2013-08,8305.0
344,2013-09,7619.0
344,2013-10,7730.0
344,2013-11,7880.0
344,2013-12,10274.0
344,2014-01,7511.0
344,2014-02,8072.0
344,2014-03,8088.0
344,2014-04,8694.0
344,2014-05,8132.0
344,2014-06,8634.0
344,2014-07,8024.0
344,2014-08,8337.0
344,2014-09,8245.0
344,2014-10,8090.0
344,2014-11,8977.0
344,2014-12,9881.0
344,2015-01,7924.0
344,2015-02,7877.0
344,2015-03,8763.0
344,2015-04,10384.0
344,2015-05,9734.0
344,2015-06,9943.0
344,2015-07,9404.0
345,2013-01,4097.0
345,2013-02,4198.0
345,2013-03,4667.0
345,2013-04,4383.0
345,2013-05,4607.0
345,2013-06,4451.0
345,2013-07,4953.0
345,2013-08,4625.0
345,2013-09,4124.0
345,2013-10,4330.0
345,2013-11,4818.0
345,2013-12,5475.0
345,2014-01,4366.0
345,2014-02,4463.0
345,2014-03,4507.0
345,2014-04,4850.0
345,2014-05,4742.0
345,2014-06,4878.0
345,2015-01,4772.0
345,2015-02,4281.0
345,2015-03,4715.0
345,2015-04,4502.0
345,2015-05,4383.0
345,2015-06,4426.0
345,2015-07,4412.0
346,2013-01,5434.0
346,2013-02,5795.0
346,2013-03,6497.0
346,2013-04,5855.0
346,2013-05,6610.0
346,2013-06,5965.0
346,2013-07,6725.0
346,2013-08,6211.0
346,2013-09,6160.0
346,2013-10,6210.0
346,2013-11,6577.0
346,2013-12,8144.0
346,2014-01,6585.0
346,2014-02,6321.0
346,2014-03,6360.0
346,2014-04,6752.0
346,2014-05,7003.0
346,2014-06,7446.0
346,2014-07,6969.0
346,2014-08,6605.0
346,2014-09,6665.0
346,2014-10,6852.0
346,2014-11,7353.0
346,2014-12,8834.0
346,2015-01,7112.0
346,2015-02,6763.0
346,2015-03,7190.0
346,2015-04,7483.0
346,2015-05,7938.0
346,2015-06,8133.0
346,2015-07,7445.0
347,2013-01,3974.0
347,2013-02,4055.0
347,2013-03,4592.0
347,2013-04,4032.0
347,2013-05,4709.0
347,2013-06,4196.0
347,2013-07,4482.0
347,2013-08,4214.0
347,2013-09,4211.0
347,2013-10,4169.0
347,2013-11,4610.0
347,2013-12,5849.0
347,2014-01,4518.0
347,2014-02,4504.0
347,2014-03,4542.0
347,2014-04,5013.0
347,2014-05,5033.0
347,2014-06,5179.0
347,2014-07,4671.0
347,2014-08,4759.0
347,2014-09,4787.0
347,2014-10,4886.0
347,2014-11,5420.0
347,2014-12,6221.0
347,2015-01,5104.0
347,2015-02,4833.0
347,2015-03,5044.0
347,2015-04,5311.0
347,2015-05,5421.0
347,2015-06,5357.0
347,2015-07,5448.0
348,2013-01,7918.0
348,2013-02,8146.0
348,2013-03,8580.0
348,2013-04,8233.0
348,2013-05,9351.0
348,2013-06,8957.0
348,2013-07,20550.0
348,2013-08,9474.0
348,2013-09,7644.0
348,2013-10,8184.0
348,2013-11,8786.0
348,2013-12,9994.0
348,2014-01,8315.0
348,2014-02,8327.0
348,2014-03,7936.0
348,2014-04,9037.0
348,2014-05,9084.0
348,2014-06,9339.0
348,2015-01,8781.0
348,2015-02,8137.0
348,2015-03,8755.0
348,2015-04,8889.0
348,2015-05,9246.0
348,2015-06,9375.0
348,2015-07,9075.0
349,2013-04,10930.0
349,2013-05,7573.0
349,2013-06,7248.0
349,2013-07,7096.0
349,2013-08,7123.0
349,2013-09,6904.0
349,2013-10,7072.0
349,2013-11,7693.0
349,2013-12,8786.0
349,2014-01,7313.0
349,2014-02,7608.0
349,2014-03,7563.0
349,2014-04,8351.0
349,2014-05,8606.0
349,2014-06,8426.0
349,2014-07,8218.0
349,2014-08,7705.0
349,2014-09,7911.0
349,2014-10,8167.0
349,2014-11,8742.0
349,2014-12,9478.0
349,2015-01,8290.0
349,2015-02,8477.0
349,2015-03,8677.0
349,2015-04,9126.0
349,2015-05,9233.0
349,2015-06,8823.0
349,2015-07,8671.0
350,2013-01,6248.0
350,2013-02,6632.0
350,2013-03,7615.0
350,2013-04,6741.0
350,2013-05,7481.0
350,2013-06,6828.0
350,2013-07,7037.0
350,2013-08,6655.0
350,2013-09,6618.0
350,2013-10,6519.0
350,2013-11,6922.0
350,2013-12,9416.0
350,2014-01,6437.0
350,2014-02,6598.0
350,2014-03,6816.0
350,2014-04,7203.0
350,2014-05,6973.0
350,2014-06,7686.0
350,2014-07,6782.0
350,2014-08,6429.0
350,2014-09,6600.0
350,2014-10,6432.0
350,2014-11,7046.0
350,2014-12,8690.0
350,2015-01,6742.0
350,2015-02,6468.0
350,2015-03,7126.0
350,2015-04,7080.0
350,2015-05,7260.0
350,2015-06,7583.0
350,2015-07,7102.0
351,2013-01,5093.0
351,2013-02,5464.0
351,2013-03,5994.0
351,2013-04,5605.0
351,2013-05,6133.0
351,2013-06,5393.0
351,2013-07,6051.0
351,2013-08,5362.0
351,2013-09,5253.0
351,2013-10,5569.0
351,2013-11,5846.0
351,2013-12,7257.0
351,2014-01,5690.0
351,2014-02,5818.0
351,2014-03,5620.0
351,2014-04,6579.0
351,2014-05,6319.0
351,2014-06,6768.0
351,2014-07,6196.0
351,2014-08,5704.0
351,2014-09,5943.0
351,2014-10,5936.0
351,2014-11,6619.0
351,2014-12,7406.0
351,2015-01,6276.0
351,2015-02,5832.0
351,2015-03,6207.0
351,2015-04,6652.0
351,2015-05,6552.0
351,2015-06,6491.0
351,2015-07,6138.0
352,2013-01,6270.0
352,2013-02,6684.0
352,2013-03,7349.0
352,2013-04,6557.0
352,2013-05,7034.0
352,2013-06,6758.0
352,2013-07,6949.0
352,2013-08,7070.0
352,2013-09,6069.0
352,2013-10,5784.0
352,2013-11,6959.0
352,2013-12,8349.0
352,2014-01,5887.0
352,2014-02,6155.0
352,2014-03,6130.0
352,2014-04,6880.0
352,2014-05,6574.0
352,2014-06,6557.0
352,2014-07,6259.0
352,2014-08,6721.0
352,2014-09,6264.0
352,2014-10,6144.0
352,2014-11,7179.0
352,2014-12,8636.0
352,2015-01,6274.0
352,2015-02,6215.0
352,2015-03,6448.0
352,2015-04,7010.0
352,2015-05,6978.0
352,2015-06,6675.0
352,2015-07,6852.0
353,2013-01,3173.0
353,2013-02,3510.0
353,2013-03,4420.0
353,2013-04,4616.0
353,2013-05,5184.0
353,2013-06,4963.0
353,2013-07,4870.0
353,2013-08,4388.0
353,2013-09,4952.0
353,2013-10,5158.0
353,2013-11,5600.0
353,2013-12,6028.0
353,2014-01,5095.0
353,2014-02,5620.0
353,2014-03,5741.0
353,2014-04,5973.0
353,2014-05,6181.0
353,2014-06,6277.0
353,2014-07,5849.0
353,2014-08,5457.0
353,2014-09,5671.0
353,2014-10,6148.0
353,2014-11,6620.0
353,2014-12,6728.0
353,2015-01,6051.0
353,2015-02,6152.0
353,2015-03,6482.0
353,2015-04,6712.0
353,2015-05,7121.0
353,2015-06,6993.0
353,2015-07,6741.0
354,2013-01,7369.0
354,2013-02,7954.0
354,2013-03,8983.0
354,2013-04,8050.0
354,2013-05,8611.0
354,2013-06,7553.0
354,2013-07,8308.0
354,2013-08,7590.0
354,2013-09,7366.0
354,2013-10,7923.0
354,2013-11,8247.0
354,2013-12,10100.0
354,2014-01,7815.0
354,2014-02,8180.0
354,2014-03,8074.0
354,2014-04,8687.0
354,2014-05,8507.0
354,2014-06,8851.0
354,2014-07,7856.0
354,2014-08,8006.0
354,2014-09,7961.0
354,2014-10,8031.0
354,2014-11,9368.0
354,2014-12,10257.0
354,2015-01,8726.0
354,2015-02,8272.0
354,2015-03,8531.0
354,2015-04,8720.0
354,2015-05,9176.0
354,2015-06,9188.0
354,2015-07,8310.0
355,2013-01,8551.0
355,2013-02,8574.0
355,2013-03,9726.0
355,2013-04,8775.0
355,2013-05,9067.0
355,2013-06,8662.0
355,2013-07,9255.0
355,2013-08,9441.0
355,2013-09,8120.0
355,2013-10,8242.0
355,2013-11,9120.0
355,2013-12,12255.0
355,2014-01,8262.0
355,2014-02,8482.0
355,2014-03,8269.0
355,2014-04,9311.0
355,2014-05,8836.0
355,2014-06,8870.0
355,2014-07,8840.0
355,2014-08,9423.0
355,2014-09,8953.0
355,2014-10,8723.0
355,2014-11,9899.0
355,2014-12,12032.0
355,2015-01,8806.0
355,2015-02,8799.0
355,2015-03,9202.0
355,2015-04,9791.0
355,2015-05,9104.0
355,2015-06,8947.0
355,2015-07,9480.0
356,2013-01,4455.0
356,2013-02,4877.0
356,2013-03,5261.0
356,2013-04,4791.0
356,2013-05,5311.0
356,2013-06,4946.0
356,2013-07,5451.0
356,2013-08,4965.0
356,2013-09,4931.0
356,2013-10,5201.0
356,2013-11,5642.0
356,2013-12,7023.0
356,2014-01,5371.0
356,2014-02,5506.0
356,2014-03,5496.0
356,2014-04,6079.0
356,2014-05,5788.0
356,2014-06,5662.0
356,2014-07,5651.0
356,2014-08,5374.0
356,2014-09,5463.0
356,2014-10,5953.0
356,2014-11,6481.0
356,2014-12,7391.0
356,2015-01,6216.0
356,2015-02,5799.0
356,2015-03,6120.0
356,2015-04,6673.0
356,2015-05,6621.0
356,2015-06,6395.0
356,2015-07,6629.0
357,2013-01,7820.0
357,2013-02,8015.0
357,2013-03,8210.0
357,2013-04,7290.0
357,2013-05,7647.0
357,2013-06,7084.0
357,2013-07,7095.0
357,2013-08,6386.0
357,2013-09,6849.0
357,2013-10,7014.0
357,2013-11,7587.0
357,2013-12,9042.0
357,2014-01,7294.0
357,2014-02,7534.0
357,2014-03,7458.0
357,2014-04,7985.0
357,2014-05,7724.0
357,2014-06,7903.0
357,2014-07,7394.0
357,2014-08,6687.0
357,2014-09,13579.0
357,2014-10,7509.0
357,2014-11,8418.0
357,2014-12,9107.0
357,2015-01,7884.0
357,2015-02,7452.0
357,2015-03,7800.0
357,2015-04,8362.0
357,2015-05,8225.0
357,2015-06,8010.0
357,2015-07,8194.0
358,2013-01,9339.0
358,2013-02,10047.0
358,2013-03,10910.0
358,2013-04,9935.0
358,2013-05,10878.0
358,2013-06,9682.0
358,2013-07,10463.0
358,2013-08,9317.0
358,2013-09,9311.0
358,2013-10,9713.0
358,2013-11,10320.0
358,2013-12,12282.0
358,2014-01,9681.0
358,2014-02,10014.0
358,2014-03,9963.0
358,2014-04,10781.0
358,2014-05,10383.0
358,2014-06,10850.0
358,2014-07,9879.0
358,2014-08,9644.0
358,2014-09,10006.0
358,2014-10,9884.0
358,2014-11,11163.0
358,2014-12,12259.0
358,2015-01,10540.0
358,2015-02,9987.0
358,2015-03,10289.0
358,2015-04,10887.0
358,2015-05,10968.0
358,2015-06,10940.0
358,2015-07,9731.0
359,2013-01,6168.0
359,2013-02,6458.0
359,2013-03,7282.0
359,2013-04,6454.0
359,2013-05,7231.0
359,2013-06,6453.0
359,2013-07,6667.0
359,2013-08,6807.0
359,2013-09,6285.0
359,2013-10,6559.0
359,2013-11,7065.0
359,2013-12,8740.0
359,2014-01,6454.0
359,2014-02,6616.0
359,2014-03,6555.0
359,2014-04,7545.0
359,2014-05,7092.0
359,2014-06,7125.0
359,2014-07,6526.0
359,2014-08,6423.0
359,2014-09,6461.0
359,2014-10,6513.0
359,2014-11,7190.0
359,2014-12,8288.0
359,2015-01,6734.0
359,2015-02,6466.0
359,2015-03,6671.0
359,2015-04,7172.0
359,2015-05,7133.0
359,2015-06,6843.0
359,2015-07,6754.0
360,2013-01,6537.0
360,2013-02,6704.0
360,2013-03,7416.0
360,2013-04,6798.0
360,2013-05,7332.0
360,2013-06,6768.0
360,2013-07,6591.0
360,2013-08,6715.0
360,2013-09,6488.0
360,2013-10,6603.0
360,2013-11,6752.0
360,2013-12,8643.0
360,2014-01,6450.0
360,2014-02,6540.0
360,2014-03,6621.0
360,2014-04,7232.0
360,2014-05,6756.0
360,2014-06,7103.0
360,2014-07,6641.0
360,2014-08,6380.0
360,2014-09,6740.0
360,2014-10,6857.0
360,2014-11,7309.0
360,2014-12,8483.0
360,2015-01,6648.0
360,2015-02,6514.0
360,2015-03,7026.0
360,2015-04,7197.0
360,2015-05,7309.0
360,2015-06,7038.0
360,2015-07,7074.0
361,2013-01,5174.0
361,2013-02,5825.0
361,2013-03,6709.0
361,2013-04,5889.0
361,2013-05,6200.0
361,2013-06,5597.0
361,2013-07,6399.0
361,2013-08,5924.0
361,2013-09,5672.0
361,2013-10,5951.0
361,2013-11,6285.0
361,2013-12,8094.0
361,2014-01,6264.0
361,2014-02,6137.0
361,2014-03,5905.0
361,2014-04,6850.0
361,2014-05,6523.0
361,2014-06,6343.0
361,2014-07,6420.0
361,2014-08,5845.0
361,2014-09,5725.0
361,2014-10,6085.0
361,2014-11,6555.0
361,2014-12,7614.0
361,2015-01,6562.0
361,2015-02,5755.0
361,2015-03,6111.0
361,2015-04,6716.0
361,2015-05,6703.0
361,2015-06,6208.0
361,2015-07,6435.0
362,2013-01,8661.0
362,2013-02,8829.0
362,2013-03,9896.0
362,2013-04,8914.0
362,2013-05,9208.0
362,2013-06,8420.0
362,2013-07,8775.0
362,2013-08,9646.0
362,2013-09,8445.0
362,2013-10,8909.0
362,2013-11,9415.0
362,2013-12,11404.0
362,2014-01,8634.0
362,2014-02,8866.0
362,2014-03,8564.0
362,2014-04,9410.0
362,2014-05,9041.0
362,2014-06,9218.0
362,2014-07,8725.0
362,2014-08,8735.0
362,2014-09,9269.0
362,2014-10,9618.0
362,2014-11,10517.0
362,2014-12,11655.0
362,2015-01,9696.0
362,2015-02,9233.0
362,2015-03,9760.0
362,2015-04,10267.0
362,2015-05,9989.0
362,2015-06,9745.0
362,2015-07,9477.0
363,2013-01,6682.0
363,2013-02,6946.0
363,2013-03,7329.0
363,2013-04,7087.0
363,2013-05,7489.0
363,2013-06,7215.0
363,2013-07,6688.0
363,2013-08,6761.0
363,2013-09,6638.0
363,2013-10,6698.0
363,2013-11,6610.0
363,2013-12,7660.0
363,2014-01,6414.0
363,2014-02,6934.0
363,2014-03,6960.0
363,2014-04,7367.0
363,2014-05,7224.0
363,2014-06,7539.0
363,2014-07,7390.0
363,2014-08,6976.0
363,2014-09,7149.0
363,2014-10,7130.0
363,2014-11,7698.0
363,2014-12,7601.0
363,2015-01,6763.0
363,2015-02,6863.0
363,2015-03,7249.0
363,2015-04,7687.0
363,2015-05,7702.0
363,2015-06,7337.0
363,2015-07,7588.0
364,2013-01,2442.0
364,2013-02,2308.0
364,2013-03,2579.0
364,2013-04,2766.0
364,2013-05,5942.0
364,2013-06,4270.0
364,2013-07,4872.0
364,2013-08,4963.0
364,2013-09,4936.0
364,2013-10,4873.0
364,2013-11,4366.0
364,2013-12,5237.0
364,2014-01,3945.0
364,2014-02,4113.0
364,2014-03,4214.0
364,2014-04,4766.0
364,2014-05,4872.0
364,2014-06,5102.0
364,2014-07,4987.0
364,2014-08,4835.0
364,2014-09,4832.0
364,2014-10,4850.0
364,2014-11,5143.0
364,2014-12,5495.0
364,2015-01,4411.0
364,2015-02,4456.0
364,2015-03,4698.0
364,2015-04,5045.0
364,2015-05,5227.0
364,2015-06,5313.0
364,2015-07,5440.0
365,2013-01,4967.0
365,2013-02,5069.0
365,2013-03,5532.0
365,2013-04,5326.0
365,2013-05,5628.0
365,2013-06,4966.0
365,2013-07,5692.0
365,2013-08,5384.0
365,2013-09,4868.0
365,2013-10,5141.0
365,2013-11,5379.0
365,2013-12,6502.0
365,2014-01,5348.0
365,2014-02,5340.0
365,2014-03,5040.0
365,2014-04,5731.0
365,2014-05,5289.0
365,2014-06,5556.0
365,2015-01,5725.0
365,2015-02,5064.0
365,2015-03,5453.0
365,2015-04,5813.0
365,2015-05,5943.0
365,2015-06,5540.0
365,2015-07,5813.0
366,2013-01,5526.0
366,2013-02,5640.0
366,2013-03,6610.0
366,2013-04,5765.0
366,2013-05,6057.0
366,2013-06,5528.0
366,2013-07,6216.0
366,2013-08,5896.0
366,2013-09,5572.0
366,2013-10,5704.0
366,2013-11,6174.0
366,2013-12,8418.0
366,2014-01,5892.0
366,2014-02,5868.0
366,2014-03,5932.0
366,2014-04,6547.0
366,2014-05,6070.0
366,2014-06,6314.0
366,2014-07,6107.0
366,2014-08,5744.0
366,2014-09,6149.0
366,2014-10,6234.0
366,2014-11,6712.0
366,2014-12,8253.0
366,2015-01,6193.0
366,2015-02,5760.0
366,2015-03,6489.0
366,2015-04,6415.0
366,2015-05,6137.0
366,2015-06,6156.0
366,2015-07,6155.0
367,2013-01,4634.0
367,2013-02,4875.0
367,2013-03,5352.0
367,2013-04,4908.0
367,2013-05,5266.0
367,2013-06,4915.0
367,2013-07,5073.0
367,2013-08,5271.0
367,2013-09,4656.0
367,2013-10,4655.0
367,2013-11,5011.0
367,2013-12,6376.0
367,2014-01,4896.0
367,2014-02,5094.0
367,2014-03,5007.0
367,2014-04,5479.0
367,2014-05,5286.0
367,2014-06,5546.0
367,2014-07,5145.0
367,2014-08,5156.0
367,2014-09,5158.0
367,2014-10,4956.0
367,2014-11,5578.0
367,2014-12,6120.0
367,2015-01,5547.0
367,2015-02,5031.0
367,2015-03,5334.0
367,2015-04,5867.0
367,2015-05,5634.0
367,2015-06,5666.0
367,2015-07,5548.0
368,2013-01,8446.0
368,2013-02,8309.0
368,2013-03,9885.0
368,2013-04,9035.0
368,2013-05,9594.0
368,2013-06,8547.0
368,2013-07,10204.0
368,2013-08,8820.0
368,2013-09,8728.0
368,2013-10,8595.0
368,2013-11,9340.0
368,2013-12,11239.0
368,2014-01,9454.0
368,2014-02,9450.0
368,2014-03,9106.0
368,2014-04,10301.0
368,2014-05,9721.0
368,2014-06,10292.0
368,2014-07,9754.0
368,2014-08,9095.0
368,2014-09,9359.0
368,2014-10,9319.0
368,2014-11,10552.0
368,2014-12,11299.0
368,2015-01,10416.0
368,2015-02,9064.0
368,2015-03,10255.0
368,2015-04,10701.0
368,2015-05,10675.0
368,2015-06,10658.0
368,2015-07,10368.0
369,2013-01,6424.0
369,2013-02,6720.0
369,2013-03,7504.0
369,2013-04,6877.0
369,2013-05,7622.0
369,2013-06,6831.0
369,2013-07,7366.0
369,2013-08,7251.0
369,2013-09,6752.0
369,2013-10,6607.0
369,2013-11,7063.0
369,2013-12,8880.0
369,2014-01,6762.0
369,2014-02,6951.0
369,2014-03,6980.0
369,2014-04,6585.0
369,2014-05,6472.0
369,2014-06,7141.0
369,2014-07,6707.0
369,2014-08,6637.0
369,2014-09,6354.0
369,2014-10,6247.0
369,2014-11,6906.0
369,2014-12,7625.0
369,2015-01,6392.0
369,2015-02,6011.0
369,2015-03,6337.0
369,2015-04,6596.0
369,2015-05,6807.0
369,2015-06,6666.0
369,2015-07,6651.0
370,2013-01,6823.0
370,2013-02,7031.0
370,2013-03,8106.0
370,2013-04,7307.0
370,2013-05,8107.0
370,2013-06,7414.0
370,2013-07,7868.0
370,2013-08,7247.0
370,2013-09,7055.0
370,2013-10,7064.0
370,2013-11,7415.0
370,2013-12,9028.0
370,2014-01,7282.0
370,2014-02,7319.0
370,2014-03,7644.0
370,2014-04,7828.0
370,2014-05,7594.0
370,2014-06,8383.0
370,2014-07,7374.0
370,2014-08,7180.0
370,2014-09,7502.0
370,2014-10,7161.0
370,2014-11,8095.0
370,2014-12,8873.0
370,2015-01,7287.0
370,2015-02,7060.0
370,2015-03,7794.0
370,2015-04,8047.0
370,2015-05,8260.0
370,2015-06,8548.0
370,2015-07,7773.0
371,2013-01,6374.0
371,2013-02,6650.0
371,2013-03,7520.0
371,2013-04,6495.0
371,2013-05,7141.0
371,2013-06,7040.0
371,2013-07,7322.0
371,2013-08,6673.0
371,2013-09,6310.0
371,2013-10,6464.0
371,2013-11,6725.0
371,2013-12,8828.0
371,2014-01,6360.0
371,2014-02,6500.0
371,2014-03,6431.0
371,2014-04,7118.0
371,2014-05,6702.0
371,2014-06,7033.0
371,2014-07,6665.0
371,2014-08,6341.0
371,2014-09,6351.0
371,2014-10,6328.0
371,2014-11,7447.0
371,2014-12,8852.0
371,2015-01,6926.0
371,2015-02,6456.0
371,2015-03,6793.0
371,2015-04,7236.0
371,2015-05,7042.0
371,2015-06,6844.0
371,2015-07,6872.0
372,2013-01,7762.0
372,2013-02,8050.0
372,2013-03,8766.0
372,2013-04,8207.0
372,2013-05,8993.0
372,2013-06,8067.0
372,2013-07,8702.0
372,2013-08,8013.0
372,2013-09,7947.0
372,2013-10,8061.0
372,2013-11,8379.0
372,2013-12,10383.0
372,2014-01,7960.0
372,2014-02,8193.0
372,2014-03,8195.0
372,2014-04,8768.0
372,2014-05,8974.0
372,2014-06,9761.0
372,2014-07,8363.0
372,2014-08,8433.0
372,2014-09,8675.0
372,2014-10,8310.0
372,2014-11,9514.0
372,2014-12,10998.0
372,2015-01,8975.0
372,2015-02,8715.0
372,2015-03,9353.0
372,2015-04,9584.0
372,2015-05,9687.0
372,2015-06,10186.0
372,2015-07,8864.0
373,2013-01,3795.0
373,2013-02,3770.0
373,2013-03,4733.0
373,2013-04,3817.0
373,2013-05,4398.0
373,2013-06,3920.0
373,2013-07,4146.0
373,2013-08,4165.0
373,2013-09,4125.0
373,2013-10,4056.0
373,2013-11,4571.0
373,2013-12,5998.0
373,2014-01,4239.0
373,2014-02,4392.0
373,2014-03,4352.0
373,2014-04,4767.0
373,2014-05,4530.0
373,2014-06,4774.0
373,2014-07,4551.0
373,2014-08,4375.0
373,2014-09,4393.0
373,2014-10,4475.0
373,2014-11,5059.0
373,2014-12,6120.0
373,2015-01,4810.0
373,2015-02,4391.0
373,2015-03,4847.0
373,2015-04,4838.0
373,2015-05,4840.0
373,2015-06,4672.0
373,2015-07,4721.0
374,2013-01,6381.0
374,2013-02,6680.0
374,2013-03,7301.0
374,2013-04,6976.0
374,2013-05,7332.0
374,2013-06,6670.0
374,2013-07,6644.0
374,2013-08,6680.0
374,2013-09,6806.0
374,2013-10,6634.0
374,2013-11,6836.0
374,2013-12,8076.0
374,2014-01,6716.0
374,2014-02,6895.0
374,2014-03,6957.0
374,2014-04,7219.0
374,2014-05,6957.0
374,2014-06,7287.0
374,2014-07,6709.0
374,2014-08,6263.0
374,2014-09,6737.0
374,2014-10,6915.0
374,2014-11,7081.0
374,2014-12,7872.0
374,2015-01,6949.0
374,2015-02,6831.0
374,2015-03,7365.0
374,2015-04,7609.0
374,2015-05,7514.0
374,2015-06,7475.0
374,2015-07,7188.0
375,2013-01,8203.0
375,2013-02,8416.0
375,2013-03,9772.0
375,2013-04,8395.0
375,2013-05,9000.0
375,2013-06,8260.0
375,2013-07,9559.0
375,2013-08,8563.0
375,2013-09,8305.0
375,2013-10,8393.0
375,2013-11,9047.0
375,2013-12,12576.0
375,2014-01,8595.0
375,2014-02,8689.0
375,2014-03,8765.0
375,2014-04,9258.0
375,2014-05,8891.0
375,2014-06,9287.0
375,2014-07,8762.0
375,2014-08,8380.0
375,2014-09,9239.0
375,2014-10,8881.0
375,2014-11,9687.0
375,2014-12,12285.0
375,2015-01,9321.0
375,2015-02,8595.0
375,2015-03,9441.0
375,2015-04,9562.0
375,2015-05,9224.0
375,2015-06,9533.0
375,2015-07,9391.0
376,2013-01,8291.0
376,2013-02,8535.0
376,2013-03,9316.0
376,2013-04,8456.0
376,2013-05,8742.0
376,2013-06,8091.0
376,2013-07,7792.0
376,2013-08,7847.0
376,2013-09,7509.0
376,2013-10,7490.0
376,2013-11,8245.0
376,2013-12,10240.0
376,2014-01,7755.0
376,2014-02,7938.0
376,2014-03,11572.0
376,2014-04,8732.0
376,2014-05,8379.0
376,2014-06,8802.0
376,2014-07,8109.0
376,2014-08,7627.0
376,2014-09,8038.0
376,2014-10,8010.0
376,2014-11,8883.0
376,2014-12,10015.0
376,2015-01,8445.0
376,2015-02,7956.0
376,2015-03,8563.0
376,2015-04,9058.0
376,2015-05,8636.0
376,2015-06,8476.0
376,2015-07,8239.0
377,2013-01,6033.0
377,2013-02,6467.0
377,2013-03,7963.0
377,2013-04,6683.0
377,2013-05,6886.0
377,2013-06,6590.0
377,2013-07,7793.0
377,2013-08,8215.0
377,2013-09,6446.0
377,2013-10,6633.0
377,2013-11,7803.0
377,2013-12,10221.0
377,2014-01,6767.0
377,2014-02,7255.0
377,2014-03,7258.0
377,2014-04,7902.0
377,2014-05,7411.0
377,2014-06,7606.0
377,2014-07,7908.0
377,2014-08,9006.0
377,2014-09,7617.0
377,2014-10,7716.0
377,2014-11,9245.0
377,2014-12,11070.0
377,2015-01,7856.0
377,2015-02,7665.0
377,2015-03,8341.0
377,2015-04,8871.0
377,2015-05,8391.0
377,2015-06,8275.0
377,2015-07,8551.0
378,2013-01,4328.0
378,2013-02,4567.0
378,2013-03,5159.0
378,2013-04,4882.0
378,2013-05,5256.0
378,2013-06,4945.0
378,2013-07,5532.0
378,2013-08,5231.0
378,2013-09,4872.0
378,2013-10,4808.0
378,2013-11,5925.0
378,2013-12,9439.0
378,2014-01,6077.0
378,2014-02,6517.0
378,2014-03,6520.0
378,2014-04,6868.0
378,2014-05,6760.0
378,2014-06,7047.0
378,2014-07,6700.0
378,2014-08,6722.0
378,2014-09,6484.0
378,2014-10,6603.0
378,2014-11,7211.0
378,2014-12,9457.0
378,2015-01,6551.0
378,2015-02,6632.0
378,2015-03,6642.0
378,2015-04,7257.0
378,2015-05,7337.0
378,2015-06,7325.0
378,2015-07,6805.0
379,2013-01,3424.0
379,2013-02,3696.0
379,2013-03,4032.0
379,2013-04,3914.0
379,2013-05,3999.0
379,2013-06,3614.0
379,2013-07,3921.0
379,2013-08,3879.0
379,2013-09,3642.0
379,2013-10,3664.0
379,2013-11,3785.0
379,2013-12,4465.0
379,2014-01,3664.0
379,2014-02,3852.0
379,2014-03,3740.0
379,2014-04,4068.0
379,2014-05,3802.0
379,2014-06,3980.0
379,2014-07,3813.0
379,2014-08,3584.0
379,2014-09,3788.0
379,2014-10,3755.0
379,2014-11,3972.0
379,2014-12,4418.0
379,2015-01,3786.0
379,2015-02,3817.0
379,2015-03,3981.0
379,2015-04,4301.0
379,2015-05,4294.0
379,2015-06,4281.0
379,2015-07,4153.0
380,2013-01,14662.0
380,2013-02,15767.0
380,2013-03,17049.0
380,2013-04,16136.0
380,2013-05,15238.0
380,2013-06,12959.0
380,2013-07,14320.0
380,2013-08,13331.0
380,2013-09,12653.0
380,2013-10,13260.0
380,2013-11,13347.0
380,2013-12,16955.0
380,2014-01,13026.0
380,2014-02,13734.0
380,2014-03,13964.0
380,2014-04,15205.0
380,2014-05,15030.0
380,2014-06,15776.0
380,2014-07,14608.0
380,2014-08,13736.0
380,2014-09,13412.0
380,2014-10,13255.0
380,2014-11,14997.0
380,2014-12,16342.0
380,2015-01,13460.0
380,2015-02,13660.0
380,2015-03,13919.0
380,2015-04,14836.0
380,2015-05,15333.0
380,2015-06,15215.0
380,2015-07,13804.0
381,2013-01,8121.0
381,2013-02,8317.0
381,2013-03,8938.0
381,2013-04,8746.0
381,2013-05,8790.0
381,2013-06,8401.0
381,2013-07,9060.0
381,2013-08,7687.0
381,2013-09,8299.0
381,2013-10,8784.0
381,2013-11,9258.0
381,2013-12,10434.0
381,2014-01,9191.0
381,2014-02,8483.0
381,2014-03,8769.0
381,2014-04,9657.0
381,2014-05,9149.0
381,2014-06,9188.0
381,2014-07,9060.0
381,2014-08,7924.0
381,2014-09,8636.0
381,2014-10,9230.0
381,2014-11,9822.0
381,2014-12,10658.0
381,2015-01,9457.0
381,2015-02,8696.0
381,2015-03,9261.0
381,2015-04,9705.0
381,2015-05,9159.0
381,2015-06,9242.0
381,2015-07,9144.0
382,2013-01,7095.0
382,2013-02,7427.0
382,2013-03,8336.0
382,2013-04,6987.0
382,2013-05,7853.0
382,2013-06,7305.0
382,2013-07,7985.0
382,2013-08,7620.0
382,2013-09,7107.0
382,2013-10,7342.0
382,2013-11,8165.0
382,2013-12,10826.0
382,2014-01,7562.0
382,2014-02,7510.0
382,2014-03,7308.0
382,2014-04,8398.0
382,2014-05,7985.0
382,2014-06,8165.0
382,2014-07,8016.0
382,2014-08,7360.0
382,2014-09,7752.0
382,2014-10,8073.0
382,2014-11,8611.0
382,2014-12,10928.0
382,2015-01,8277.0
382,2015-02,7462.0
382,2015-03,8013.0
382,2015-04,8563.0
382,2015-05,7833.0
382,2015-06,7918.0
382,2015-07,7979.0
383,2013-01,16189.0
383,2013-02,16991.0
383,2013-03,18347.0
383,2013-04,17108.0
383,2013-05,18344.0
383,2013-06,16865.0
383,2013-07,17172.0
383,2013-08,16413.0
383,2013-09,16372.0
383,2013-10,16682.0
383,2013-11,17338.0
383,2013-12,20855.0
383,2014-01,16336.0
383,2014-02,17127.0
383,2014-03,16905.0
383,2014-04,18198.0
383,2014-05,17572.0
383,2014-06,17675.0
383,2014-07,17144.0
383,2014-08,16070.0
383,2014-09,17146.0
383,2014-10,16991.0
383,2014-11,17663.0
383,2014-12,19186.0
383,2015-01,16101.0
383,2015-02,16706.0
383,2015-03,17448.0
383,2015-04,17844.0
383,2015-05,17616.0
383,2015-06,17018.0
383,2015-07,17335.0
384,2013-01,7537.0
384,2013-02,7774.0
384,2013-03,8983.0
384,2013-04,7406.0
384,2013-05,8064.0
384,2013-06,7185.0
384,2013-07,7883.0
384,2013-08,7794.0
384,2013-09,7798.0
384,2013-10,8282.0
384,2013-11,8899.0
384,2013-12,12245.0
384,2014-01,8324.0
384,2014-02,8284.0
384,2014-03,8538.0
384,2014-04,9152.0
384,2014-05,8413.0
384,2014-06,9008.0
384,2014-07,8521.0
384,2014-08,8388.0
384,2014-09,8851.0
384,2014-10,8876.0
384,2014-11,10130.0
384,2014-12,12957.0
384,2015-01,9322.0
384,2015-02,8853.0
384,2015-03,10150.0
384,2015-04,9487.0
384,2015-05,9432.0
384,2015-06,9598.0
384,2015-07,9185.0
385,2013-01,6671.0
385,2013-02,6679.0
385,2013-03,7720.0
385,2013-04,7056.0
385,2013-05,7786.0
385,2013-06,6876.0
385,2013-07,7450.0
385,2013-08,7330.0
385,2013-09,6698.0
385,2013-10,6559.0
385,2013-11,7150.0
385,2013-12,8944.0
385,2014-01,7080.0
385,2014-02,7180.0
385,2014-03,6788.0
385,2014-04,7794.0
385,2014-05,7531.0
385,2014-06,7932.0
385,2015-01,7645.0
385,2015-02,6702.0
385,2015-03,7459.0
385,2015-04,7978.0
385,2015-05,8074.0
385,2015-06,7584.0
385,2015-07,7306.0
386,2013-01,7828.0
386,2013-02,8398.0
386,2013-03,9787.0
386,2013-04,7996.0
386,2013-05,8891.0
386,2013-06,7994.0
386,2013-07,8907.0
386,2013-08,8678.0
386,2013-09,8422.0
386,2013-10,8585.0
386,2013-11,9235.0
386,2013-12,11537.0
386,2014-01,9071.0
386,2014-02,9202.0
386,2014-03,9341.0
386,2014-04,8125.0
386,2014-05,7010.0
386,2014-06,7544.0
386,2014-07,6646.0
386,2014-08,6900.0
386,2014-09,6932.0
386,2014-10,6655.0
386,2014-11,7389.0
386,2014-12,8695.0
386,2015-01,6801.0
386,2015-02,6538.0
386,2015-03,7268.0
386,2015-04,7368.0
386,2015-05,6962.0
386,2015-06,7540.0
386,2015-07,6905.0
387,2013-01,10582.0
387,2013-02,10772.0
387,2013-03,11420.0
387,2013-04,8019.0
387,2013-05,8802.0
387,2013-06,7850.0
387,2013-07,8747.0
387,2013-08,8108.0
387,2013-09,8453.0
387,2013-10,8276.0
387,2013-11,9468.0
387,2013-12,12170.0
387,2014-01,8821.0
387,2014-02,9330.0
387,2014-03,9307.0
387,2014-04,9450.0
387,2014-05,9068.0
387,2014-06,9755.0
387,2014-07,9870.0
387,2014-08,8826.0
387,2014-09,8721.0
387,2014-10,8390.0
387,2014-11,9835.0
387,2014-12,11416.0
387,2015-01,9112.0
387,2015-02,8936.0
387,2015-03,9237.0
387,2015-04,9417.0
387,2015-05,9490.0
387,2015-06,9775.0
387,2015-07,9450.0
388,2013-01,9194.0
388,2013-02,9644.0
388,2013-03,10495.0
388,2013-04,9700.0
388,2013-05,10447.0
388,2013-06,9554.0
388,2013-07,10404.0
388,2013-08,9058.0
388,2013-09,9181.0
388,2013-10,9582.0
388,2013-11,10092.0
388,2013-12,11945.0
388,2014-01,9946.0
388,2014-02,10046.0
388,2014-03,9842.0
388,2014-04,10781.0
388,2014-05,10240.0
388,2014-06,10889.0
388,2014-07,10023.0
388,2014-08,9550.0
388,2014-09,10125.0
388,2014-10,9990.0
388,2014-11,11519.0
388,2014-12,12268.0
388,2015-01,10319.0
388,2015-02,10181.0
388,2015-03,10587.0
388,2015-04,11115.0
388,2015-05,10884.0
388,2015-06,11085.0
388,2015-07,9827.0
389,2013-01,9743.0
389,2013-02,9966.0
389,2013-03,9175.0
389,2013-04,9630.0
389,2013-05,9955.0
389,2013-06,8843.0
389,2013-07,9338.0
389,2013-08,9697.0
389,2013-09,9332.0
389,2013-10,9499.0
389,2013-11,10137.0
389,2013-12,11967.0
389,2014-01,9816.0
389,2014-02,10198.0
389,2014-03,9622.0
389,2014-04,10764.0
389,2014-05,10170.0
389,2014-06,10470.0
389,2014-07,9965.0
389,2014-08,10047.0
389,2014-09,10181.0
389,2014-10,10278.0
389,2014-11,11464.0
389,2014-12,12707.0
389,2015-01,10811.0
389,2015-02,10697.0
389,2015-03,10955.0
389,2015-04,12046.0
389,2015-05,11150.0
389,2015-06,11023.0
389,2015-07,11170.0
390,2013-01,10615.0
390,2013-02,10962.0
390,2013-03,12075.0
390,2013-04,11158.0
390,2013-05,11905.0
390,2013-06,10706.0
390,2013-07,10632.0
390,2013-08,11212.0
390,2013-09,10388.0
390,2013-10,10650.0
390,2013-11,11225.0
390,2013-12,13618.0
390,2014-01,10889.0
390,2014-02,12427.0
390,2014-03,11675.0
390,2014-04,12531.0
390,2014-05,11800.0
390,2014-06,11952.0
390,2014-07,10866.0
390,2014-08,11206.0
390,2014-09,10838.0
390,2014-10,10548.0
390,2014-11,11804.0
390,2014-12,13208.0
390,2015-01,11381.0
390,2015-02,11235.0
390,2015-03,12284.0
390,2015-04,12720.0
390,2015-05,12638.0
390,2015-06,12212.0
390,2015-07,11960.0
391,2013-01,5011.0
391,2013-02,5213.0
391,2013-03,5574.0
391,2013-04,5378.0
391,2013-05,5628.0
391,2013-06,5039.0
391,2013-07,5495.0
391,2013-08,5999.0
391,2013-09,5447.0
391,2013-10,5415.0
391,2013-11,5580.0
391,2013-12,6985.0
391,2014-01,5714.0
391,2014-02,5855.0
391,2014-03,5870.0
391,2014-04,6464.0
391,2014-05,6045.0
391,2014-06,6481.0
391,2014-07,5850.0
391,2014-08,5488.0
391,2014-09,5690.0
391,2014-10,5774.0
391,2014-11,5864.0
391,2014-12,6430.0
391,2015-01,5482.0
391,2015-02,5283.0
391,2015-03,5660.0
391,2015-04,5961.0
391,2015-05,5859.0
391,2015-06,5901.0
391,2015-07,5204.0
392,2013-01,6487.0
392,2013-02,6762.0
392,2013-03,7292.0
392,2013-04,6913.0
392,2013-05,7355.0
392,2013-06,6479.0
392,2013-07,7179.0
392,2013-08,6252.0
392,2013-09,6525.0
392,2013-10,6682.0
392,2013-11,7316.0
392,2013-12,8787.0
392,2014-01,6984.0
392,2014-02,7118.0
392,2014-03,7045.0
392,2014-04,7618.0
392,2014-05,7208.0
392,2014-06,7847.0
392,2014-07,6954.0
392,2014-08,6685.0
392,2014-09,7254.0
392,2014-10,7228.0
392,2014-11,8438.0
392,2014-12,8981.0
392,2015-01,7361.0
392,2015-02,7276.0
392,2015-03,7742.0
392,2015-04,7812.0
392,2015-05,7757.0
392,2015-06,7961.0
392,2015-07,6806.0
393,2013-01,5204.0
393,2013-02,5489.0
393,2013-03,5995.0
393,2013-04,5648.0
393,2013-05,6466.0
393,2013-06,5734.0
393,2013-07,6036.0
393,2013-08,5955.0
393,2013-09,5945.0
393,2013-10,5715.0
393,2013-11,5827.0
393,2013-12,7338.0
393,2014-01,5551.0
393,2014-02,5838.0
393,2014-03,5533.0
393,2014-04,5976.0
393,2014-05,5875.0
393,2014-06,6248.0
393,2014-07,5570.0
393,2014-08,5744.0
393,2014-09,5574.0
393,2014-10,5412.0
393,2014-11,6196.0
393,2014-12,6885.0
393,2015-01,5700.0
393,2015-02,5408.0
393,2015-03,5689.0
393,2015-04,6074.0
393,2015-05,6349.0
393,2015-06,6349.0
393,2015-07,5950.0
394,2013-01,7013.0
394,2013-02,7570.0
394,2013-03,8449.0
394,2013-04,7545.0
394,2013-05,8609.0
394,2013-06,7974.0
394,2013-07,8316.0
394,2013-08,7792.0
394,2013-09,7543.0
394,2013-10,7472.0
394,2013-11,8233.0
394,2013-12,10590.0
394,2014-01,7531.0
394,2014-02,7896.0
394,2014-03,7749.0
394,2014-04,8637.0
394,2014-05,8322.0
394,2014-06,9062.0
394,2014-07,8324.0
394,2014-08,7729.0
394,2014-09,7793.0
394,2014-10,8143.0
394,2014-11,9021.0
394,2014-12,10529.0
394,2015-01,8427.0
394,2015-02,8030.0
394,2015-03,8696.0
394,2015-04,9066.0
394,2015-05,9202.0
394,2015-06,9227.0
394,2015-07,8870.0
395,2013-01,3710.0
395,2013-02,3866.0
395,2013-03,4115.0
395,2013-04,3879.0
395,2013-05,4229.0
395,2013-06,3742.0
395,2013-07,4025.0
395,2013-08,3554.0
395,2013-09,3627.0
395,2013-10,3736.0
395,2013-11,3952.0
395,2013-12,4946.0
395,2014-01,3667.0
395,2014-02,3723.0
395,2014-03,3725.0
395,2014-04,4233.0
395,2014-05,3961.0
395,2014-06,4164.0
395,2014-07,3838.0
395,2014-08,3667.0
395,2014-09,3739.0
395,2014-10,3946.0
395,2014-11,4463.0
395,2014-12,5051.0
395,2015-01,4025.0
395,2015-02,3820.0
395,2015-03,4072.0
395,2015-04,4157.0
395,2015-05,4223.0
395,2015-06,4223.0
395,2015-07,3811.0
396,2013-01,9210.0
396,2013-02,9161.0
396,2013-03,10739.0
396,2013-04,9210.0
396,2013-05,9947.0
396,2013-06,9236.0
396,2013-07,10092.0
396,2013-08,9707.0
396,2013-09,9058.0
396,2013-10,9519.0
396,2013-11,10276.0
396,2013-12,14307.0
396,2014-01,9696.0
396,2014-02,9672.0
396,2014-03,9663.0
396,2014-04,10618.0
396,2014-05,10096.0
396,2014-06,10286.0
396,2014-07,9945.0
396,2014-08,9521.0
396,2014-09,9883.0
396,2014-10,9824.0
396,2014-11,10928.0
396,2014-12,13700.0
396,2015-01,10398.0
396,2015-02,9709.0
396,2015-03,10292.0
396,2015-04,11082.0
396,2015-05,10446.0
396,2015-06,10469.0
396,2015-07,10473.0
397,2013-01,4448.0
397,2013-02,4659.0
397,2013-03,5168.0
397,2013-04,4584.0
397,2013-05,4879.0
397,2013-06,4511.0
397,2013-07,5459.0
397,2013-08,4950.0
397,2013-09,4791.0
397,2013-10,5132.0
397,2013-11,5414.0
397,2013-12,7240.0
397,2014-01,5391.0
397,2014-02,5455.0
397,2014-03,5435.0
397,2014-04,5772.0
397,2014-05,5497.0
397,2014-06,6044.0
397,2014-07,5624.0
397,2014-08,5428.0
397,2014-09,5321.0
397,2014-10,5454.0
397,2014-11,6580.0
397,2014-12,7427.0
397,2015-01,5844.0
397,2015-02,5936.0
397,2015-03,5862.0
397,2015-04,6312.0
397,2015-05,6067.0
397,2015-06,6527.0
397,2015-07,5855.0
398,2013-01,4712.0
398,2013-02,4915.0
398,2013-03,5926.0
398,2013-04,4909.0
398,2013-05,5102.0
398,2013-06,5057.0
398,2013-07,5168.0
398,2013-08,5217.0
398,2013-09,4836.0
398,2013-10,4742.0
398,2013-11,5592.0
398,2013-12,7264.0
398,2014-01,5158.0
398,2014-02,5304.0
398,2014-03,5348.0
398,2014-04,5689.0
398,2014-05,5428.0
398,2014-06,5516.0
398,2014-07,5404.0
398,2014-08,5645.0
398,2014-09,5353.0
398,2014-10,5247.0
398,2014-11,6054.0
398,2014-12,7548.0
398,2015-01,5592.0
398,2015-02,5323.0
398,2015-03,5798.0
398,2015-04,5667.0
398,2015-05,5844.0
398,2015-06,5611.0
398,2015-07,5600.0
399,2013-01,4883.0
399,2013-02,4904.0
399,2013-03,5765.0
399,2013-04,5053.0
399,2013-05,5451.0
399,2013-06,5256.0
399,2013-07,5496.0
399,2013-08,5303.0
399,2013-09,5107.0
399,2013-10,5078.0
399,2013-11,5530.0
399,2013-12,6822.0
399,2014-01,5192.0
399,2014-02,5209.0
399,2014-03,5280.0
399,2014-04,5501.0
399,2014-05,5335.0
399,2014-06,5876.0
399,2015-01,5924.0
399,2015-02,5486.0
399,2015-03,6134.0
399,2015-04,6016.0
399,2015-05,6235.0
399,2015-06,6341.0
399,2015-07,5911.0
400,2013-01,7856.0
400,2013-02,7721.0
400,2013-03,9048.0
400,2013-04,8065.0
400,2013-05,8302.0
400,2013-06,7605.0
400,2013-07,8372.0
400,2013-08,7639.0
400,2013-09,7851.0
400,2013-10,8065.0
400,2013-11,8722.0
400,2013-12,11435.0
400,2014-01,8202.0
400,2014-02,8495.0
400,2014-03,8829.0
400,2014-04,9414.0
400,2014-05,8419.0
400,2014-06,8952.0
400,2014-07,8401.0
400,2014-08,8063.0
400,2014-09,8662.0
400,2014-10,8685.0
400,2014-11,9981.0
400,2014-12,11334.0
400,2015-01,8790.0
400,2015-02,8581.0
400,2015-03,9390.0
400,2015-04,9644.0
400,2015-05,9255.0
400,2015-06,9256.0
400,2015-07,8435.0
401,2013-01,6018.0
401,2013-02,6058.0
401,2013-03,7284.0
401,2013-04,6325.0
401,2013-05,6516.0
401,2013-06,6003.0
401,2013-07,6537.0
401,2013-08,5996.0
401,2013-09,6144.0
401,2013-10,6262.0
401,2013-11,6804.0
401,2013-12,9005.0
401,2014-01,6194.0
401,2014-02,6433.0
401,2014-03,6746.0
401,2014-04,7352.0
401,2014-05,6806.0
401,2014-06,7300.0
401,2014-07,7230.0
401,2014-08,6776.0
401,2014-09,7541.0
401,2014-10,7031.0
401,2014-11,7898.0
401,2014-12,9471.0
401,2015-01,7237.0
401,2015-02,7004.0
401,2015-03,8035.0
401,2015-04,7457.0
401,2015-05,7403.0
401,2015-06,7787.0
401,2015-07,7346.0
402,2013-01,5104.0
402,2013-02,5206.0
402,2013-03,6369.0
402,2013-04,5194.0
402,2013-05,5676.0
402,2013-06,5110.0
402,2013-07,5821.0
402,2013-08,5573.0
402,2013-09,5311.0
402,2013-10,5417.0
402,2013-11,5933.0
402,2013-12,8574.0
402,2014-01,5445.0
402,2014-02,5386.0
402,2014-03,5404.0
402,2014-04,5854.0
402,2014-05,5863.0
402,2014-06,5824.0
402,2014-07,5696.0
402,2014-08,5807.0
402,2014-09,5737.0
402,2014-10,5557.0
402,2014-11,6366.0
402,2014-12,8566.0
402,2015-01,6057.0
402,2015-02,5548.0
402,2015-03,5639.0
402,2015-04,5984.0
402,2015-05,6068.0
402,2015-06,5793.0
402,2015-07,5879.0
403,2013-01,6997.0
403,2013-02,7060.0
403,2013-03,7729.0
403,2013-04,7310.0
403,2013-05,7920.0
403,2013-06,7198.0
403,2013-07,7880.0
403,2013-08,6842.0
403,2013-09,6967.0
403,2013-10,7128.0
403,2013-11,7517.0
403,2013-12,9039.0
403,2014-01,7309.0
403,2014-02,7246.0
403,2014-03,6927.0
403,2014-04,7534.0
403,2014-05,7326.0
403,2014-06,7829.0
403,2014-07,7049.0
403,2014-08,6778.0
403,2014-09,7098.0
403,2014-10,7115.0
403,2014-11,8025.0
403,2014-12,8771.0
403,2015-01,7358.0
403,2015-02,7055.0
403,2015-03,7602.0
403,2015-04,7710.0
403,2015-05,7731.0
403,2015-06,8237.0
403,2015-07,7539.0
404,2013-01,5840.0
404,2013-02,4056.0
404,2013-03,4446.0
404,2013-04,4081.0
404,2013-05,4337.0
404,2013-06,4206.0
404,2013-07,4592.0
404,2013-08,4016.0
404,2013-09,4045.0
404,2013-10,4260.0
404,2013-11,4709.0
404,2013-12,5764.0
404,2014-01,4599.0
404,2014-02,4865.0
404,2014-03,4642.0
404,2014-04,5060.0
404,2014-05,4952.0
404,2014-06,5130.0
404,2014-07,4875.0
404,2014-08,4338.0
404,2014-09,4531.0
404,2014-10,4693.0
404,2014-11,5284.0
404,2014-12,5881.0
404,2015-01,4900.0
404,2015-02,4919.0
404,2015-03,5104.0
404,2015-04,5392.0
404,2015-05,5208.0
404,2015-06,5196.0
404,2015-07,5313.0
405,2013-01,4289.0
405,2013-02,4303.0
405,2013-03,4969.0
405,2013-04,4546.0
405,2013-05,4611.0
405,2013-06,4011.0
405,2013-07,4768.0
405,2013-08,4088.0
405,2013-09,4206.0
405,2013-10,4342.0
405,2013-11,4430.0
405,2013-12,5467.0
405,2014-01,4333.0
405,2014-02,4253.0
405,2014-03,4346.0
405,2014-04,4586.0
405,2014-05,4290.0
405,2014-06,4883.0
405,2014-07,4444.0
405,2014-08,4092.0
405,2014-09,4515.0
405,2014-10,4307.0
405,2014-11,4934.0
405,2014-12,5199.0
405,2015-01,4496.0
405,2015-02,4140.0
405,2015-03,4656.0
405,2015-04,4840.0
405,2015-05,4514.0
405,2015-06,5047.0
405,2015-07,4391.0
406,2013-01,3810.0
406,2013-02,4046.0
406,2013-03,5076.0
406,2013-04,4417.0
406,2013-05,4995.0
406,2013-06,4719.0
406,2013-07,5374.0
406,2013-08,5130.0
406,2013-09,4822.0
406,2013-10,5119.0
406,2013-11,5753.0
406,2013-12,7441.0
406,2014-01,5620.0
406,2014-02,5972.0
406,2014-03,5884.0
406,2014-04,6664.0
406,2014-05,6462.0
406,2014-06,6612.0
406,2014-07,6465.0
406,2014-08,6204.0
406,2014-09,6366.0
406,2014-10,6606.0
406,2014-11,7143.0
406,2014-12,8467.0
406,2015-01,6919.0
406,2015-02,6637.0
406,2015-03,6891.0
406,2015-04,7580.0
406,2015-05,7525.0
406,2015-06,7432.0
406,2015-07,7521.0
407,2013-01,3524.0
407,2013-02,3678.0
407,2013-03,4015.0
407,2013-04,3754.0
407,2013-05,3704.0
407,2013-06,3376.0
407,2013-07,3701.0
407,2013-08,3410.0
407,2013-09,3325.0
407,2013-10,3565.0
407,2013-11,3856.0
407,2013-12,4792.0
407,2014-01,3782.0
407,2014-02,3560.0
407,2014-03,3610.0
407,2014-04,4033.0
407,2014-05,3862.0
407,2014-06,4233.0
407,2015-01,4267.0
407,2015-02,3790.0
407,2015-03,3815.0
407,2015-04,4329.0
407,2015-05,4604.0
407,2015-06,4334.0
407,2015-07,4390.0
408,2013-01,4676.0
408,2013-02,4416.0
408,2013-03,4847.0
408,2013-04,4494.0
408,2013-05,4790.0
408,2013-06,4292.0
408,2013-07,4843.0
408,2013-08,4186.0
408,2013-09,4176.0
408,2013-10,4449.0
408,2013-11,4547.0
408,2013-12,5239.0
408,2014-01,4603.0
408,2014-02,4399.0
408,2014-03,4520.0
408,2014-04,4900.0
408,2014-05,4769.0
408,2014-06,4860.0
408,2014-07,4820.0
408,2014-08,4268.0
408,2014-09,4337.0
408,2014-10,4767.0
408,2014-11,4789.0
408,2014-12,5270.0
408,2015-01,5142.0
408,2015-02,4500.0
408,2015-03,5034.0
408,2015-04,5346.0
408,2015-05,5106.0
408,2015-06,5030.0
408,2015-07,5238.0
409,2013-01,4702.0
409,2013-02,4757.0
409,2013-03,5258.0
409,2013-04,5125.0
409,2013-05,5390.0
409,2013-06,4918.0
409,2013-07,5245.0
409,2013-08,5304.0
409,2013-09,5136.0
409,2013-10,4844.0
409,2013-11,4966.0
409,2013-12,6089.0
409,2014-01,5023.0
409,2014-02,5333.0
409,2014-03,5566.0
409,2014-04,5623.0
409,2014-05,5717.0
409,2014-06,6056.0
409,2014-07,5727.0
409,2014-08,5353.0
409,2014-09,5627.0
409,2014-10,5285.0
409,2014-11,5766.0
409,2014-12,6188.0
409,2015-01,5718.0
409,2015-02,5767.0
409,2015-03,6059.0
409,2015-04,6102.0
409,2015-05,6081.0
409,2015-06,6426.0
409,2015-07,6337.0
410,2013-01,5933.0
410,2013-02,6223.0
410,2013-03,6708.0
410,2013-04,6108.0
410,2013-05,6835.0
410,2013-06,5723.0
410,2013-07,6469.0
410,2013-08,5977.0
410,2013-09,5577.0
410,2013-10,5698.0
410,2013-11,6326.0
410,2013-12,7659.0
410,2014-01,5976.0
410,2014-02,6255.0
410,2014-03,6016.0
410,2014-04,6671.0
410,2014-05,6562.0
410,2014-06,6856.0
410,2014-07,6202.0
410,2014-08,6069.0
410,2014-09,6118.0
410,2014-10,6234.0
410,2014-11,7170.0
410,2014-12,7589.0
410,2015-01,6503.0
410,2015-02,6363.0
410,2015-03,6754.0
410,2015-04,7123.0
410,2015-05,7136.0
410,2015-06,7064.0
410,2015-07,6254.0
411,2013-01,7791.0
411,2013-02,8172.0
411,2013-03,9188.0
411,2013-04,8429.0
411,2013-05,9260.0
411,2013-06,8392.0
411,2013-07,9325.0
411,2013-08,8710.0
411,2013-09,8363.0
411,2013-10,8154.0
411,2013-11,8630.0
411,2013-12,10924.0
411,2014-01,8434.0
411,2014-02,8604.0
411,2014-03,8676.0
411,2014-04,9533.0
411,2014-05,9169.0
411,2014-06,9900.0
411,2014-07,9150.0
411,2014-08,8689.0
411,2014-09,8850.0
411,2014-10,8858.0
411,2014-11,9745.0
411,2014-12,11083.0
411,2015-01,9232.0
411,2015-02,8837.0
411,2015-03,9298.0
411,2015-04,10072.0
411,2015-05,10156.0
411,2015-06,10162.0
411,2015-07,9715.0
412,2013-01,8144.0
412,2013-02,8322.0
412,2013-03,9316.0
412,2013-04,8394.0
412,2013-05,9099.0
412,2013-06,8285.0
412,2013-07,8216.0
412,2013-08,8335.0
412,2013-09,8417.0
412,2013-10,8206.0
412,2013-11,9525.0
412,2013-12,10945.0
412,2014-01,8915.0
412,2014-02,8586.0
412,2014-03,9191.0
412,2014-04,9850.0
412,2014-05,9764.0
412,2014-06,9638.0
412,2015-01,9553.0
412,2015-02,8666.0
412,2015-03,9416.0
412,2015-04,9589.0
412,2015-05,10236.0
412,2015-06,9784.0
412,2015-07,9476.0
413,2013-01,6465.0
413,2013-02,6472.0
413,2013-03,7393.0
413,2013-04,6898.0
413,2013-05,7152.0
413,2013-06,6513.0
413,2013-07,6762.0
413,2013-08,6316.0
413,2013-09,6353.0
413,2013-10,6849.0
413,2013-11,7267.0
413,2013-12,8756.0
413,2014-01,7252.0
413,2014-02,7090.0
413,2014-03,6807.0
413,2014-04,7341.0
413,2014-05,6950.0
413,2014-06,7314.0
413,2015-01,7191.0
413,2015-02,6898.0
413,2015-03,7379.0
413,2015-04,7364.0
413,2015-05,7394.0
413,2015-06,7215.0
413,2015-07,7251.0
414,2013-01,5429.0
414,2013-02,5701.0
414,2013-03,6487.0
414,2013-04,5833.0
414,2013-05,6503.0
414,2013-06,6111.0
414,2013-07,6136.0
414,2013-08,6033.0
414,2013-09,5658.0
414,2013-10,5688.0
414,2013-11,6258.0
414,2013-12,8105.0
414,2014-01,5863.0
414,2014-02,6281.0
414,2014-03,6487.0
414,2014-04,6699.0
414,2014-05,6454.0
414,2014-06,6538.0
414,2014-07,6142.0
414,2014-08,5811.0
414,2014-09,6205.0
414,2014-10,5986.0
414,2014-11,6712.0
414,2014-12,8425.0
414,2015-01,6622.0
414,2015-02,6416.0
414,2015-03,6904.0
414,2015-04,7068.0
414,2015-05,7133.0
414,2015-06,7043.0
414,2015-07,6840.0
415,2013-01,5287.0
415,2013-02,5527.0
415,2013-03,6382.0
415,2013-04,5547.0
415,2013-05,6310.0
415,2013-06,5710.0
415,2013-07,6131.0
415,2013-08,6054.0
415,2013-09,5388.0
415,2013-10,5604.0
415,2013-11,6241.0
415,2013-12,7855.0
415,2014-01,5805.0
415,2014-02,5961.0
415,2014-03,5826.0
415,2014-04,6524.0
415,2014-05,6410.0
415,2014-06,6502.0
415,2014-07,6031.0
415,2014-08,6269.0
415,2014-09,5920.0
415,2014-10,6043.0
415,2014-11,6647.0
415,2014-12,7891.0
415,2015-01,6420.0
415,2015-02,6273.0
415,2015-03,6490.0
415,2015-04,6882.0
415,2015-05,7068.0
415,2015-06,5925.0
415,2015-07,6651.0
416,2013-01,9507.0
416,2013-02,10063.0
416,2013-03,10901.0
416,2013-04,10493.0
416,2013-05,10702.0
416,2013-06,10290.0
416,2013-07,10634.0
416,2013-08,10803.0
416,2013-09,10048.0
416,2013-10,10209.0
416,2013-11,11431.0
416,2013-12,13197.0
416,2014-01,9892.0
416,2014-02,10450.0
416,2014-03,10444.0
416,2014-04,11812.0
416,2014-05,10953.0
416,2014-06,11310.0
416,2014-07,10674.0
416,2014-08,10801.0
416,2014-09,10738.0
416,2014-10,10676.0
416,2014-11,12389.0
416,2014-12,13435.0
416,2015-01,10624.0
416,2015-02,10777.0
416,2015-03,11186.0
416,2015-04,12535.0
416,2015-05,11827.0
416,2015-06,11441.0
416,2015-07,11507.0
417,2013-01,7429.0
417,2013-02,7774.0
417,2013-03,8837.0
417,2013-04,7922.0
417,2013-05,8480.0
417,2013-06,7596.0
417,2013-07,8607.0
417,2013-08,7789.0
417,2013-09,7604.0
417,2013-10,7538.0
417,2013-11,7801.0
417,2013-12,8584.0
417,2014-01,7025.0
417,2014-02,7352.0
417,2014-03,8010.0
417,2014-04,7914.0
417,2014-05,7557.0
417,2014-06,8249.0
417,2014-07,7479.0
417,2014-08,7104.0
417,2014-09,7457.0
417,2014-10,7054.0
417,2014-11,7826.0
417,2014-12,7780.0
417,2015-01,6683.0
417,2015-02,6854.0
417,2015-03,7424.0
417,2015-04,7462.0
417,2015-05,7322.0
417,2015-06,7750.0
417,2015-07,6598.0
418,2013-01,4902.0
418,2013-02,4938.0
418,2013-03,5317.0
418,2013-04,5543.0
418,2013-05,5216.0
418,2013-06,4592.0
418,2013-07,5491.0
418,2013-08,4677.0
418,2013-09,4657.0
418,2013-10,4878.0
418,2013-11,5055.0
418,2013-12,6497.0
418,2014-01,5041.0
418,2014-02,5255.0
418,2014-03,5093.0
418,2014-04,5665.0
418,2014-05,5146.0
418,2014-06,5674.0
418,2014-07,5120.0
418,2014-08,4835.0
418,2014-09,5082.0
418,2014-10,5000.0
418,2014-11,5747.0
418,2014-12,6429.0
418,2015-01,5201.0
418,2015-02,5140.0
418,2015-03,5393.0
418,2015-04,5848.0
418,2015-05,5539.0
418,2015-06,5640.0
418,2015-07,5181.0
419,2013-01,5202.0
419,2013-02,5155.0
419,2013-03,5683.0
419,2013-04,5190.0
419,2013-05,5745.0
419,2013-06,5299.0
419,2013-07,5130.0
419,2013-08,4923.0
419,2013-09,4674.0
419,2013-10,4815.0
419,2013-11,5076.0
419,2013-12,6459.0
419,2014-01,4920.0
419,2014-02,5071.0
419,2014-03,4945.0
419,2014-04,5422.0
419,2014-05,5378.0
419,2014-06,5514.0
419,2014-07,4879.0
419,2014-08,4954.0
419,2014-09,4969.0
419,2014-10,5201.0
419,2014-11,5606.0
419,2014-12,6595.0
419,2015-01,5268.0
419,2015-02,5197.0
419,2015-03,5312.0
419,2015-04,5900.0
419,2015-05,5769.0
419,2015-06,5527.0
419,2015-07,5165.0
420,2013-01,3744.0
420,2013-02,3567.0
420,2013-03,4406.0
420,2013-04,4104.0
420,2013-05,4409.0
420,2013-06,3968.0
420,2013-07,4079.0
420,2013-08,4164.0
420,2013-09,4171.0
420,2013-10,4120.0
420,2013-11,4498.0
420,2013-12,5839.0
420,2014-01,4150.0
420,2014-02,4120.0
420,2014-03,4444.0
420,2014-04,4806.0
420,2014-05,4750.0
420,2014-06,4925.0
420,2015-01,4744.0
420,2015-02,4468.0
420,2015-03,4958.0
420,2015-04,5186.0
420,2015-05,5557.0
420,2015-06,5369.0
420,2015-07,5136.0
421,2013-01,8451.0
421,2013-02,9192.0
421,2013-03,11144.0
421,2013-04,9537.0
421,2013-05,9982.0
421,2013-06,9921.0
421,2013-07,10100.0
421,2013-08,9938.0
421,2013-09,8344.0
421,2013-10,7413.0
421,2013-11,9499.0
421,2013-12,12040.0
421,2014-01,7959.0
421,2014-02,8397.0
421,2014-03,8139.0
421,2014-04,9851.0
421,2014-05,9410.0
421,2014-06,9149.0
421,2014-07,9488.0
421,2014-08,10610.0
421,2014-09,8242.0
421,2014-10,9039.0
421,2014-11,10605.0
421,2014-12,13371.0
421,2015-01,9192.0
421,2015-02,8884.0
421,2015-03,9330.0
421,2015-04,10091.0
421,2015-05,10357.0
421,2015-06,9236.0
421,2015-07,10613.0
422,2013-01,4062.0
422,2013-02,4249.0
422,2013-03,4854.0
422,2013-04,4274.0
422,2013-05,4580.0
422,2013-06,4477.0
422,2013-07,3997.0
422,2013-08,4582.0
422,2013-09,4025.0
422,2013-10,4098.0
422,2013-11,4765.0
422,2013-12,5923.0
422,2014-01,4192.0
422,2014-02,4353.0
422,2014-03,4327.0
422,2014-04,4798.0
422,2014-05,4577.0
422,2014-06,4668.0
422,2014-07,4403.0
422,2014-08,4488.0
422,2014-09,4458.0
422,2014-10,4438.0
422,2014-11,5207.0
422,2014-12,6079.0
422,2015-01,4498.0
422,2015-02,4401.0
422,2015-03,4638.0
422,2015-04,4707.0
422,2015-05,4545.0
422,2015-06,4404.0
422,2015-07,4444.0
423,2013-01,9161.0
423,2013-02,10099.0
423,2013-03,11631.0
423,2013-04,10530.0
423,2013-05,11143.0
423,2013-06,10988.0
423,2013-07,11163.0
423,2013-08,10952.0
423,2013-09,10456.0
423,2013-10,10832.0
423,2013-11,10853.0
423,2013-12,11655.0
423,2014-01,9050.0
423,2014-02,9742.0
423,2014-03,10029.0
423,2014-04,11454.0
423,2014-05,11282.0
423,2014-06,11843.0
423,2014-07,10890.0
423,2014-08,10883.0
423,2014-09,10287.0
423,2014-10,10352.0
423,2014-11,10252.0
423,2014-12,11579.0
423,2015-01,9537.0
423,2015-02,10451.0
423,2015-03,11247.0
423,2015-04,11740.0
423,2015-05,11458.0
423,2015-06,11886.0
423,2015-07,12108.0
424,2013-01,5870.0
424,2013-02,6114.0
424,2013-03,6706.0
424,2013-04,5962.0
424,2013-05,6507.0
424,2013-06,6094.0
424,2013-07,6416.0
424,2013-08,5599.0
424,2013-09,6150.0
424,2013-10,6010.0
424,2013-11,6416.0
424,2013-12,8021.0
424,2014-01,6308.0
424,2014-02,6625.0
424,2014-03,6915.0
424,2014-04,7285.0
424,2014-05,7151.0
424,2014-06,7527.0
424,2014-07,6790.0
424,2014-08,6845.0
424,2014-09,6929.0
424,2014-10,7090.0
424,2014-11,7703.0
424,2014-12,8519.0
424,2015-01,7316.0
424,2015-02,7329.0
424,2015-03,7914.0
424,2015-04,7804.0
424,2015-05,8053.0
424,2015-06,8146.0
424,2015-07,6986.0
425,2013-01,2888.0
425,2013-02,2916.0
425,2013-03,3266.0
425,2013-04,2993.0
425,2013-05,3089.0
425,2013-06,3002.0
425,2013-07,3353.0
425,2013-08,2926.0
425,2013-09,2968.0
425,2013-10,2819.0
425,2013-11,3018.0
425,2013-12,3936.0
425,2014-01,3067.0
425,2014-02,3216.0
425,2014-03,3258.0
425,2014-04,3389.0
425,2014-05,3270.0
425,2014-06,3435.0
425,2014-07,3072.0
425,2014-08,3046.0
425,2014-09,3194.0
425,2014-10,3086.0
425,2014-11,3483.0
425,2014-12,4033.0
425,2015-01,3168.0
425,2015-02,3348.0
425,2015-03,3448.0
425,2015-04,3649.0
425,2015-05,3502.0
425,2015-06,3579.0
425,2015-07,3104.0
426,2013-01,4668.0
426,2013-02,4732.0
426,2013-03,5272.0
426,2013-04,5086.0
426,2013-05,5232.0
426,2013-06,4565.0
426,2013-07,5284.0
426,2013-08,4613.0
426,2013-09,4620.0
426,2013-10,4824.0
426,2013-11,5375.0
426,2013-12,5906.0
426,2014-01,4754.0
426,2014-02,4919.0
426,2014-03,4863.0
426,2014-04,5428.0
426,2014-05,5101.0
426,2014-06,5271.0
426,2014-07,4882.0
426,2014-08,4657.0
426,2014-09,4949.0
426,2014-10,4844.0
426,2014-11,5568.0
426,2014-12,5812.0
426,2015-01,5070.0
426,2015-02,4826.0
426,2015-03,5347.0
426,2015-04,5382.0
426,2015-05,5332.0
426,2015-06,5354.0
426,2015-07,4808.0
427,2013-01,7743.0
427,2013-02,8032.0
427,2013-03,9093.0
427,2013-04,7156.0
427,2013-05,7580.0
427,2013-06,6903.0
427,2013-07,7594.0
427,2013-08,7026.0
427,2013-09,7373.0
427,2013-10,7922.0
427,2013-11,7804.0
427,2013-12,9072.0
427,2014-01,6932.0
427,2014-02,7190.0
427,2014-03,7620.0
427,2014-04,7575.0
427,2014-05,7348.0
427,2014-06,7981.0
427,2015-01,7701.0
427,2015-02,7051.0
427,2015-03,7942.0
427,2015-04,7488.0
427,2015-05,7563.0
427,2015-06,8071.0
427,2015-07,7406.0
428,2013-01,5554.0
428,2013-02,5481.0
428,2013-03,6047.0
428,2013-04,5823.0
428,2013-05,6739.0
428,2013-06,6040.0
428,2013-07,6394.0
428,2013-08,6610.0
428,2013-09,5920.0
428,2013-10,5921.0
428,2013-11,6335.0
428,2013-12,7681.0
428,2014-01,6234.0
428,2014-02,5959.0
428,2014-03,6144.0
428,2014-04,6667.0
428,2014-05,6666.0
428,2014-06,7082.0
428,2015-01,6011.0
428,2015-02,5657.0
428,2015-03,5918.0
428,2015-04,6284.0
428,2015-05,6547.0
428,2015-06,6798.0
428,2015-07,6799.0
429,2013-01,4837.0
429,2013-02,4883.0
429,2013-03,5524.0
429,2013-04,5019.0
429,2013-05,5580.0
429,2013-06,4854.0
429,2013-07,5330.0
429,2013-08,5697.0
429,2013-09,5240.0
429,2013-10,5188.0
429,2013-11,5353.0
429,2013-12,7051.0
429,2014-01,5149.0
429,2014-02,4965.0
429,2014-03,5421.0
429,2014-04,5230.0
429,2014-05,5211.0
429,2014-06,5500.0
429,2015-01,5296.0
429,2015-02,4799.0
429,2015-03,5351.0
429,2015-04,5263.0
429,2015-05,5426.0
429,2015-06,5647.0
429,2015-07,5277.0
430,2013-01,7732.0
430,2013-02,7677.0
430,2013-03,8678.0
430,2013-04,7587.0
430,2013-05,9030.0
430,2013-06,7867.0
430,2013-07,8585.0
430,2013-08,9076.0
430,2013-09,8355.0
430,2013-10,8226.0
430,2013-11,8611.0
430,2013-12,11469.0
430,2014-01,8455.0
430,2014-02,8098.0
430,2014-03,7879.0
430,2014-04,8869.0
430,2014-05,8722.0
430,2014-06,9003.0
430,2015-01,9015.0
430,2015-02,8419.0
430,2015-03,8574.0
430,2015-04,8772.0
430,2015-05,9212.0
430,2015-06,8973.0
430,2015-07,9127.0
431,2013-01,8086.0
431,2013-02,8561.0
431,2013-03,9360.0
431,2013-04,8588.0
431,2013-05,9700.0
431,2013-06,8576.0
431,2013-07,9379.0
431,2013-08,8551.0
431,2013-09,8649.0
431,2013-10,8610.0
431,2013-11,10026.0
431,2013-12,11322.0
431,2014-01,9000.0
431,2014-02,9180.0
431,2014-03,9292.0
431,2014-04,10177.0
431,2014-05,9736.0
431,2014-06,10056.0
431,2014-07,9453.0
431,2014-08,9153.0
431,2014-09,8745.0
431,2014-10,9071.0
431,2014-11,10379.0
431,2014-12,11655.0
431,2015-01,9937.0
431,2015-02,9569.0
431,2015-03,9879.0
431,2015-04,10316.0
431,2015-05,10697.0
431,2015-06,10377.0
431,2015-07,9696.0
432,2013-01,9944.0
432,2013-02,10289.0
432,2013-03,10915.0
432,2013-04,10971.0
432,2013-05,11183.0
432,2013-06,10223.0
432,2013-07,10719.0
432,2013-08,10512.0
432,2013-09,10057.0
432,2013-10,10592.0
432,2013-11,10909.0
432,2013-12,12058.0
432,2014-01,9877.0
432,2014-02,10268.0
432,2014-03,10176.0
432,2014-04,11567.0
432,2014-05,10861.0
432,2014-06,11097.0
432,2014-07,10455.0
432,2014-08,10758.0
432,2014-09,10815.0
432,2014-10,11163.0
432,2014-11,11584.0
432,2014-12,12450.0
432,2015-01,10621.0
432,2015-02,11048.0
432,2015-03,11512.0
432,2015-04,12887.0
432,2015-05,11776.0
432,2015-06,11741.0
432,2015-07,11753.0
433,2013-01,5335.0
433,2013-02,5267.0
433,2013-03,5802.0
433,2013-04,4707.0
433,2013-05,5083.0
433,2013-06,4851.0
433,2013-07,5497.0
433,2013-08,5410.0
433,2013-09,4705.0
433,2013-10,5344.0
433,2013-11,5687.0
433,2013-12,7363.0
433,2014-01,5271.0
433,2014-02,5300.0
433,2014-03,5264.0
433,2014-04,5384.0
433,2014-05,4960.0
433,2014-06,4976.0
433,2014-07,5292.0
433,2014-08,5102.0
433,2014-09,5066.0
433,2014-10,5579.0
433,2014-11,6007.0
433,2014-12,7127.0
433,2015-01,5420.0
433,2015-02,5277.0
433,2015-03,4966.0
433,2015-04,5059.0
433,2015-05,4781.0
433,2015-06,5224.0
433,2015-07,5889.0
434,2013-01,8488.0
434,2013-02,8878.0
434,2013-03,9672.0
434,2013-04,9013.0
434,2013-05,10272.0
434,2013-06,9218.0
434,2013-07,9874.0
434,2013-08,9649.0
434,2013-09,8772.0
434,2013-10,9219.0
434,2013-11,9933.0
434,2013-12,12366.0
434,2014-01,9516.0
434,2014-02,9310.0
434,2014-03,9205.0
434,2014-04,10025.0
434,2014-05,10248.0
434,2014-06,10644.0
434,2015-01,10509.0
434,2015-02,9883.0
434,2015-03,10368.0
434,2015-04,10551.0
434,2015-05,11466.0
434,2015-06,10760.0
434,2015-07,10148.0
435,2013-01,3158.0
435,2013-02,3204.0
435,2013-03,3432.0
435,2013-04,3371.0
435,2013-05,3633.0
435,2013-06,3279.0
435,2013-07,3514.0
435,2013-08,2975.0
435,2013-09,3194.0
435,2013-10,3311.0
435,2013-11,3503.0
435,2013-12,3999.0
435,2014-01,3392.0
435,2014-02,3500.0
435,2014-03,3377.0
435,2014-04,3629.0
435,2014-05,3229.0
435,2014-06,3254.0
435,2014-07,2864.0
435,2014-08,2777.0
435,2014-09,2912.0
435,2014-10,3023.0
435,2014-11,3463.0
435,2014-12,3404.0
435,2015-01,3062.0
435,2015-02,3052.0
435,2015-03,3293.0
435,2015-04,3336.0
435,2015-05,3329.0
435,2015-06,3386.0
435,2015-07,2947.0
436,2013-01,4912.0
436,2013-02,5053.0
436,2013-03,5607.0
436,2013-04,5284.0
436,2013-05,5537.0
436,2013-06,5153.0
436,2013-07,5541.0
436,2013-08,5052.0
436,2013-09,5096.0
436,2013-10,5146.0
436,2013-11,5559.0
436,2013-12,7251.0
436,2014-01,5593.0
436,2014-02,5832.0
436,2014-03,5520.0
436,2014-04,5644.0
436,2014-05,5408.0
436,2014-06,5580.0
436,2014-07,5429.0
436,2014-08,5149.0
436,2014-09,5229.0
436,2014-10,5337.0
436,2014-11,5963.0
436,2014-12,6594.0
436,2015-01,5427.0
436,2015-02,5142.0
436,2015-03,5516.0
436,2015-04,5766.0
436,2015-05,5573.0
436,2015-06,5546.0
436,2015-07,5534.0
437,2013-01,5894.0
437,2013-02,5894.0
437,2013-03,7914.0
437,2013-04,6444.0
437,2013-05,6840.0
437,2013-06,6258.0
437,2013-07,7301.0
437,2013-08,7077.0
437,2013-09,6588.0
437,2013-10,6949.0
437,2013-11,7902.0
437,2013-12,11463.0
437,2014-01,6494.0
437,2014-02,7016.0
437,2014-03,6975.0
437,2014-04,8022.0
437,2014-05,7312.0
437,2014-06,7133.0
437,2014-07,7043.0
437,2014-08,7461.0
437,2014-09,6682.0
437,2014-10,7015.0
437,2014-11,8566.0
437,2014-12,11206.0
437,2015-01,7100.0
437,2015-02,6841.0
437,2015-03,7657.0
437,2015-04,7424.0
437,2015-05,7793.0
437,2015-06,7121.0
437,2015-07,7331.0
438,2013-01,3997.0
438,2013-02,4082.0
438,2013-03,5009.0
438,2013-04,4277.0
438,2013-05,4676.0
438,2013-06,4309.0
438,2013-07,4772.0
438,2013-08,4565.0
438,2013-09,4633.0
438,2013-10,4749.0
438,2013-11,4899.0
438,2013-12,6393.0
438,2014-01,4828.0
438,2014-02,4956.0
438,2014-03,5133.0
438,2014-04,5253.0
438,2014-05,4972.0
438,2014-06,5506.0
438,2014-07,4922.0
438,2014-08,4757.0
438,2014-09,5380.0
438,2014-10,5146.0
438,2014-11,6022.0
438,2014-12,6835.0
438,2015-01,5658.0
438,2015-02,5159.0
438,2015-03,6070.0
438,2015-04,5832.0
438,2015-05,5624.0
438,2015-06,6058.0
438,2015-07,5437.0
439,2013-01,6934.0
439,2013-02,7219.0
439,2013-03,8025.0
439,2013-04,7198.0
439,2013-05,7550.0
439,2013-06,6905.0
439,2013-07,7037.0
439,2013-08,6904.0
439,2013-09,6702.0
439,2013-10,6803.0
439,2013-11,7212.0
439,2013-12,9293.0
439,2014-01,6776.0
439,2014-02,7001.0
439,2014-03,7007.0
439,2014-04,7704.0
439,2014-05,7112.0
439,2014-06,7300.0
439,2014-07,6803.0
439,2014-08,6678.0
439,2014-09,6998.0
439,2014-10,6990.0
439,2014-11,7727.0
439,2014-12,9090.0
439,2015-01,7256.0
439,2015-02,7177.0
439,2015-03,7415.0
439,2015-04,7851.0
439,2015-05,7492.0
439,2015-06,7434.0
439,2015-07,6906.0
440,2013-01,4706.0
440,2013-02,4643.0
440,2013-03,5194.0
440,2013-04,4892.0
440,2013-05,4997.0
440,2013-06,4644.0
440,2013-07,5285.0
440,2013-08,4543.0
440,2013-09,4440.0
440,2013-10,4914.0
440,2013-11,5010.0
440,2013-12,6201.0
440,2014-01,5000.0
440,2014-02,4771.0
440,2014-03,4862.0
440,2014-04,5545.0
440,2014-05,5106.0
440,2014-06,5259.0
440,2014-07,5135.0
440,2014-08,4644.0
440,2014-09,4797.0
440,2014-10,5158.0
440,2014-11,5560.0
440,2014-12,6193.0
440,2015-01,5399.0
440,2015-02,5108.0
440,2015-03,5418.0
440,2015-04,5794.0
440,2015-05,5827.0
440,2015-06,5423.0
440,2015-07,5551.0
441,2013-01,5314.0
441,2013-02,5606.0
441,2013-03,6249.0
441,2013-04,5594.0
441,2013-05,6261.0
441,2013-06,5605.0
441,2013-07,5942.0
441,2013-08,5575.0
441,2013-09,5644.0
441,2013-10,5741.0
441,2013-11,5999.0
441,2013-12,7280.0
441,2014-01,5786.0
441,2014-02,6185.0
441,2014-03,6149.0
441,2014-04,6740.0
441,2014-05,6529.0
441,2014-06,6678.0
441,2014-07,6086.0
441,2014-08,6131.0
441,2014-09,6183.0
441,2014-10,6372.0
441,2014-11,7014.0
441,2014-12,7677.0
441,2015-01,6532.0
441,2015-02,6438.0
441,2015-03,6771.0
441,2015-04,7401.0
441,2015-05,7371.0
441,2015-06,7273.0
441,2015-07,6432.0
442,2013-01,3808.0
442,2013-02,3982.0
442,2013-03,4307.0
442,2013-04,4072.0
442,2013-05,4271.0
442,2013-06,3797.0
442,2013-07,4480.0
442,2013-08,3757.0
442,2013-09,3652.0
442,2013-10,4000.0
442,2013-11,4356.0
442,2013-12,5403.0
442,2014-01,4129.0
442,2014-02,4152.0
442,2014-03,4078.0
442,2014-04,4628.0
442,2014-05,4431.0
442,2014-06,4489.0
442,2014-07,4378.0
442,2014-08,4189.0
442,2014-09,3943.0
442,2014-10,4381.0
442,2014-11,4885.0
442,2014-12,5551.0
442,2015-01,4810.0
442,2015-02,4347.0
442,2015-03,4557.0
442,2015-04,4868.0
442,2015-05,4836.0
442,2015-06,4641.0
442,2015-07,4756.0
443,2013-01,4727.0
443,2013-02,4791.0
443,2013-03,5550.0
443,2013-04,4951.0
443,2013-05,5212.0
443,2013-06,4722.0
443,2013-07,5090.0
443,2013-08,4867.0
443,2013-09,4762.0
443,2013-10,4957.0
443,2013-11,5433.0
443,2013-12,7138.0
443,2014-01,4895.0
443,2014-02,4929.0
443,2014-03,4939.0
443,2014-04,5222.0
443,2014-05,5103.0
443,2014-06,5233.0
443,2014-07,5022.0
443,2014-08,4707.0
443,2014-09,5012.0
443,2014-10,5268.0
443,2014-11,6003.0
443,2014-12,7030.0
443,2015-01,5260.0
443,2015-02,4910.0
443,2015-03,5556.0
443,2015-04,5571.0
443,2015-05,5499.0
443,2015-06,5364.0
443,2015-07,5272.0
444,2013-01,10759.0
444,2013-02,11127.0
444,2013-03,13296.0
444,2013-04,10995.0
444,2013-05,12216.0
444,2013-06,11174.0
444,2013-07,12166.0
444,2013-08,12029.0
444,2013-09,11291.0
444,2013-10,11667.0
444,2013-11,13732.0
444,2013-12,17522.0
444,2014-01,10861.0
444,2014-02,11528.0
444,2014-03,10815.0
444,2014-04,12426.0
444,2014-05,12602.0
444,2014-06,11639.0
444,2014-07,12012.0
444,2014-08,12620.0
444,2014-09,11297.0
444,2014-10,11987.0
444,2014-11,13921.0
444,2014-12,17137.0
444,2015-01,11635.0
444,2015-02,11374.0
444,2015-03,11447.0
444,2015-04,11763.0
444,2015-05,12025.0
444,2015-06,11208.0
444,2015-07,11919.0
445,2013-01,7232.0
445,2013-02,7336.0
445,2013-03,8730.0
445,2013-04,8233.0
445,2013-05,8881.0
445,2013-06,8206.0
445,2013-07,8635.0
445,2013-08,8315.0
445,2013-09,8120.0
445,2013-10,8402.0
445,2013-11,9347.0
445,2013-12,11293.0
445,2014-01,7393.0
445,2014-02,7804.0
445,2014-03,8427.0
445,2014-04,9045.0
445,2014-05,8899.0
445,2014-06,8432.0
445,2014-07,8721.0
445,2014-08,8593.0
445,2014-09,8087.0
445,2014-10,8313.0
445,2014-11,9616.0
445,2014-12,10331.0
445,2015-01,7480.0
445,2015-02,7907.0
445,2015-03,8450.0
445,2015-04,9120.0
445,2015-05,9712.0
445,2015-06,9179.0
445,2015-07,8661.0
446,2013-01,4596.0
446,2013-02,4684.0
446,2013-03,5160.0
446,2013-04,4876.0
446,2013-05,5075.0
446,2013-06,4361.0
446,2013-07,4887.0
446,2013-08,4727.0
446,2013-09,4535.0
446,2013-10,4526.0
446,2013-11,4773.0
446,2013-12,6033.0
446,2014-01,4944.0
446,2014-02,5049.0
446,2014-03,4906.0
446,2014-04,5424.0
446,2014-05,4959.0
446,2014-06,5204.0
446,2014-07,4822.0
446,2014-08,4707.0
446,2014-09,4890.0
446,2014-10,4816.0
446,2014-11,5430.0
446,2014-12,5552.0
446,2015-01,4788.0
446,2015-02,4668.0
446,2015-03,4979.0
446,2015-04,5265.0
446,2015-05,4964.0
446,2015-06,4906.0
446,2015-07,4610.0
447,2013-01,4977.0
447,2013-02,5078.0
447,2013-03,5343.0
447,2013-04,5151.0
447,2013-05,5375.0
447,2013-06,5271.0
447,2013-07,5035.0
447,2013-08,5170.0
447,2013-09,4710.0
447,2013-10,4851.0
447,2013-11,5349.0
447,2013-12,6259.0
447,2014-01,5143.0
447,2014-02,5203.0
447,2014-03,4976.0
447,2014-04,5571.0
447,2014-05,5263.0
447,2014-06,5512.0
447,2014-07,5091.0
447,2014-08,5060.0
447,2014-09,5143.0
447,2014-10,5163.0
447,2014-11,5677.0
447,2014-12,6248.0
447,2015-01,5501.0
447,2015-02,5161.0
447,2015-03,5316.0
447,2015-04,5638.0
447,2015-05,5638.0
447,2015-06,5449.0
447,2015-07,5397.0
448,2013-01,7905.0
448,2013-02,7844.0
448,2013-03,8790.0
448,2013-04,8167.0
448,2013-05,8705.0
448,2013-06,7700.0
448,2013-07,8553.0
448,2013-08,7624.0
448,2013-09,7729.0
448,2013-10,7919.0
448,2013-11,8455.0
448,2013-12,10292.0
448,2014-01,8136.0
448,2014-02,8198.0
448,2014-03,7975.0
448,2014-04,8942.0
448,2014-05,8249.0
448,2014-06,9017.0
448,2014-07,8058.0
448,2014-08,7787.0
448,2014-09,8263.0
448,2014-10,8239.0
448,2014-11,9559.0
448,2014-12,10215.0
448,2015-01,8679.0
448,2015-02,8383.0
448,2015-03,8910.0
448,2015-04,8937.0
448,2015-05,8933.0
448,2015-06,8982.0
448,2015-07,8282.0
449,2013-01,10943.0
449,2013-02,10930.0
449,2013-03,13003.0
449,2013-04,11360.0
449,2013-05,12163.0
449,2013-06,10792.0
449,2013-07,11287.0
449,2013-08,10879.0
449,2013-09,10838.0
449,2013-10,10465.0
449,2013-11,11420.0
449,2013-12,14834.0
449,2014-01,10593.0
449,2014-02,10685.0
449,2014-03,11415.0
449,2014-04,11547.0
449,2014-05,11016.0
449,2014-06,11417.0
449,2014-07,10460.0
449,2014-08,10327.0
449,2014-09,10684.0
449,2014-10,10436.0
449,2014-11,12479.0
449,2014-12,14472.0
449,2015-01,10064.0
449,2015-02,9972.0
449,2015-03,10926.0
449,2015-04,11252.0
449,2015-05,10987.0
449,2015-06,11269.0
449,2015-07,10449.0
450,2013-01,8174.0
450,2013-02,8200.0
450,2013-03,9583.0
450,2013-04,8579.0
450,2013-05,9498.0
450,2013-06,8024.0
450,2013-07,9115.0
450,2013-08,8900.0
450,2013-09,8266.0
450,2013-10,8128.0
450,2013-11,8790.0
450,2013-12,11091.0
450,2014-01,8327.0
450,2014-02,7914.0
450,2014-03,8138.0
450,2014-04,8648.0
450,2014-05,8723.0
450,2014-06,8942.0
450,2014-07,8757.0
450,2014-08,8549.0
450,2014-09,7916.0
450,2014-10,7938.0
450,2014-11,9143.0
450,2014-12,11053.0
450,2015-01,8609.0
450,2015-02,8390.0
450,2015-03,8441.0
450,2015-04,8933.0
450,2015-05,9512.0
450,2015-06,8846.0
450,2015-07,9608.0
451,2013-01,4828.0
451,2013-02,4976.0
451,2013-03,5712.0
451,2013-04,5201.0
451,2013-05,5480.0
451,2013-06,5284.0
451,2013-07,5335.0
451,2013-08,5145.0
451,2013-09,5180.0
451,2013-10,5124.0
451,2013-11,5191.0
451,2013-12,6295.0
451,2014-01,4960.0
451,2014-02,5110.0
451,2014-03,5414.0
451,2014-04,5564.0
451,2014-05,5478.0
451,2014-06,5842.0
451,2014-07,5359.0
451,2014-08,5076.0
451,2014-09,5307.0
451,2014-10,5221.0
451,2014-11,5673.0
451,2014-12,6418.0
451,2015-01,5318.0
451,2015-02,5094.0
451,2015-03,5832.0
451,2015-04,5772.0
451,2015-05,5879.0
451,2015-06,6106.0
451,2015-07,5627.0
452,2013-01,5658.0
452,2013-02,5602.0
452,2013-03,6204.0
452,2013-04,5596.0
452,2013-05,6069.0
452,2013-06,5555.0
452,2013-07,6453.0
452,2013-08,6206.0
452,2013-09,4230.0
452,2013-10,4446.0
452,2013-11,4924.0
452,2013-12,6401.0
452,2014-01,4526.0
452,2014-02,4646.0
452,2014-03,4463.0
452,2014-04,5086.0
452,2014-05,4700.0
452,2014-06,4912.0
452,2014-07,5117.0
452,2014-08,5347.0
452,2014-09,4646.0
452,2014-10,4590.0
452,2014-11,5129.0
452,2014-12,6187.0
452,2015-01,4702.0
452,2015-02,4349.0
452,2015-03,4593.0
452,2015-04,4885.0
452,2015-05,4686.0
452,2015-06,4708.0
452,2015-07,5008.0
453,2013-01,5611.0
453,2013-02,5821.0
453,2013-03,7100.0
453,2013-04,6179.0
453,2013-05,7986.0
453,2013-06,7875.0
453,2013-07,11940.0
453,2013-08,10135.0
453,2013-09,7278.0
453,2013-10,6963.0
453,2013-11,6829.0
453,2013-12,7897.0
453,2014-01,5739.0
453,2014-02,6051.0
453,2014-03,5596.0
453,2014-04,7892.0
453,2014-05,7546.0
453,2014-06,8320.0
453,2014-07,10550.0
453,2014-08,11132.0
453,2014-09,7874.0
453,2014-10,7083.0
453,2014-11,7093.0
453,2014-12,7923.0
453,2015-01,5982.0
453,2015-02,6047.0
453,2015-03,6497.0
453,2015-04,7536.0
453,2015-05,8150.0
453,2015-06,8572.0
453,2015-07,11199.0
454,2013-01,5472.0
454,2013-02,5494.0
454,2013-03,6086.0
454,2013-04,5657.0
454,2013-05,6036.0
454,2013-06,5329.0
454,2013-07,5977.0
454,2013-08,5436.0
454,2013-09,5420.0
454,2013-10,5363.0
454,2013-11,5509.0
454,2013-12,7593.0
454,2014-01,5637.0
454,2014-02,5426.0
454,2014-03,5306.0
454,2014-04,5893.0
454,2014-05,5695.0
454,2014-06,5881.0
454,2014-07,5714.0
454,2014-08,5294.0
454,2014-09,5545.0
454,2014-10,5588.0
454,2014-11,5882.0
454,2014-12,7475.0
454,2015-01,5811.0
454,2015-02,5405.0
454,2015-03,5699.0
454,2015-04,6169.0
454,2015-05,5821.0
454,2015-06,5997.0
454,2015-07,6133.0
455,2013-01,5342.0
455,2013-02,5818.0
455,2013-03,6823.0
455,2013-04,5796.0
455,2013-05,6490.0
455,2013-06,6249.0
455,2013-07,6752.0
455,2013-08,6905.0
455,2013-09,6431.0
455,2013-10,6759.0
455,2013-11,7232.0
455,2013-12,8866.0
455,2014-01,6671.0
455,2014-02,6956.0
455,2014-03,6861.0
455,2014-04,7723.0
455,2014-05,7538.0
455,2014-06,7752.0
455,2014-07,7722.0
455,2014-08,7897.0
455,2014-09,7635.0
455,2014-10,7894.0
455,2014-11,8347.0
455,2014-12,9550.0
455,2015-01,7840.0
455,2015-02,7651.0
455,2015-03,7996.0
455,2015-04,8291.0
455,2015-05,8428.0
455,2015-06,8047.0
455,2015-07,8403.0
456,2013-01,5633.0
456,2013-02,5955.0
456,2013-03,6954.0
456,2013-04,6189.0
456,2013-05,6692.0
456,2013-06,6086.0
456,2013-07,6797.0
456,2013-08,6146.0
456,2013-09,6566.0
456,2013-10,5766.0
456,2013-11,5994.0
456,2013-12,8006.0
456,2014-01,5640.0
456,2014-02,5887.0
456,2014-03,5904.0
456,2014-04,6244.0
456,2014-05,6108.0
456,2014-06,6476.0
456,2014-07,6090.0
456,2014-08,5619.0
456,2014-09,5690.0
456,2014-10,5559.0
456,2014-11,6615.0
456,2014-12,7568.0
456,2015-01,5881.0
456,2015-02,5656.0
456,2015-03,6040.0
456,2015-04,6047.0
456,2015-05,6231.0
456,2015-06,6480.0
456,2015-07,5661.0
457,2013-01,3775.0
457,2013-02,3927.0
457,2013-03,4388.0
457,2013-04,3984.0
457,2013-05,4409.0
457,2013-06,4121.0
457,2013-07,4421.0
457,2013-08,4747.0
457,2013-09,4462.0
457,2013-10,4380.0
457,2013-11,4713.0
457,2013-12,6121.0
457,2014-01,4630.0
457,2014-02,4621.0
457,2014-03,4638.0
457,2014-04,5083.0
457,2014-05,5073.0
457,2014-06,5367.0
457,2015-01,5545.0
457,2015-02,4960.0
457,2015-03,5328.0
457,2015-04,5469.0
457,2015-05,5705.0
457,2015-06,5682.0
457,2015-07,5611.0
458,2013-01,6692.0
458,2013-02,6926.0
458,2013-03,7863.0
458,2013-04,7399.0
458,2013-05,8343.0
458,2013-06,7535.0
458,2013-07,7860.0
458,2013-08,6978.0
458,2013-09,7300.0
458,2013-10,8015.0
458,2013-11,7193.0
458,2013-12,8884.0
458,2014-01,6722.0
458,2014-02,7293.0
458,2014-03,7313.0
458,2014-04,7939.0
458,2014-05,7775.0
458,2014-06,8009.0
458,2014-07,7923.0
458,2014-08,7022.0
458,2014-09,6922.0
458,2014-10,7229.0
458,2014-11,7733.0
458,2014-12,8580.0
458,2015-01,7142.0
458,2015-02,7169.0
458,2015-03,7555.0
458,2015-04,8073.0
458,2015-05,8115.0
458,2015-06,7905.0
458,2015-07,7938.0
459,2013-01,8073.0
459,2013-02,8816.0
459,2013-03,9510.0
459,2013-04,8796.0
459,2013-05,8940.0
459,2013-06,8455.0
459,2013-07,8908.0
459,2013-08,8593.0
459,2013-09,8303.0
459,2013-10,8403.0
459,2013-11,9344.0
459,2013-12,12608.0
459,2014-01,8676.0
459,2014-02,8944.0
459,2014-03,8530.0
459,2014-04,9739.0
459,2014-05,8939.0
459,2014-06,9196.0
459,2014-07,8932.0
459,2014-08,8603.0
459,2014-09,8710.0
459,2014-10,8812.0
459,2014-11,10024.0
459,2014-12,11920.0
459,2015-01,9233.0
459,2015-02,8927.0
459,2015-03,9219.0
459,2015-04,9876.0
459,2015-05,9236.0
459,2015-06,9216.0
459,2015-07,9386.0
460,2013-01,3423.0
460,2013-02,3473.0
460,2013-03,3771.0
460,2013-04,3492.0
460,2013-05,3854.0
460,2013-06,3082.0
460,2013-07,3954.0
460,2013-08,3645.0
460,2013-09,3479.0
460,2013-10,3527.0
460,2013-11,3630.0
460,2013-12,5094.0
460,2014-01,3508.0
460,2014-02,3581.0
460,2014-03,3317.0
460,2014-04,3905.0
460,2014-05,3590.0
460,2014-06,3925.0
460,2014-07,3814.0
460,2014-08,3597.0
460,2014-09,3650.0
460,2014-10,3679.0
460,2014-11,3988.0
460,2014-12,4858.0
460,2015-01,3685.0
460,2015-02,3406.0
460,2015-03,3603.0
460,2015-04,3853.0
460,2015-05,3671.0
460,2015-06,3832.0
460,2015-07,3979.0
461,2013-01,4946.0
461,2013-02,5021.0
461,2013-03,5774.0
461,2013-04,5604.0
461,2013-05,6124.0
461,2013-06,5434.0
461,2013-07,4642.0
461,2013-08,3898.0
461,2013-09,3907.0
461,2013-10,4234.0
461,2013-11,4536.0
461,2013-12,5994.0
461,2014-01,4572.0
461,2014-02,4335.0
461,2014-03,4335.0
461,2014-04,4699.0
461,2014-05,4633.0
461,2014-06,4735.0
461,2014-07,4506.0
461,2014-08,4541.0
461,2014-09,4583.0
461,2014-10,4636.0
461,2014-11,4952.0
461,2014-12,6127.0
461,2015-01,4971.0
461,2015-02,4329.0
461,2015-03,4810.0
461,2015-04,4973.0
461,2015-05,5034.0
461,2015-06,4711.0
461,2015-07,4730.0
462,2013-01,4592.0
462,2013-02,4634.0
462,2013-03,5206.0
462,2013-04,4676.0
462,2013-05,4919.0
462,2013-06,4560.0
462,2013-07,5195.0
462,2013-08,4666.0
462,2013-09,4500.0
462,2013-10,4578.0
462,2013-11,4992.0
462,2013-12,6897.0
462,2014-01,4487.0
462,2014-02,4621.0
462,2014-03,4361.0
462,2014-04,4965.0
462,2014-05,4653.0
462,2014-06,4777.0
462,2014-07,4875.0
462,2014-08,4486.0
462,2014-09,4727.0
462,2014-10,4737.0
462,2014-11,5065.0
462,2014-12,6398.0
462,2015-01,4546.0
462,2015-02,4286.0
462,2015-03,4661.0
462,2015-04,4906.0
462,2015-05,4697.0
462,2015-06,4693.0
462,2015-07,4554.0
463,2013-01,5872.0
463,2013-02,5652.0
463,2013-03,5855.0
463,2013-04,6151.0
463,2013-05,6486.0
463,2013-06,5940.0
463,2013-07,6122.0
463,2013-08,5104.0
463,2013-09,5327.0
463,2013-10,5862.0
463,2013-11,6175.0
463,2013-12,6883.0
463,2014-01,5947.0
463,2014-02,5857.0
463,2014-03,5562.0
463,2014-04,6441.0
463,2014-05,6340.0
463,2014-06,6616.0
463,2014-07,5999.0
463,2014-08,5422.0
463,2014-09,5748.0
463,2014-10,6309.0
463,2014-11,6829.0
463,2014-12,6814.0
463,2015-01,6281.0
463,2015-02,6060.0
463,2015-03,6223.0
463,2015-04,6649.0
463,2015-05,6315.0
463,2015-06,6717.0
463,2015-07,5714.0
464,2013-01,9857.0
464,2013-02,9973.0
464,2013-03,11765.0
464,2013-04,10167.0
464,2013-05,10984.0
464,2013-06,10312.0
464,2013-07,10489.0
464,2013-08,10550.0
464,2013-09,9775.0
464,2013-10,10913.0
464,2013-11,10943.0
464,2013-12,15198.0
464,2014-01,9616.0
464,2014-02,9725.0
464,2014-03,9711.0
464,2014-04,10623.0
464,2014-05,10323.0
464,2014-06,10638.0
464,2014-07,10809.0
464,2014-08,10439.0
464,2014-09,9899.0
464,2014-10,10190.0
464,2014-11,10924.0
464,2014-12,14706.0
464,2015-01,9768.0
464,2015-02,9775.0
464,2015-03,10093.0
464,2015-04,10560.0
464,2015-05,10608.0
464,2015-06,10041.0
464,2015-07,10852.0
465,2013-01,6793.0
465,2013-02,7100.0
465,2013-03,7939.0
465,2013-04,6926.0
465,2013-05,7977.0
465,2013-06,7019.0
465,2013-07,7828.0
465,2013-08,7411.0
465,2013-09,6980.0
465,2013-10,6820.0
465,2013-11,7451.0
465,2013-12,9817.0
465,2014-01,7135.0
465,2014-02,7614.0
465,2014-03,7077.0
465,2014-04,7808.0
465,2014-05,7754.0
465,2014-06,8228.0
465,2014-07,7682.0
465,2014-08,7231.0
465,2014-09,7530.0
465,2014-10,7270.0
465,2014-11,8440.0
465,2014-12,10000.0
465,2015-01,7819.0
465,2015-02,7667.0
465,2015-03,7937.0
465,2015-04,8389.0
465,2015-05,8555.0
465,2015-06,8470.0
465,2015-07,8336.0
466,2013-01,6852.0
466,2013-02,7217.0
466,2013-03,8208.0
466,2013-04,7396.0
466,2013-05,8200.0
466,2013-06,6894.0
466,2013-07,7957.0
466,2013-08,6971.0
466,2013-09,7080.0
466,2013-10,6918.0
466,2013-11,7319.0
466,2013-12,9567.0
466,2014-01,7127.0
466,2014-02,7487.0
466,2014-03,7521.0
466,2014-04,8207.0
466,2014-05,7591.0
466,2014-06,8394.0
466,2014-07,7536.0
466,2014-08,7310.0
466,2014-09,7630.0
466,2014-10,7363.0
466,2014-11,8557.0
466,2014-12,9332.0
466,2015-01,7415.0
466,2015-02,7224.0
466,2015-03,8150.0
466,2015-04,8152.0
466,2015-05,8094.0
466,2015-06,8372.0
466,2015-07,7463.0
467,2013-01,12078.0
467,2013-02,12669.0
467,2013-03,14479.0
467,2013-04,12904.0
467,2013-05,14032.0
467,2013-06,12856.0
467,2013-07,14025.0
467,2013-08,12978.0
467,2013-09,12213.0
467,2013-10,12490.0
467,2013-11,13560.0
467,2013-12,17834.0
467,2014-01,12723.0
467,2014-02,13075.0
467,2014-03,12864.0
467,2014-04,14022.0
467,2014-05,13386.0
467,2014-06,14227.0
467,2014-07,13639.0
467,2014-08,13181.0
467,2014-09,13268.0
467,2014-10,12826.0
467,2014-11,13630.0
467,2014-12,16445.0
467,2015-01,12318.0
467,2015-02,12303.0
467,2015-03,13002.0
467,2015-04,13734.0
467,2015-05,14094.0
467,2015-06,14289.0
467,2015-07,13272.0
468,2013-01,6550.0
468,2013-02,6397.0
468,2013-03,8004.0
468,2013-04,5835.0
468,2013-05,6664.0
468,2013-06,5981.0
468,2013-07,6568.0
468,2013-08,6950.0
468,2013-09,6326.0
468,2013-10,6526.0
468,2013-11,7709.0
468,2013-12,12050.0
468,2014-01,7340.0
468,2014-02,7095.0
468,2014-03,6208.0
468,2014-04,7178.0
468,2014-05,6707.0
468,2014-06,6102.0
468,2014-07,5987.0
468,2014-08,6295.0
468,2014-09,5191.0
468,2014-10,5490.0
468,2014-11,6499.0
468,2014-12,10036.0
468,2015-01,6014.0
468,2015-02,5232.0
468,2015-03,5712.0
468,2015-04,6080.0
468,2015-05,6056.0
468,2015-06,5672.0
468,2015-07,6622.0
469,2013-01,11791.0
469,2013-02,12146.0
469,2013-03,13909.0
469,2013-04,12252.0
469,2013-05,12792.0
469,2013-06,11878.0
469,2013-07,11806.0
469,2013-08,11746.0
469,2013-09,11308.0
469,2013-10,10852.0
469,2013-11,11805.0
469,2013-12,16126.0
469,2014-01,10887.0
469,2014-02,11332.0
469,2014-03,11075.0
469,2014-04,12177.0
469,2014-05,11572.0
469,2014-06,11714.0
469,2014-07,11236.0
469,2014-08,11393.0
469,2014-09,10546.0
469,2014-10,11052.0
469,2014-11,12004.0
469,2014-12,15553.0
469,2015-01,11350.0
469,2015-02,10877.0
469,2015-03,11411.0
469,2015-04,11884.0
469,2015-05,11980.0
469,2015-06,11351.0
469,2015-07,11683.0
470,2013-01,12399.0
470,2013-02,12740.0
470,2013-03,15040.0
470,2013-04,13423.0
470,2013-05,14081.0
470,2013-06,12726.0
470,2013-07,13366.0
470,2013-08,12364.0
470,2013-09,12092.0
470,2013-10,12583.0
470,2013-11,13689.0
470,2013-12,16565.0
470,2014-01,11296.0
470,2014-02,11787.0
470,2014-03,12078.0
470,2014-04,13413.0
470,2014-05,12231.0
470,2014-06,12681.0
470,2014-07,12503.0
470,2014-08,14159.0
470,2014-09,16246.0
470,2014-10,15416.0
470,2014-11,13163.0
470,2014-12,15393.0
470,2015-01,11566.0
470,2015-02,11331.0
470,2015-03,12054.0
470,2015-04,12869.0
470,2015-05,12752.0
470,2015-06,12861.0
470,2015-07,11696.0
471,2013-01,6635.0
471,2013-02,6578.0
471,2013-03,7232.0
471,2013-04,6790.0
471,2013-05,7279.0
471,2013-06,6614.0
471,2013-07,7375.0
471,2013-08,6839.0
471,2013-09,6357.0
471,2013-10,6990.0
471,2013-11,7241.0
471,2013-12,8749.0
471,2014-01,7198.0
471,2014-02,7076.0
471,2014-03,6719.0
471,2014-04,7460.0
471,2014-05,6925.0
471,2014-06,7437.0
471,2015-01,7438.0
471,2015-02,6962.0
471,2015-03,6925.0
471,2015-04,7520.0
471,2015-05,7188.0
471,2015-06,7119.0
471,2015-07,7235.0
472,2013-01,4867.0
472,2013-02,5141.0
472,2013-03,5561.0
472,2013-04,5059.0
472,2013-05,5341.0
472,2013-06,4956.0
472,2013-07,4751.0
472,2013-08,5188.0
472,2013-09,4794.0
472,2013-10,4815.0
472,2013-11,5068.0
472,2013-12,6499.0
472,2014-01,4933.0
472,2014-02,5094.0
472,2014-03,5060.0
472,2014-04,5528.0
472,2014-05,5374.0
472,2014-06,5047.0
472,2014-07,4754.0
472,2014-08,4911.0
472,2014-09,4788.0
472,2014-10,5012.0
472,2014-11,5447.0
472,2014-12,6323.0
472,2015-01,5066.0
472,2015-02,4929.0
472,2015-03,5276.0
472,2015-04,5810.0
472,2015-05,5612.0
472,2015-06,5148.0
472,2015-07,5443.0
473,2013-01,3425.0
473,2013-02,3438.0
473,2013-03,3891.0
473,2013-04,3562.0
473,2013-05,3788.0
473,2013-06,3278.0
473,2013-07,3682.0
473,2013-08,3252.0
473,2013-09,3293.0
473,2013-10,3382.0
473,2013-11,3632.0
473,2013-12,4573.0
473,2014-01,3462.0
473,2014-02,3481.0
473,2014-03,3273.0
473,2014-04,3736.0
473,2014-05,3487.0
473,2014-06,3540.0
473,2014-07,3274.0
473,2014-08,3175.0
473,2014-09,3255.0
473,2014-10,3402.0
473,2014-11,3961.0
473,2014-12,4544.0
473,2015-01,3465.0
473,2015-02,3376.0
473,2015-03,3581.0
473,2015-04,3610.0
473,2015-05,3613.0
473,2015-06,3598.0
473,2015-07,3289.0
474,2013-01,6675.0
474,2013-02,6985.0
474,2013-03,7804.0
474,2013-04,6985.0
474,2013-05,7837.0
474,2013-06,6840.0
474,2013-07,7418.0
474,2013-08,7117.0
474,2013-09,6972.0
474,2013-10,7114.0
474,2013-11,7614.0
474,2013-12,9512.0
474,2014-01,7022.0
474,2014-02,7475.0
474,2014-03,7053.0
474,2014-04,7744.0
474,2014-05,7617.0
474,2014-06,7537.0
474,2014-07,7389.0
474,2014-08,7135.0
474,2014-09,7316.0
474,2014-10,7311.0
474,2014-11,8297.0
474,2014-12,9187.0
474,2015-01,7457.0
474,2015-02,7413.0
474,2015-03,7567.0
474,2015-04,7966.0
474,2015-05,8198.0
474,2015-06,7636.0
474,2015-07,7434.0
475,2013-01,5781.0
475,2013-02,6078.0
475,2013-03,6847.0
475,2013-04,6363.0
475,2013-05,6599.0
475,2013-06,6074.0
475,2013-07,6725.0
475,2013-08,6096.0
475,2013-09,5930.0
475,2013-10,6476.0
475,2013-11,6879.0
475,2013-12,8187.0
475,2014-01,6350.0
475,2014-02,6283.0
475,2014-03,6342.0
475,2014-04,6697.0
475,2014-05,6532.0
475,2014-06,6592.0
475,2014-07,6207.0
475,2014-08,6165.0
475,2014-09,6083.0
475,2014-10,6160.0
475,2014-11,7015.0
475,2014-12,7419.0
475,2015-01,6074.0
475,2015-02,6023.0
475,2015-03,6519.0
475,2015-04,6603.0
475,2015-05,6879.0
475,2015-06,6859.0
475,2015-07,6083.0
476,2013-01,5348.0
476,2013-02,5498.0
476,2013-03,6081.0
476,2013-04,5546.0
476,2013-05,5952.0
476,2013-06,5406.0
476,2013-07,6040.0
476,2013-08,5504.0
476,2013-09,5435.0
476,2013-10,5496.0
476,2013-11,5808.0
476,2013-12,7688.0
476,2014-01,5619.0
476,2014-02,5635.0
476,2014-03,5642.0
476,2014-04,6199.0
476,2014-05,5713.0
476,2014-06,6055.0
476,2014-07,5714.0
476,2014-08,5154.0
476,2014-09,5502.0
476,2014-10,5595.0
476,2014-11,6387.0
476,2014-12,7167.0
476,2015-01,5674.0
476,2015-02,5518.0
476,2015-03,5876.0
476,2015-04,6158.0
476,2015-05,6062.0
476,2015-06,6119.0
476,2015-07,6007.0
477,2013-01,5731.0
477,2013-02,5701.0
477,2013-03,6303.0
477,2013-04,5956.0
477,2013-05,6557.0
477,2013-06,5836.0
477,2013-07,6312.0
477,2013-08,6205.0
477,2013-09,5605.0
477,2013-10,5669.0
477,2013-11,6301.0
477,2013-12,7400.0
477,2014-01,6187.0
477,2014-02,6060.0
477,2014-03,5992.0
477,2014-04,6553.0
477,2014-05,6366.0
477,2014-06,6574.0
477,2015-01,6318.0
477,2015-02,5619.0
477,2015-03,6234.0
477,2015-04,6394.0
477,2015-05,6401.0
477,2015-06,6663.0
477,2015-07,6511.0
478,2013-01,6408.0
478,2013-02,6526.0
478,2013-03,7401.0
478,2013-04,6697.0
478,2013-05,7102.0
478,2013-06,6482.0
478,2013-07,6604.0
478,2013-08,6662.0
478,2013-09,6196.0
478,2013-10,6391.0
478,2013-11,6610.0
478,2013-12,8366.0
478,2014-01,6308.0
478,2014-02,6550.0
478,2014-03,6492.0
478,2014-04,7235.0
478,2014-05,6710.0
478,2014-06,6934.0
478,2014-07,6422.0
478,2014-08,6475.0
478,2014-09,6448.0
478,2014-10,6480.0
478,2014-11,7050.0
478,2014-12,8196.0
478,2015-01,6763.0
478,2015-02,6526.0
478,2015-03,7057.0
478,2015-04,7325.0
478,2015-05,7016.0
478,2015-06,6897.0
478,2015-07,6938.0
479,2013-01,10122.0
479,2013-02,9978.0
479,2013-03,11423.0
479,2013-04,10501.0
479,2013-05,11040.0
479,2013-06,10081.0
479,2013-07,11362.0
479,2013-08,10266.0
479,2013-09,10727.0
479,2013-10,10968.0
479,2013-11,11235.0
479,2013-12,15120.0
479,2014-01,10612.0
479,2014-02,10722.0
479,2014-03,10422.0
479,2014-04,11924.0
479,2014-05,11160.0
479,2014-06,11126.0
479,2014-07,10981.0
479,2014-08,10529.0
479,2014-09,10878.0
479,2014-10,11316.0
479,2014-11,12020.0
479,2014-12,14699.0
479,2015-01,11091.0
479,2015-02,10660.0
479,2015-03,10888.0
479,2015-04,12090.0
479,2015-05,11757.0
479,2015-06,11207.0
479,2015-07,11605.0
480,2013-01,4668.0
480,2013-02,4822.0
480,2013-03,5117.0
480,2013-04,4855.0
480,2013-05,5103.0
480,2013-06,4548.0
480,2013-07,4736.0
480,2013-08,4711.0
480,2013-09,4651.0
480,2013-10,4699.0
480,2013-11,4989.0
480,2013-12,6108.0
480,2014-01,4692.0
480,2014-02,4906.0
480,2014-03,4736.0
480,2014-04,5306.0
480,2014-05,4824.0
480,2014-06,5014.0
480,2014-07,4655.0
480,2014-08,4512.0
480,2014-09,4807.0
480,2014-10,4824.0
480,2014-11,5327.0
480,2014-12,5930.0
480,2015-01,4768.0
480,2015-02,4818.0
480,2015-03,5075.0
480,2015-04,5259.0
480,2015-05,5026.0
480,2015-06,5011.0
480,2015-07,4731.0
481,2013-01,3804.0
481,2013-02,4131.0
481,2013-03,4407.0
481,2013-04,3980.0
481,2013-05,4292.0
481,2013-06,3820.0
481,2013-07,4255.0
481,2013-08,4228.0
481,2013-09,3849.0
481,2013-10,4014.0
481,2013-11,4736.0
481,2013-12,6424.0
481,2014-01,4887.0
481,2014-02,5702.0
481,2014-03,5171.0
481,2014-04,5394.0
481,2014-05,5403.0
481,2014-06,5668.0
481,2014-07,5479.0
481,2014-08,5110.0
481,2014-09,5264.0
481,2014-10,5375.0
481,2014-11,6111.0
481,2014-12,6984.0
481,2015-01,5990.0
481,2015-02,5762.0
481,2015-03,5709.0
481,2015-04,6098.0
481,2015-05,6078.0
481,2015-06,6011.0
481,2015-07,5948.0
482,2013-01,7875.0
482,2013-02,8278.0
482,2013-03,9702.0
482,2013-04,7650.0
482,2013-05,8977.0
482,2013-06,7887.0
482,2013-07,8896.0
482,2013-08,8819.0
482,2013-09,7871.0
482,2013-10,7702.0
482,2013-11,8597.0
482,2013-12,11832.0
482,2014-01,7722.0
482,2014-02,7751.0
482,2014-03,7642.0
482,2014-04,8475.0
482,2014-05,8278.0
482,2014-06,7908.0
482,2014-07,7604.0
482,2014-08,7730.0
482,2014-09,7452.0
482,2014-10,7862.0
482,2014-11,8746.0
482,2014-12,11684.0
482,2015-01,8587.0
482,2015-02,7500.0
482,2015-03,7739.0
482,2015-04,8234.0
482,2015-05,8264.0
482,2015-06,7622.0
482,2015-07,7786.0
483,2013-01,4405.0
483,2013-02,4518.0
483,2013-03,5147.0
483,2013-04,4702.0
483,2013-05,4865.0
483,2013-06,4365.0
483,2013-07,4826.0
483,2013-08,4738.0
483,2013-09,4622.0
483,2013-10,4771.0
483,2013-11,4907.0
483,2013-12,6340.0
483,2014-01,4751.0
483,2014-02,4745.0
483,2014-03,4701.0
483,2014-04,5084.0
483,2014-05,4818.0
483,2014-06,5076.0
483,2014-07,4816.0
483,2014-08,4734.0
483,2014-09,5030.0
483,2014-10,4896.0
483,2014-11,5448.0
483,2014-12,6316.0
483,2015-01,4969.0
483,2015-02,4729.0
483,2015-03,5141.0
483,2015-04,5213.0
483,2015-05,4959.0
483,2015-06,5158.0
483,2015-07,4729.0
484,2013-01,6663.0
484,2013-02,6916.0
484,2013-03,8316.0
484,2013-04,7069.0
484,2013-05,7660.0
484,2013-06,7308.0
484,2013-07,7524.0
484,2013-08,8106.0
484,2013-09,7126.0
484,2013-10,7047.0
484,2013-11,8162.0
484,2013-12,10122.0
484,2014-01,6861.0
484,2014-02,7005.0
484,2014-03,7085.0
484,2014-04,7994.0
484,2014-05,7585.0
484,2014-06,7594.0
484,2014-07,7314.0
484,2014-08,7889.0
484,2014-09,6973.0
484,2014-10,7230.0
484,2014-11,8304.0
484,2014-12,10472.0
484,2015-01,7626.0
484,2015-02,7351.0
484,2015-03,7758.0
484,2015-04,8514.0
484,2015-05,8384.0
484,2015-06,7609.0
484,2015-07,7947.0
485,2013-01,3939.0
485,2013-02,3931.0
485,2013-03,4648.0
485,2013-04,4181.0
485,2013-05,4488.0
485,2013-06,4344.0
485,2013-07,4694.0
485,2013-08,4566.0
485,2013-09,4425.0
485,2013-10,4360.0
485,2013-11,4816.0
485,2013-12,6019.0
485,2014-01,4692.0
485,2014-02,4685.0
485,2014-03,4893.0
485,2014-04,5188.0
485,2014-05,5194.0
485,2014-06,5592.0
485,2015-01,5212.0
485,2015-02,4877.0
485,2015-03,5246.0
485,2015-04,5457.0
485,2015-05,5582.0
485,2015-06,5480.0
485,2015-07,5414.0
486,2013-01,3650.0
486,2013-02,3735.0
486,2013-03,4104.0
486,2013-04,3878.0
486,2013-05,4194.0
486,2013-06,3776.0
486,2013-07,4146.0
486,2013-08,3937.0
486,2013-09,3915.0
486,2013-10,3849.0
486,2013-11,4029.0
486,2013-12,5261.0
486,2014-01,4087.0
486,2014-02,4221.0
486,2014-03,4320.0
486,2014-04,4563.0
486,2014-05,4298.0
486,2014-06,4730.0
486,2014-07,4018.0
486,2014-08,3992.0
486,2014-09,4371.0
486,2014-10,4137.0
486,2014-11,4662.0
486,2014-12,5276.0
486,2015-01,4335.0
486,2015-02,4291.0
486,2015-03,4494.0
486,2015-04,4601.0
486,2015-05,4608.0
486,2015-06,4749.0
486,2015-07,4261.0
487,2013-01,5932.0
487,2013-02,6059.0
487,2013-03,7302.0
487,2013-04,6267.0
487,2013-05,6635.0
487,2013-06,6348.0
487,2013-07,6496.0
487,2013-08,6762.0
487,2013-09,6097.0
487,2013-10,6284.0
487,2013-11,7189.0
487,2013-12,8751.0
487,2014-01,6713.0
487,2014-02,6631.0
487,2014-03,6721.0
487,2014-04,7207.0
487,2014-05,6928.0
487,2014-06,7009.0
487,2014-07,6760.0
487,2014-08,7191.0
487,2014-09,6774.0
487,2014-10,6990.0
487,2014-11,7909.0
487,2014-12,9312.0
487,2015-01,7280.0
487,2015-02,6770.0
487,2015-03,7160.0
487,2015-04,7618.0
487,2015-05,7429.0
487,2015-06,7288.0
487,2015-07,7336.0
488,2013-01,3249.0
488,2013-02,3501.0
488,2013-03,3872.0
488,2013-04,3473.0
488,2013-05,3637.0
488,2013-06,3446.0
488,2013-07,3582.0
488,2013-08,4009.0
488,2013-09,3412.0
488,2013-10,3385.0
488,2013-11,3865.0
488,2013-12,4863.0
488,2014-01,3625.0
488,2014-02,3647.0
488,2014-03,3508.0
488,2014-04,3901.0
488,2014-05,3520.0
488,2014-06,3625.0
488,2014-07,3502.0
488,2014-08,3668.0
488,2014-09,3469.0
488,2014-10,3256.0
488,2014-11,3929.0
488,2014-12,4621.0
488,2015-01,3582.0
488,2015-02,3532.0
488,2015-03,3691.0
488,2015-04,3715.0
488,2015-05,3780.0
488,2015-06,3734.0
488,2015-07,3774.0
489,2013-01,6291.0
489,2013-02,6539.0
489,2013-03,7499.0
489,2013-04,6798.0
489,2013-05,7260.0
489,2013-06,6601.0
489,2013-07,7823.0
489,2013-08,7087.0
489,2013-09,6993.0
489,2013-10,6901.0
489,2013-11,6985.0
489,2013-12,9559.0
489,2014-01,6987.0
489,2014-02,7117.0
489,2014-03,7018.0
489,2014-04,7347.0
489,2014-05,7051.0
489,2014-06,7659.0
489,2014-07,7226.0
489,2014-08,6554.0
489,2014-09,7509.0
489,2014-10,7179.0
489,2014-11,7724.0
489,2014-12,9078.0
489,2015-01,7439.0
489,2015-02,6720.0
489,2015-03,7315.0
489,2015-04,7654.0
489,2015-05,7194.0
489,2015-06,7980.0
489,2015-07,7486.0
490,2013-01,8060.0
490,2013-02,8122.0
490,2013-03,8564.0
490,2013-04,7627.0
490,2013-05,7902.0
490,2013-06,8060.0
490,2013-07,8342.0
490,2013-08,7859.0
490,2013-09,7716.0
490,2013-10,8241.0
490,2013-11,8468.0
490,2013-12,9155.0
490,2014-01,7946.0
490,2014-02,8196.0
490,2014-03,7965.0
490,2014-04,8400.0
490,2014-05,8077.0
490,2014-06,8228.0
490,2015-01,8341.0
490,2015-02,8152.0
490,2015-03,8652.0
490,2015-04,8945.0
490,2015-05,8829.0
490,2015-06,8422.0
490,2015-07,8077.0
491,2013-01,5283.0
491,2013-02,5762.0
491,2013-03,6788.0
491,2013-04,5696.0
491,2013-05,6442.0
491,2013-06,5973.0
491,2013-07,6488.0
491,2013-08,6076.0
491,2013-09,5961.0
491,2013-10,5993.0
491,2013-11,6668.0
491,2013-12,8156.0
491,2014-01,6238.0
491,2014-02,6488.0
491,2014-03,6567.0
491,2014-04,7106.0
491,2014-05,7108.0
491,2014-06,7248.0
491,2014-07,6791.0
491,2014-08,6630.0
491,2014-09,6763.0
491,2014-10,6636.0
491,2014-11,7575.0
491,2014-12,8574.0
491,2015-01,7004.0
491,2015-02,6852.0
491,2015-03,7345.0
491,2015-04,7432.0
491,2015-05,7487.0
491,2015-06,7203.0
491,2015-07,7091.0
492,2013-01,6920.0
492,2013-02,6883.0
492,2013-03,8233.0
492,2013-04,7292.0
492,2013-05,7946.0
492,2013-06,7158.0
492,2013-07,7888.0
492,2013-08,7399.0
492,2013-09,7086.0
492,2013-10,7302.0
492,2013-11,7584.0
492,2013-12,10841.0
492,2014-01,7268.0
492,2014-02,7403.0
492,2014-03,8560.0
492,2014-04,8843.0
492,2014-05,7658.0
492,2014-06,8192.0
492,2015-01,7869.0
492,2015-02,7750.0
492,2015-03,7953.0
492,2015-04,8242.0
492,2015-05,8556.0
492,2015-06,8242.0
492,2015-07,7922.0
493,2013-01,6499.0
493,2013-02,6917.0
493,2013-03,7806.0
493,2013-04,7274.0
493,2013-05,7677.0
493,2013-06,7410.0
493,2013-07,7710.0
493,2013-08,7108.0
493,2013-09,7365.0
493,2013-10,7239.0
493,2013-11,7641.0
493,2013-12,9480.0
493,2014-01,7683.0
493,2014-02,8090.0
493,2014-03,8276.0
493,2014-04,8625.0
493,2014-05,8340.0
493,2014-06,9405.0
493,2014-07,8230.0
493,2014-08,8194.0
493,2014-09,8561.0
493,2014-10,8253.0
493,2014-11,9423.0
493,2014-12,10373.0
493,2015-01,8913.0
493,2015-02,9016.0
493,2015-03,9644.0
493,2015-04,9057.0
493,2015-05,9104.0
493,2015-06,9677.0
493,2015-07,8563.0
494,2013-01,7073.0
494,2013-02,7496.0
494,2013-03,7829.0
494,2013-04,7429.0
494,2013-05,7485.0
494,2013-06,7566.0
494,2013-07,7209.0
494,2013-08,7324.0
494,2013-09,7219.0
494,2013-10,7237.0
494,2013-11,7658.0
494,2013-12,8651.0
494,2014-01,7106.0
494,2014-02,7407.0
494,2014-03,7465.0
494,2014-04,7610.0
494,2014-05,7660.0
494,2014-06,8040.0
494,2014-07,7624.0
494,2014-08,7509.0
494,2014-09,7600.0
494,2014-10,7474.0
494,2014-11,8198.0
494,2014-12,8713.0
494,2015-01,7570.0
494,2015-02,7825.0
494,2015-03,8127.0
494,2015-04,7671.0
494,2015-05,7817.0
494,2015-06,7906.0
494,2015-07,7621.0
495,2013-01,4347.0
495,2013-02,4434.0
495,2013-03,5133.0
495,2013-04,4800.0
495,2013-05,5209.0
495,2013-06,4851.0
495,2013-07,5266.0
495,2013-08,4696.0
495,2013-09,4586.0
495,2013-10,4593.0
495,2013-11,5026.0
495,2013-12,6224.0
495,2014-01,4997.0
495,2014-02,4790.0
495,2014-03,4933.0
495,2014-04,5276.0
495,2014-05,5132.0
495,2014-06,5566.0
495,2014-07,5185.0
495,2014-08,4784.0
495,2014-09,5037.0
495,2014-10,4989.0
495,2014-11,5482.0
495,2014-12,6302.0
495,2015-01,5329.0
495,2015-02,4979.0
495,2015-03,5391.0
495,2015-04,5695.0
495,2015-05,5546.0
495,2015-06,5755.0
495,2015-07,5631.0
496,2013-01,6956.0
496,2013-02,7268.0
496,2013-03,8197.0
496,2013-04,7522.0
496,2013-05,7930.0
496,2013-06,7264.0
496,2013-07,7609.0
496,2013-08,7546.0
496,2013-09,7465.0
496,2013-10,6604.0
496,2013-11,7206.0
496,2013-12,8952.0
496,2014-01,6961.0
496,2014-02,7287.0
496,2014-03,7370.0
496,2014-04,8022.0
496,2014-05,7629.0
496,2014-06,7824.0
496,2014-07,7313.0
496,2014-08,7308.0
496,2014-09,7354.0
496,2014-10,7466.0
496,2014-11,8184.0
496,2014-12,9353.0
496,2015-01,7962.0
496,2015-02,7915.0
496,2015-03,8363.0
496,2015-04,8683.0
496,2015-05,8491.0
496,2015-06,8283.0
496,2015-07,7643.0
497,2013-01,8204.0
497,2013-02,8502.0
497,2013-03,9412.0
497,2013-04,8700.0
497,2013-05,9076.0
497,2013-06,8318.0
497,2013-07,9025.0
497,2013-08,8609.0
497,2013-09,8260.0
497,2013-10,8429.0
497,2013-11,8864.0
497,2013-12,11267.0
497,2014-01,8630.0
497,2014-02,8774.0
497,2014-03,8831.0
497,2014-04,9624.0
497,2014-05,9395.0
497,2014-06,9468.0
497,2014-07,9006.0
497,2014-08,8719.0
497,2014-09,8728.0
497,2014-10,8778.0
497,2014-11,9718.0
497,2014-12,10999.0
497,2015-01,8873.0
497,2015-02,8703.0
497,2015-03,9197.0
497,2015-04,9553.0
497,2015-05,9578.0
497,2015-06,9183.0
497,2015-07,8856.0
498,2013-01,6784.0
498,2013-02,6716.0
498,2013-03,7007.0
498,2013-04,6885.0
498,2013-05,7281.0
498,2013-06,6899.0
498,2013-07,6992.0
498,2013-08,6376.0
498,2013-09,6377.0
498,2013-10,6992.0
498,2013-11,7195.0
498,2013-12,7469.0
498,2014-01,6941.0
498,2014-02,6842.0
498,2014-03,6754.0
498,2014-04,7174.0
498,2014-05,7257.0
498,2014-06,7296.0
498,2015-01,7248.0
498,2015-02,6874.0
498,2015-03,6940.0
498,2015-04,7135.0
498,2015-05,7415.0
498,2015-06,7266.0
498,2015-07,6937.0
499,2013-01,4499.0
499,2013-02,4304.0
499,2013-03,4793.0
499,2013-04,4633.0
499,2013-05,4821.0
499,2013-06,4128.0
499,2013-07,4327.0
499,2013-08,4130.0
499,2013-09,4817.0
499,2013-10,4716.0
499,2013-11,5103.0
499,2013-12,5968.0
499,2014-01,4965.0
499,2014-02,4918.0
499,2014-03,4786.0
499,2014-04,5392.0
499,2014-05,5187.0
499,2014-06,4926.0
499,2014-07,4953.0
499,2014-08,4907.0
499,2014-09,4808.0
499,2014-10,5286.0
499,2014-11,5930.0
499,2014-12,6613.0
499,2015-01,5886.0
499,2015-02,5459.0
499,2015-03,5674.0
499,2015-04,6345.0
499,2015-05,6226.0
499,2015-06,5957.0
499,2015-07,5685.0
500,2013-01,3891.0
500,2013-02,4142.0
500,2013-03,4748.0
500,2013-04,4549.0
500,2013-05,4782.0
500,2013-06,4480.0
500,2013-07,5131.0
500,2013-08,4747.0
500,2013-09,4816.0
500,2013-10,5164.0
500,2013-11,5343.0
500,2013-12,6391.0
500,2014-01,5232.0
500,2014-02,5158.0
500,2014-03,5038.0
500,2014-04,5618.0
500,2014-05,5658.0
500,2014-06,5673.0
500,2015-01,6090.0
500,2015-02,5711.0
500,2015-03,6302.0
500,2015-04,6312.0
500,2015-05,6374.0
500,2015-06,6220.0
500,2015-07,6390.0
501,2013-01,5374.0
501,2013-02,5180.0
501,2013-03,6004.0
501,2013-04,5210.0
501,2013-05,5757.0
501,2013-06,5236.0
501,2013-07,5536.0
501,2013-08,5623.0
501,2013-09,5296.0
501,2013-10,5478.0
501,2013-11,5807.0
501,2013-12,8001.0
501,2014-01,5667.0
501,2014-02,5426.0
501,2014-03,4884.0
501,2014-04,5031.0
501,2014-05,4895.0
501,2014-06,4953.0
501,2015-01,5207.0
501,2015-02,4687.0
501,2015-03,5053.0
501,2015-04,5175.0
501,2015-05,5074.0
501,2015-06,5003.0
501,2015-07,4958.0
502,2013-01,9632.0
502,2013-02,9926.0
502,2013-03,11266.0
502,2013-04,10355.0
502,2013-05,11269.0
502,2013-06,10480.0
502,2013-07,10568.0
502,2013-08,11241.0
502,2013-09,10953.0
502,2013-10,9956.0
502,2013-11,10618.0
502,2013-12,14100.0
502,2014-01,10360.0
502,2014-02,10396.0
502,2014-03,11684.0
502,2014-04,12435.0
502,2014-05,11018.0
502,2014-06,11596.0
502,2014-07,10824.0
502,2014-08,9868.0
502,2014-09,10098.0
502,2014-10,10419.0
502,2014-11,11217.0
502,2014-12,12815.0
502,2015-01,10037.0
502,2015-02,9715.0
502,2015-03,10289.0
502,2015-04,11054.0
502,2015-05,10959.0
502,2015-06,10796.0
502,2015-07,10282.0
503,2013-01,5578.0
503,2013-02,5653.0
503,2013-03,7010.0
503,2013-04,5746.0
503,2013-05,6379.0
503,2013-06,5576.0
503,2013-07,6508.0
503,2013-08,6064.0
503,2013-09,5831.0
503,2013-10,6215.0
503,2013-11,6561.0
503,2013-12,8602.0
503,2014-01,6560.0
503,2014-02,6221.0
503,2014-03,6647.0
503,2014-04,7156.0
503,2014-05,6880.0
503,2014-06,7193.0
503,2014-07,6749.0
503,2014-08,6436.0
503,2014-09,6886.0
503,2014-10,6749.0
503,2014-11,7059.0
503,2014-12,8313.0
503,2015-01,7291.0
503,2015-02,6186.0
503,2015-03,7134.0
503,2015-04,7376.0
503,2015-05,7142.0
503,2015-06,7201.0
503,2015-07,6892.0
504,2013-01,6163.0
504,2013-02,6634.0
504,2013-03,7158.0
504,2013-04,6468.0
504,2013-05,6827.0
504,2013-06,6511.0
504,2013-07,6489.0
504,2013-08,6441.0
504,2013-09,5974.0
504,2013-10,6162.0
504,2013-11,6380.0
504,2013-12,7893.0
504,2014-01,6192.0
504,2014-02,6508.0
504,2014-03,6648.0
504,2014-04,6847.0
504,2014-05,6873.0
504,2014-06,6684.0
504,2014-07,6393.0
504,2014-08,5875.0
504,2014-09,6388.0
504,2014-10,6406.0
504,2014-11,6869.0
504,2014-12,7808.0
504,2015-01,6712.0
504,2015-02,6874.0
504,2015-03,6818.0
504,2015-04,7213.0
504,2015-05,7232.0
504,2015-06,6790.0
504,2015-07,6921.0
505,2013-01,4205.0
505,2013-02,4366.0
505,2013-03,5004.0
505,2013-04,4649.0
505,2013-05,4730.0
505,2013-06,4326.0
505,2013-07,4757.0
505,2013-08,4272.0
505,2013-09,4450.0
505,2013-10,4649.0
505,2013-11,4890.0
505,2013-12,5674.0
505,2014-01,4847.0
505,2014-02,4832.0
505,2014-03,4614.0
505,2014-04,5088.0
505,2014-05,4576.0
505,2014-06,4912.0
505,2014-07,4667.0
505,2014-08,4220.0
505,2014-09,4254.0
505,2014-10,4649.0
505,2014-11,5086.0
505,2014-12,5533.0
505,2015-01,4824.0
505,2015-02,4498.0
505,2015-03,4940.0
505,2015-04,5045.0
505,2015-05,5220.0
505,2015-06,5731.0
505,2015-07,4771.0
506,2013-01,7349.0
506,2013-02,7358.0
506,2013-03,8180.0
506,2013-04,7652.0
506,2013-05,8090.0
506,2013-06,7258.0
506,2013-07,8214.0
506,2013-08,7087.0
506,2013-09,7054.0
506,2013-10,7306.0
506,2013-11,7248.0
506,2013-12,8926.0
506,2014-01,7327.0
506,2014-02,7473.0
506,2014-03,7417.0
506,2014-04,8149.0
506,2014-05,7894.0
506,2014-06,8291.0
506,2014-07,7729.0
506,2014-08,7101.0
506,2014-09,7296.0
506,2014-10,7253.0
506,2014-11,7992.0
506,2014-12,8008.0
506,2015-01,7413.0
506,2015-02,7043.0
506,2015-03,7359.0
506,2015-04,7717.0
506,2015-05,7418.0
506,2015-06,7551.0
506,2015-07,7127.0
507,2013-01,7335.0
507,2013-02,7710.0
507,2013-03,8985.0
507,2013-04,7877.0
507,2013-05,8675.0
507,2013-06,7764.0
507,2013-07,8447.0
507,2013-08,7932.0
507,2013-09,7988.0
507,2013-10,7892.0
507,2013-11,8470.0
507,2013-12,10347.0
507,2014-01,7682.0
507,2014-02,7920.0
507,2014-03,8197.0
507,2014-04,8470.0
507,2014-05,8225.0
507,2014-06,9253.0
507,2014-07,7995.0
507,2014-08,8529.0
507,2014-09,8303.0
507,2014-10,7851.0
507,2014-11,9217.0
507,2014-12,10706.0
507,2015-01,8425.0
507,2015-02,7882.0
507,2015-03,8979.0
507,2015-04,8816.0
507,2015-05,9003.0
507,2015-06,9468.0
507,2015-07,8175.0
508,2013-01,5480.0
508,2013-02,5577.0
508,2013-03,6688.0
508,2013-04,5751.0
508,2013-05,6215.0
508,2013-06,5486.0
508,2013-07,6310.0
508,2013-08,5882.0
508,2013-09,5648.0
508,2013-10,5848.0
508,2013-11,6241.0
508,2013-12,8347.0
508,2014-01,6338.0
508,2014-02,6364.0
508,2014-03,6871.0
508,2014-04,7154.0
508,2014-05,6886.0
508,2014-06,7343.0
508,2014-07,6642.0
508,2014-08,6910.0
508,2014-09,6743.0
508,2014-10,6628.0
508,2014-11,7650.0
508,2014-12,8928.0
508,2015-01,7281.0
508,2015-02,7042.0
508,2015-03,7470.0
508,2015-04,7704.0
508,2015-05,7590.0
508,2015-06,7839.0
508,2015-07,7211.0
509,2013-01,5751.0
509,2013-02,5901.0
509,2013-03,6704.0
509,2013-04,5890.0
509,2013-05,6333.0
509,2013-06,6028.0
509,2013-07,6387.0
509,2013-08,5859.0
509,2013-09,5740.0
509,2013-10,5525.0
509,2013-11,5959.0
509,2013-12,7619.0
509,2014-01,5816.0
509,2014-02,5795.0
509,2014-03,6128.0
509,2014-04,6163.0
509,2014-05,6046.0
509,2014-06,6657.0
509,2014-07,6149.0
509,2014-08,5644.0
509,2014-09,5937.0
509,2014-10,5780.0
509,2014-11,6574.0
509,2014-12,7447.0
509,2015-01,5795.0
509,2015-02,5545.0
509,2015-03,6127.0
509,2015-04,6151.0
509,2015-05,6046.0
509,2015-06,6516.0
509,2015-07,6051.0
510,2013-01,7389.0
510,2013-02,7702.0
510,2013-03,8502.0
510,2013-04,8022.0
510,2013-05,8434.0
510,2013-06,7775.0
510,2013-07,8613.0
510,2013-08,7862.0
510,2013-09,7729.0
510,2013-10,7864.0
510,2013-11,8141.0
510,2013-12,10592.0
510,2014-01,7904.0
510,2014-02,7914.0
510,2014-03,7822.0
510,2014-04,8437.0
510,2014-05,7996.0
510,2014-06,8710.0
510,2014-07,7987.0
510,2014-08,7650.0
510,2014-09,7668.0
510,2014-10,7852.0
510,2014-11,8551.0
510,2014-12,10190.0
510,2015-01,7878.0
510,2015-02,7516.0
510,2015-03,7832.0
510,2015-04,8496.0
510,2015-05,8292.0
510,2015-06,8955.0
510,2015-07,8137.0
511,2013-01,5411.0
511,2013-02,5457.0
511,2013-03,5804.0
511,2013-04,5460.0
511,2013-05,5649.0
511,2013-06,5390.0
511,2013-07,5077.0
511,2013-08,5136.0
511,2013-09,5212.0
511,2013-10,5227.0
511,2013-11,5736.0
511,2013-12,6668.0
511,2014-01,5549.0
511,2014-02,5635.0
511,2014-03,5752.0
511,2014-04,5794.0
511,2014-05,5973.0
511,2014-06,5824.0
511,2014-07,5485.0
511,2014-08,5155.0
511,2014-09,5393.0
511,2014-10,5667.0
511,2014-11,6009.0
511,2014-12,6653.0
511,2015-01,5612.0
511,2015-02,5709.0
511,2015-03,5757.0
511,2015-04,5967.0
511,2015-05,6015.0
511,2015-06,5681.0
511,2015-07,5899.0
512,2013-01,4615.0
512,2013-02,4843.0
512,2013-03,4955.0
512,2013-04,4724.0
512,2013-05,5097.0
512,2013-06,4885.0
512,2013-07,4900.0
512,2013-08,4662.0
512,2013-09,4827.0
512,2013-10,5093.0
512,2013-11,5231.0
512,2013-12,5771.0
512,2014-01,5009.0
512,2014-02,5457.0
512,2014-03,5505.0
512,2014-04,5606.0
512,2014-05,5877.0
512,2014-06,5895.0
512,2015-01,5783.0
512,2015-02,6173.0
512,2015-03,6230.0
512,2015-04,6374.0
512,2015-05,6716.0
512,2015-06,6430.0
512,2015-07,6732.0
513,2013-01,18242.0
513,2013-02,18762.0
513,2013-03,20913.0
513,2013-04,19454.0
513,2013-05,20172.0
513,2013-06,19305.0
513,2013-07,18662.0
513,2013-08,18565.0
513,2013-09,16570.0
513,2013-10,19185.0
513,2013-11,18592.0
513,2013-12,21136.0
513,2014-01,16495.0
513,2014-02,17400.0
513,2014-03,17103.0
513,2014-04,18658.0
513,2014-05,17908.0
513,2014-06,18100.0
513,2014-07,17231.0
513,2014-08,16531.0
513,2014-09,16657.0
513,2014-10,16714.0
513,2014-11,18044.0
513,2014-12,20364.0
513,2015-01,17051.0
513,2015-02,16834.0
513,2015-03,17703.0
513,2015-04,18546.0
513,2015-05,18421.0
513,2015-06,17582.0
513,2015-07,17246.0
514,2013-01,4893.0
514,2013-02,4810.0
514,2013-03,5459.0
514,2013-04,5140.0
514,2013-05,5584.0
514,2013-06,5056.0
514,2013-07,5542.0
514,2013-08,5565.0
514,2013-09,5389.0
514,2013-10,5175.0
514,2013-11,5560.0
514,2013-12,7088.0
514,2014-01,5820.0
514,2014-02,5577.0
514,2014-03,5574.0
514,2014-04,6009.0
514,2014-05,5803.0
514,2014-06,6068.0
514,2015-01,6563.0
514,2015-02,5926.0
514,2015-03,6376.0
514,2015-04,6347.0
514,2015-05,6352.0
514,2015-06,6649.0
514,2015-07,5746.0
515,2013-01,7852.0
515,2013-02,8098.0
515,2013-03,9369.0
515,2013-04,8418.0
515,2013-05,9044.0
515,2013-06,8311.0
515,2013-07,8990.0
515,2013-08,8372.0
515,2013-09,8265.0
515,2013-10,8577.0
515,2013-11,9305.0
515,2013-12,11353.0
515,2014-01,8307.0
515,2014-02,8533.0
515,2014-03,8508.0
515,2014-04,9670.0
515,2014-05,9189.0
515,2014-06,9626.0
515,2014-07,8677.0
515,2014-08,8890.0
515,2014-09,8547.0
515,2014-10,9031.0
515,2014-11,9894.0
515,2014-12,11517.0
515,2015-01,9056.0
515,2015-02,8855.0
515,2015-03,9233.0
515,2015-04,9635.0
515,2015-05,9618.0
515,2015-06,9624.0
515,2015-07,8878.0
516,2013-01,4902.0
516,2013-02,5298.0
516,2013-03,5947.0
516,2013-04,5169.0
516,2013-05,5536.0
516,2013-06,5042.0
516,2013-07,5599.0
516,2013-08,5162.0
516,2013-09,5112.0
516,2013-10,5150.0
516,2013-11,5831.0
516,2013-12,7670.0
516,2014-01,5494.0
516,2014-02,5652.0
516,2014-03,5733.0
516,2014-04,6092.0
516,2014-05,5978.0
516,2014-06,6221.0
516,2014-07,5718.0
516,2014-08,5900.0
516,2014-09,5835.0
516,2014-10,5772.0
516,2014-11,6938.0
516,2014-12,7660.0
516,2015-01,5899.0
516,2015-02,5843.0
516,2015-03,6316.0
516,2015-04,6403.0
516,2015-05,6422.0
516,2015-06,6569.0
516,2015-07,5724.0
517,2013-01,3111.0
517,2013-02,8038.0
517,2013-03,6145.0
517,2013-04,5305.0
517,2013-05,5747.0
517,2013-06,5258.0
517,2013-07,5911.0
517,2013-08,5638.0
517,2013-09,5036.0
517,2013-10,5171.0
517,2013-11,5410.0
517,2013-12,7567.0
517,2014-01,5516.0
517,2014-02,6327.0
517,2014-03,5430.0
517,2014-04,6212.0
517,2014-05,5656.0
517,2014-06,6064.0
517,2014-07,6039.0
517,2014-08,5668.0
517,2014-09,5576.0
517,2014-10,5605.0
517,2014-11,6127.0
517,2014-12,7692.0
517,2015-01,5913.0
517,2015-02,5698.0
517,2015-03,5903.0
517,2015-04,6244.0
517,2015-05,6102.0
517,2015-06,6082.0
517,2015-07,6431.0
518,2013-01,4998.0
518,2013-02,5251.0
518,2013-03,6085.0
518,2013-04,5430.0
518,2013-05,5822.0
518,2013-06,5483.0
518,2013-07,5735.0
518,2013-08,5246.0
518,2013-09,5366.0
518,2013-10,5220.0
518,2013-11,5533.0
518,2013-12,7093.0
518,2014-01,5521.0
518,2014-02,5638.0
518,2014-03,6125.0
518,2014-04,6155.0
518,2014-05,6150.0
518,2014-06,6646.0
518,2015-01,6314.0
518,2015-02,5686.0
518,2015-03,6236.0
518,2015-04,6261.0
518,2015-05,6327.0
518,2015-06,6727.0
518,2015-07,5813.0
519,2013-01,4665.0
519,2013-02,4626.0
519,2013-03,5920.0
519,2013-04,5000.0
519,2013-05,5251.0
519,2013-06,5080.0
519,2013-07,5495.0
519,2013-08,5733.0
519,2013-09,4739.0
519,2013-10,4648.0
519,2013-11,5494.0
519,2013-12,7240.0
519,2014-01,4590.0
519,2014-02,4748.0
519,2014-03,4898.0
519,2014-04,5322.0
519,2014-05,4866.0
519,2014-06,5069.0
519,2014-07,4928.0
519,2014-08,5770.0
519,2014-09,4871.0
519,2014-10,4779.0
519,2014-11,5699.0
519,2014-12,7531.0
519,2015-01,5048.0
519,2015-02,4979.0
519,2015-03,5430.0
519,2015-04,5757.0
519,2015-05,5654.0
519,2015-06,5328.0
519,2015-07,5473.0
520,2013-01,3372.0
520,2013-02,3438.0
520,2013-03,3805.0
520,2013-04,3387.0
520,2013-05,3750.0
520,2013-06,3585.0
520,2013-07,4338.0
520,2013-08,4250.0
520,2013-09,3294.0
520,2013-10,3310.0
520,2013-11,3960.0
520,2013-12,4780.0
520,2014-01,3356.0
520,2014-02,3477.0
520,2014-03,3398.0
520,2014-04,4001.0
520,2014-05,3714.0
520,2014-06,4005.0
520,2014-07,4297.0
520,2014-08,4356.0
520,2014-09,3688.0
520,2014-10,3610.0
520,2014-11,4341.0
520,2014-12,5027.0
520,2015-01,3484.0
520,2015-02,3640.0
520,2015-03,3734.0
520,2015-04,4077.0
520,2015-05,3979.0
520,2015-06,4007.0
520,2015-07,4461.0
521,2013-01,4514.0
521,2013-02,4640.0
521,2013-03,5171.0
521,2013-04,4600.0
521,2013-05,5484.0
521,2013-06,4727.0
521,2013-07,5215.0
521,2013-08,5223.0
521,2013-09,4813.0
521,2013-10,4828.0
521,2013-11,5326.0
521,2013-12,6634.0
521,2014-01,4840.0
521,2014-02,5079.0
521,2014-03,4813.0
521,2014-04,5384.0
521,2014-05,5320.0
521,2014-06,5412.0
521,2014-07,5254.0
521,2014-08,5083.0
521,2014-09,4834.0
521,2014-10,5018.0
521,2014-11,5486.0
521,2014-12,6599.0
521,2015-01,5007.0
521,2015-02,4904.0
521,2015-03,4954.0
521,2015-04,5441.0
521,2015-05,5548.0
521,2015-06,5260.0
521,2015-07,5405.0
522,2013-01,7112.0
522,2013-02,7285.0
522,2013-03,8458.0
522,2013-04,7462.0
522,2013-05,8268.0
522,2013-06,7802.0
522,2013-07,8017.0
522,2013-08,7686.0
522,2013-09,7603.0
522,2013-10,7305.0
522,2013-11,8363.0
522,2013-12,10326.0
522,2014-01,7804.0
522,2014-02,7783.0
522,2014-03,7994.0
522,2014-04,8305.0
522,2014-05,8198.0
522,2014-06,8781.0
522,2015-01,8590.0
522,2015-02,7877.0
522,2015-03,8852.0
522,2015-04,8829.0
522,2015-05,9034.0
522,2015-06,9405.0
522,2015-07,8677.0
523,2013-01,18310.0
523,2013-02,18330.0
523,2013-03,20640.0
523,2013-04,18465.0
523,2013-05,19410.0
523,2013-06,18674.0
523,2013-07,17757.0
523,2013-08,17879.0
523,2013-09,17630.0
523,2013-10,16485.0
523,2013-11,15587.0
523,2013-12,18148.0
523,2014-01,13303.0
523,2014-02,13279.0
523,2014-03,13279.0
523,2014-04,14224.0
523,2014-05,13602.0
523,2014-06,14024.0
523,2014-07,13560.0
523,2014-08,13101.0
523,2014-09,12966.0
523,2014-10,13126.0
523,2014-11,14407.0
523,2014-12,18137.0
523,2015-01,14026.0
523,2015-02,13335.0
523,2015-03,14268.0
523,2015-04,14488.0
523,2015-05,13990.0
523,2015-06,13876.0
523,2015-07,13514.0
524,2013-01,7239.0
524,2013-02,7287.0
524,2013-03,7734.0
524,2013-04,6430.0
524,2013-05,6709.0
524,2013-06,6728.0
524,2013-07,7531.0
524,2013-08,7979.0
524,2013-09,6693.0
524,2013-10,6360.0
524,2013-11,8800.0
524,2013-12,11461.0
524,2014-01,7730.0
524,2014-02,7869.0
524,2014-03,7094.0
524,2014-04,7383.0
524,2014-05,7278.0
524,2014-06,7254.0
524,2014-07,7649.0
524,2014-08,7880.0
524,2014-09,7410.0
524,2014-10,6870.0
524,2014-11,9544.0
524,2014-12,11787.0
524,2015-01,8301.0
524,2015-02,8104.0
524,2015-03,7603.0
524,2015-04,7789.0
524,2015-05,6994.0
524,2015-06,7530.0
524,2015-07,7966.0
525,2013-01,10142.0
525,2013-02,10538.0
525,2013-03,11460.0
525,2013-04,10184.0
525,2013-05,11323.0
525,2013-06,10700.0
525,2013-07,10583.0
525,2013-08,10879.0
525,2013-09,10002.0
525,2013-10,9541.0
525,2013-11,9719.0
525,2013-12,11531.0
525,2014-01,9238.0
525,2014-02,9574.0
525,2014-03,9673.0
525,2014-04,10199.0
525,2014-05,10124.0
525,2014-06,10385.0
525,2014-07,9778.0
525,2014-08,9632.0
525,2014-09,9733.0
525,2014-10,9949.0
525,2014-11,10583.0
525,2014-12,11707.0
525,2015-01,10195.0
525,2015-02,9929.0
525,2015-03,10482.0
525,2015-04,10467.0
525,2015-05,10589.0
525,2015-06,9159.0
525,2015-07,9563.0
526,2013-01,9679.0
526,2013-02,9839.0
526,2013-03,10726.0
526,2013-04,10169.0
526,2013-05,10644.0
526,2013-06,9539.0
526,2013-07,10344.0
526,2013-08,9494.0
526,2013-09,9346.0
526,2013-10,10052.0
526,2013-11,10664.0
526,2013-12,12938.0
526,2014-01,9979.0
526,2014-02,10533.0
526,2014-03,11390.0
526,2014-04,11339.0
526,2014-05,10579.0
526,2014-06,10905.0
526,2014-07,10417.0
526,2014-08,9866.0
526,2014-09,10007.0
526,2014-10,10545.0
526,2014-11,12312.0
526,2014-12,12812.0
526,2015-01,10872.0
526,2015-02,10409.0
526,2015-03,10839.0
526,2015-04,11166.0
526,2015-05,11164.0
526,2015-06,10730.0
526,2015-07,10591.0
527,2013-01,9523.0
527,2013-02,9994.0
527,2013-03,11217.0
527,2013-04,10031.0
527,2013-05,11100.0
527,2013-06,9953.0
527,2013-07,10872.0
527,2013-08,9759.0
527,2013-09,9643.0
527,2013-10,9456.0
527,2013-11,10444.0
527,2013-12,13339.0
527,2014-01,9968.0
527,2014-02,10443.0
527,2014-03,10331.0
527,2014-04,10964.0
527,2014-05,11112.0
527,2014-06,11329.0
527,2014-07,10771.0
527,2014-08,10721.0
527,2014-09,10528.0
527,2014-10,10201.0
527,2014-11,11359.0
527,2014-12,13504.0
527,2015-01,10529.0
527,2015-02,10227.0
527,2015-03,10756.0
527,2015-04,11293.0
527,2015-05,11712.0
527,2015-06,11734.0
527,2015-07,10553.0
528,2013-01,9869.0
528,2013-02,9985.0
528,2013-03,11262.0
528,2013-04,10342.0
528,2013-05,11107.0
528,2013-06,10174.0
528,2013-07,11011.0
528,2013-08,10272.0
528,2013-09,10140.0
528,2013-10,9755.0
528,2013-11,10303.0
528,2013-12,12983.0
528,2014-01,9942.0
528,2014-02,10418.0
528,2014-03,10387.0
528,2014-04,10843.0
528,2014-05,10379.0
528,2014-06,11485.0
528,2014-07,10403.0
528,2014-08,10533.0
528,2014-09,10592.0
528,2014-10,10247.0
528,2014-11,11504.0
528,2014-12,12566.0
528,2015-01,10635.0
528,2015-02,10147.0
528,2015-03,10785.0
528,2015-04,11079.0
528,2015-05,10883.0
528,2015-06,11678.0
528,2015-07,10512.0
529,2013-01,6610.0
529,2013-02,6979.0
529,2013-03,7979.0
529,2013-04,6864.0
529,2013-05,7396.0
529,2013-06,7054.0
529,2013-07,7397.0
529,2013-08,8081.0
529,2013-09,6917.0
529,2013-10,6836.0
529,2013-11,7915.0
529,2013-12,10161.0
529,2014-01,7356.0
529,2014-02,7513.0
529,2014-03,7292.0
529,2014-04,8069.0
529,2014-05,7723.0
529,2014-06,7980.0
529,2014-07,7883.0
529,2014-08,8065.0
529,2014-09,7648.0
529,2014-10,7475.0
529,2014-11,8572.0
529,2014-12,10397.0
529,2015-01,7868.0
529,2015-02,7528.0
529,2015-03,7874.0
529,2015-04,8332.0
529,2015-05,8360.0
529,2015-06,8228.0
529,2015-07,8364.0
530,2013-01,2225.0
530,2013-02,2402.0
530,2013-03,3902.0
530,2013-04,3753.0
530,2013-05,4891.0
530,2013-06,4793.0
530,2013-07,7185.0
530,2013-08,6445.0
530,2013-09,4933.0
530,2013-10,4726.0
530,2013-11,3070.0
530,2013-12,3968.0
530,2014-01,2581.0
530,2014-02,2765.0
530,2014-03,3204.0
530,2014-04,4920.0
530,2014-05,4799.0
530,2014-06,5336.0
530,2014-07,7173.0
530,2014-08,7730.0
530,2014-09,5772.0
530,2014-10,5242.0
530,2014-11,3590.0
530,2014-12,3997.0
530,2015-01,2728.0
530,2015-02,2866.0
530,2015-03,3599.0
530,2015-04,4916.0
530,2015-05,5337.0
530,2015-06,5339.0
530,2015-07,7572.0
531,2013-01,4354.0
531,2013-02,4415.0
531,2013-03,4661.0
531,2013-04,4484.0
531,2013-05,4451.0
531,2013-06,4457.0
531,2013-07,4332.0
531,2013-08,4782.0
531,2013-09,4341.0
531,2013-10,4531.0
531,2013-11,5152.0
531,2013-12,6105.0
531,2014-01,4609.0
531,2014-02,4726.0
531,2014-03,4551.0
531,2014-04,5186.0
531,2014-05,4816.0
531,2014-06,5011.0
531,2014-07,4567.0
531,2014-08,4954.0
531,2014-09,4875.0
531,2014-10,4791.0
531,2014-11,5701.0
531,2014-12,6399.0
531,2015-01,4882.0
531,2015-02,5070.0
531,2015-03,4857.0
531,2015-04,5518.0
531,2015-05,5374.0
531,2015-06,5078.0
531,2015-07,5134.0
532,2013-01,10201.0
532,2013-02,10189.0
532,2013-03,10908.0
532,2013-04,10495.0
532,2013-05,11345.0
532,2013-06,10649.0
532,2013-07,10614.0
532,2013-08,9388.0
532,2013-09,10094.0
532,2013-10,10441.0
532,2013-11,11012.0
532,2013-12,12088.0
532,2014-01,10610.0
532,2014-02,10738.0
532,2014-03,10108.0
532,2014-04,11362.0
532,2014-05,10951.0
532,2014-06,11166.0
532,2014-07,10080.0
532,2014-08,9887.0
532,2014-09,10059.0
532,2014-10,10890.0
532,2014-11,12121.0
532,2014-12,12499.0
532,2015-01,11484.0
532,2015-02,11215.0
532,2015-03,11459.0
532,2015-04,12061.0
532,2015-05,11967.0
532,2015-06,11696.0
532,2015-07,10595.0
533,2013-01,7967.0
533,2013-02,8136.0
533,2013-03,9474.0
533,2013-04,8304.0
533,2013-05,8981.0
533,2013-06,8163.0
533,2013-07,9084.0
533,2013-08,9094.0
533,2013-09,8151.0
533,2013-10,8600.0
533,2013-11,9379.0
533,2013-12,11642.0
533,2014-01,8967.0
533,2014-02,8887.0
533,2014-03,8878.0
533,2014-04,10053.0
533,2014-05,9501.0
533,2014-06,9792.0
533,2014-07,9187.0
533,2014-08,8777.0
533,2014-09,9054.0
533,2014-10,9160.0
533,2014-11,10397.0
533,2014-12,12951.0
533,2015-01,11210.0
533,2015-02,10088.0
533,2015-03,11098.0
533,2015-04,11468.0
533,2015-05,11286.0
533,2015-06,11130.0
533,2015-07,10984.0
534,2013-01,7631.0
534,2013-02,7969.0
534,2013-03,8129.0
534,2013-04,6954.0
534,2013-05,7550.0
534,2013-06,6728.0
534,2013-07,7386.0
534,2013-08,7077.0
534,2013-09,6909.0
534,2013-10,6667.0
534,2013-11,7241.0
534,2013-12,9151.0
534,2014-01,7103.0
534,2014-02,7156.0
534,2014-03,7501.0
534,2014-04,7459.0
534,2014-05,7452.0
534,2014-06,8103.0
534,2015-01,7704.0
534,2015-02,7035.0
534,2015-03,7814.0
534,2015-04,7583.0
534,2015-05,8045.0
534,2015-06,8422.0
534,2015-07,7434.0
535,2013-01,7431.0
535,2013-02,7528.0
535,2013-03,8323.0
535,2013-04,8164.0
535,2013-05,8552.0
535,2013-06,7392.0
535,2013-07,8405.0
535,2013-08,7359.0
535,2013-09,7418.0
535,2013-10,7333.0
535,2013-11,7888.0
535,2013-12,9501.0
535,2014-01,7637.0
535,2014-02,7662.0
535,2014-03,7746.0
535,2014-04,8594.0
535,2014-05,8253.0
535,2014-06,9044.0
535,2014-07,8345.0
535,2014-08,7453.0
535,2014-09,8033.0
535,2014-10,7582.0
535,2014-11,8823.0
535,2014-12,9399.0
535,2015-01,7909.0
535,2015-02,7589.0
535,2015-03,8283.0
535,2015-04,8680.0
535,2015-05,8710.0
535,2015-06,8904.0
535,2015-07,8040.0
536,2013-01,7330.0
536,2013-02,7754.0
536,2013-03,8619.0
536,2013-04,7624.0
536,2013-05,8514.0
536,2013-06,7401.0
536,2013-07,8146.0
536,2013-08,7518.0
536,2013-09,7516.0
536,2013-10,7755.0
536,2013-11,8260.0
536,2013-12,10900.0
536,2014-01,7941.0
536,2014-02,8213.0
536,2014-03,8442.0
536,2014-04,9070.0
536,2014-05,8523.0
536,2014-06,8830.0
536,2014-07,8422.0
536,2014-08,7975.0
536,2014-09,8133.0
536,2014-10,8094.0
536,2014-11,8707.0
536,2014-12,10400.0
536,2015-01,8077.0
536,2015-02,7924.0
536,2015-03,8214.0
536,2015-04,8795.0
536,2015-05,8564.0
536,2015-06,8643.0
536,2015-07,8132.0
537,2013-01,4338.0
537,2013-02,4567.0
537,2013-03,5132.0
537,2013-04,4811.0
537,2013-05,5228.0
537,2013-06,4919.0
537,2013-07,5160.0
537,2013-08,4374.0
537,2013-09,4739.0
537,2013-10,5022.0
537,2013-11,5319.0
537,2013-12,6807.0
537,2014-01,5352.0
537,2014-02,5411.0
537,2014-03,5665.0
537,2014-04,6011.0
537,2014-05,5898.0
537,2014-06,6128.0
537,2014-07,5823.0
537,2014-08,5146.0
537,2014-09,5425.0
537,2014-10,5635.0
537,2014-11,6290.0
537,2014-12,7045.0
537,2015-01,5937.0
537,2015-02,5675.0
537,2015-03,6213.0
537,2015-04,6273.0
537,2015-05,6380.0
537,2015-06,6509.0
537,2015-07,6051.0
538,2013-01,3758.0
538,2013-02,3831.0
538,2013-03,3945.0
538,2013-04,3936.0
538,2013-05,4067.0
538,2013-06,3791.0
538,2013-07,3747.0
538,2013-08,3662.0
538,2013-09,3612.0
538,2013-10,3615.0
538,2013-11,3899.0
538,2013-12,4427.0
538,2014-01,3784.0
538,2014-02,3768.0
538,2014-03,3698.0
538,2014-04,3954.0
538,2014-05,3781.0
538,2014-06,3956.0
538,2014-07,3678.0
538,2014-08,3279.0
538,2014-09,3557.0
538,2014-10,3608.0
538,2014-11,4054.0
538,2014-12,4358.0
538,2015-01,3807.0
538,2015-02,3718.0
538,2015-03,3859.0
538,2015-04,4064.0
538,2015-05,4587.0
538,2015-06,4088.0
538,2015-07,3931.0
539,2013-01,10994.0
539,2013-02,11109.0
539,2013-03,12082.0
539,2013-04,11553.0
539,2013-05,11841.0
539,2013-06,10661.0
539,2013-07,11328.0
539,2013-08,10865.0
539,2013-09,10312.0
539,2013-10,10951.0
539,2013-11,11272.0
539,2013-12,12452.0
539,2014-01,10739.0
539,2014-02,10886.0
539,2014-03,10944.0
539,2014-04,11464.0
539,2014-05,11431.0
539,2014-06,11684.0
539,2015-01,11472.0
539,2015-02,10982.0
539,2015-03,11371.0
539,2015-04,11509.0
539,2015-05,11609.0
539,2015-06,11630.0
539,2015-07,11771.0
540,2013-01,3825.0
540,2013-02,3946.0
540,2013-03,4815.0
540,2013-04,4360.0
540,2013-05,4933.0
540,2013-06,4340.0
540,2013-07,4899.0
540,2013-08,4732.0
540,2013-09,4582.0
540,2013-10,4849.0
540,2013-11,5244.0
540,2013-12,6479.0
540,2014-01,5396.0
540,2014-02,5280.0
540,2014-03,5822.0
540,2014-04,6208.0
540,2014-05,6045.0
540,2014-06,6536.0
540,2015-01,6979.0
540,2015-02,6250.0
540,2015-03,7204.0
540,2015-04,7118.0
540,2015-05,7191.0
540,2015-06,7368.0
540,2015-07,7037.0
541,2013-01,5844.0
541,2013-02,6240.0
541,2013-03,6898.0
541,2013-04,5737.0
541,2013-05,6347.0
541,2013-06,5613.0
541,2013-07,6107.0
541,2013-08,5791.0
541,2013-09,5966.0
541,2013-10,5954.0
541,2013-11,7282.0
541,2013-12,9332.0
541,2014-01,6378.0
541,2014-02,6494.0
541,2014-03,6365.0
541,2014-04,6937.0
541,2014-05,6766.0
541,2014-06,6905.0
541,2014-07,6504.0
541,2014-08,6892.0
541,2014-09,6202.0
541,2014-10,6232.0
541,2014-11,7525.0
541,2014-12,9605.0
541,2015-01,6805.0
541,2015-02,6608.0
541,2015-03,7016.0
541,2015-04,7136.0
541,2015-05,7319.0
541,2015-06,7253.0
541,2015-07,6708.0
542,2013-01,5972.0
542,2013-02,5731.0
542,2013-03,6528.0
542,2013-04,6103.0
542,2013-05,6559.0
542,2013-06,6065.0
542,2013-07,6655.0
542,2013-08,6034.0
542,2013-09,5799.0
542,2013-10,6006.0
542,2013-11,6341.0
542,2013-12,7400.0
542,2014-01,6182.0
542,2014-02,5934.0
542,2014-03,6113.0
542,2014-04,6258.0
542,2014-05,6148.0
542,2014-06,6383.0
542,2015-01,6329.0
542,2015-02,6017.0
542,2015-03,6561.0
542,2015-04,6283.0
542,2015-05,6336.0
542,2015-06,6381.0
542,2015-07,6097.0
543,2013-01,2809.0
543,2013-02,2666.0
543,2013-03,3305.0
543,2013-04,2892.0
543,2013-05,3034.0
543,2013-06,3000.0
543,2013-07,2852.0
543,2013-08,2727.0
543,2013-09,2644.0
543,2013-10,2541.0
543,2013-11,2473.0
543,2013-12,3577.0
543,2014-01,2741.0
543,2014-02,2607.0
543,2014-03,2666.0
543,2014-04,2874.0
543,2014-05,2652.0
543,2014-06,2942.0
543,2014-07,2675.0
543,2014-08,2532.0
543,2014-09,2709.0
543,2014-10,2463.0
543,2014-11,2749.0
543,2014-12,3184.0
543,2015-01,2787.0
543,2015-02,2478.0
543,2015-03,3057.0
543,2015-04,2793.0
543,2015-05,2597.0
543,2015-06,2969.0
543,2015-07,2603.0
544,2013-01,13930.0
544,2013-02,13759.0
544,2013-03,15513.0
544,2013-04,14533.0
544,2013-05,15305.0
544,2013-06,14183.0
544,2013-07,15055.0
544,2013-08,14032.0
544,2013-09,14095.0
544,2013-10,14213.0
544,2013-11,15241.0
544,2013-12,17785.0
544,2014-01,12948.0
544,2014-02,13278.0
544,2014-03,14362.0
544,2014-04,15112.0
544,2014-05,13564.0
544,2014-06,14501.0
544,2014-07,13307.0
544,2014-08,12499.0
544,2014-09,13141.0
544,2014-10,12893.0
544,2014-11,14533.0
544,2014-12,16048.0
544,2015-01,12991.0
544,2015-02,12182.0
544,2015-03,13340.0
544,2015-04,13745.0
544,2015-05,14033.0
544,2015-06,14164.0
544,2015-07,13062.0
545,2013-01,9546.0
545,2013-02,9869.0
545,2013-03,10865.0
545,2013-04,9881.0
545,2013-05,10670.0
545,2013-06,9519.0
545,2013-07,10658.0
545,2013-08,9772.0
545,2013-09,9562.0
545,2013-10,9662.0
545,2013-11,10012.0
545,2013-12,12577.0
545,2014-01,9981.0
545,2014-02,10336.0
545,2014-03,10219.0
545,2014-04,10894.0
545,2014-05,10963.0
545,2014-06,11466.0
545,2014-07,10819.0
545,2014-08,10448.0
545,2014-09,10469.0
545,2014-10,10224.0
545,2014-11,11300.0
545,2014-12,12295.0
545,2015-01,10865.0
545,2015-02,10339.0
545,2015-03,10759.0
545,2015-04,11619.0
545,2015-05,11602.0
545,2015-06,11959.0
545,2015-07,10959.0
546,2013-01,12263.0
546,2013-02,12336.0
546,2013-03,13541.0
546,2013-04,13043.0
546,2013-05,13791.0
546,2013-06,12948.0
546,2013-07,12719.0
546,2013-08,12781.0
546,2013-09,12892.0
546,2013-10,13028.0
546,2013-11,13185.0
546,2013-12,15235.0
546,2014-01,12203.0
546,2014-02,12576.0
546,2014-03,13191.0
546,2014-04,14722.0
546,2014-05,14505.0
546,2014-06,15574.0
546,2014-07,13475.0
546,2014-08,13261.0
546,2014-09,13520.0
546,2014-10,13789.0
546,2014-11,14168.0
546,2014-12,15313.0
546,2015-01,13007.0
546,2015-02,13017.0
546,2015-03,14024.0
546,2015-04,15848.0
546,2015-05,15046.0
546,2015-06,14649.0
546,2015-07,14969.0
547,2013-01,4754.0
547,2013-02,4493.0
547,2013-03,5375.0
547,2013-04,5135.0
547,2013-05,5932.0
547,2013-06,5310.0
547,2013-07,5666.0
547,2013-08,6137.0
547,2013-09,5412.0
547,2013-10,5532.0
547,2013-11,5740.0
547,2013-12,6789.0
547,2014-01,5765.0
547,2014-02,5505.0
547,2014-03,5430.0
547,2014-04,6011.0
547,2014-05,6018.0
547,2014-06,6113.0
547,2015-01,5991.0
547,2015-02,5731.0
547,2015-03,5937.0
547,2015-04,6190.0
547,2015-05,6627.0
547,2015-06,5896.0
547,2015-07,6436.0
548,2013-01,3939.0
548,2013-02,4272.0
548,2013-03,4910.0
548,2013-04,4920.0
548,2013-05,5268.0
548,2013-06,4833.0
548,2013-07,4983.0
548,2013-08,4550.0
548,2013-09,4727.0
548,2013-10,4851.0
548,2013-11,4644.0
548,2013-12,5725.0
548,2014-01,4456.0
548,2014-02,4528.0
548,2014-03,4600.0
548,2014-04,4876.0
548,2014-05,4810.0
548,2014-06,5069.0
548,2014-07,4748.0
548,2014-08,7710.0
548,2014-09,5780.0
548,2014-10,4804.0
548,2014-11,5573.0
548,2014-12,6161.0
548,2015-01,5335.0
548,2015-02,5128.0
548,2015-03,5444.0
548,2015-04,5712.0
548,2015-05,5529.0
548,2015-06,5318.0
548,2015-07,4913.0
549,2013-01,4052.0
549,2013-02,4195.0
549,2013-03,4499.0
549,2013-04,4556.0
549,2013-05,4499.0
549,2013-06,4402.0
549,2013-07,4271.0
549,2013-08,4462.0
549,2013-09,4197.0
549,2013-10,4323.0
549,2013-11,4740.0
549,2013-12,5463.0
549,2014-01,4353.0
549,2014-02,4521.0
549,2014-03,4364.0
549,2014-04,4850.0
549,2014-05,4643.0
549,2014-06,4651.0
549,2014-07,4246.0
549,2014-08,4321.0
549,2014-09,4628.0
549,2014-10,4686.0
549,2014-11,5282.0
549,2014-12,5498.0
549,2015-01,4713.0
549,2015-02,4690.0
549,2015-03,4846.0
549,2015-04,5425.0
549,2015-05,4991.0
549,2015-06,4902.0
549,2015-07,4833.0
550,2013-01,4277.0
550,2013-02,4606.0
550,2013-03,5609.0
550,2013-04,5093.0
550,2013-05,5651.0
550,2013-06,5128.0
550,2013-07,5436.0
550,2013-08,5234.0
550,2013-09,5215.0
550,2013-10,6030.0
550,2013-11,5658.0
550,2013-12,7149.0
550,2014-01,5523.0
550,2014-02,5848.0
550,2014-03,5806.0
550,2014-04,6300.0
550,2014-05,6411.0
550,2014-06,6397.0
550,2014-07,6294.0
550,2014-08,5859.0
550,2014-09,5985.0
550,2014-10,6186.0
550,2014-11,6729.0
550,2014-12,7763.0
550,2015-01,6308.0
550,2015-02,6198.0
550,2015-03,6782.0
550,2015-04,6931.0
550,2015-05,7241.0
550,2015-06,6629.0
550,2015-07,5251.0
551,2013-01,5948.0
551,2013-02,6311.0
551,2013-03,6782.0
551,2013-04,6112.0
551,2013-05,6490.0
551,2013-06,6278.0
551,2013-07,6232.0
551,2013-08,6631.0
551,2013-09,5989.0
551,2013-10,6150.0
551,2013-11,6378.0
551,2013-12,7683.0
551,2014-01,6116.0
551,2014-02,6609.0
551,2014-03,6349.0
551,2014-04,6896.0
551,2014-05,6541.0
551,2014-06,6566.0
551,2014-07,6325.0
551,2014-08,6463.0
551,2014-09,6320.0
551,2014-10,6407.0
551,2014-11,6764.0
551,2014-12,7968.0
551,2015-01,6512.0
551,2015-02,6581.0
551,2015-03,6650.0
551,2015-04,7053.0
551,2015-05,7000.0
551,2015-06,6637.0
551,2015-07,6811.0
552,2013-01,7180.0
552,2013-02,6982.0
552,2013-03,8249.0
552,2013-04,7405.0
552,2013-05,7786.0
552,2013-06,7116.0
552,2013-07,8131.0
552,2013-08,7517.0
552,2013-09,7169.0
552,2013-10,7020.0
552,2013-11,7341.0
552,2013-12,9532.0
552,2014-01,7391.0
552,2014-02,7357.0
552,2014-03,7735.0
552,2014-04,8158.0
552,2014-05,7616.0
552,2014-06,8658.0
552,2014-07,7879.0
552,2014-08,7130.0
552,2014-09,7619.0
552,2014-10,7404.0
552,2014-11,8149.0
552,2014-12,8998.0
552,2015-01,7575.0
552,2015-02,7058.0
552,2015-03,7854.0
552,2015-04,7815.0
552,2015-05,7649.0
552,2015-06,8547.0
552,2015-07,7557.0
553,2013-01,5783.0
553,2013-02,5939.0
553,2013-03,7110.0
553,2013-04,6255.0
553,2013-05,7333.0
553,2013-06,6562.0
553,2013-07,6982.0
553,2013-08,6066.0
553,2013-09,6401.0
553,2013-10,6514.0
553,2013-11,6562.0
553,2013-12,8552.0
553,2014-01,6404.0
553,2014-02,6387.0
553,2014-03,6604.0
553,2014-04,7037.0
553,2014-05,7496.0
553,2014-06,7636.0
553,2014-07,7262.0
553,2014-08,7317.0
553,2014-09,6767.0
553,2014-10,6856.0
553,2014-11,7505.0
553,2014-12,8902.0
553,2015-01,7493.0
553,2015-02,6956.0
553,2015-03,7253.0
553,2015-04,7227.0
553,2015-05,8132.0
553,2015-06,7697.0
553,2015-07,7492.0
554,2013-01,3390.0
554,2013-02,3536.0
554,2013-03,3724.0
554,2013-04,3702.0
554,2013-05,4101.0
554,2013-06,3897.0
554,2013-07,3929.0
554,2013-08,4144.0
554,2013-09,3789.0
554,2013-10,3982.0
554,2013-11,4206.0
554,2013-12,4518.0
554,2014-01,3884.0
554,2014-02,4117.0
554,2014-03,4058.0
554,2014-04,4633.0
554,2014-05,4671.0
554,2014-06,4808.0
554,2014-07,4712.0
554,2014-08,4964.0
554,2014-09,4714.0
554,2014-10,4843.0
554,2014-11,5075.0
554,2014-12,5506.0
554,2015-01,4693.0
554,2015-02,4790.0
554,2015-03,4816.0
554,2015-04,5313.0
554,2015-05,5337.0
554,2015-06,5473.0
554,2015-07,5627.0
555,2013-01,4737.0
555,2013-02,4931.0
555,2013-03,5908.0
555,2013-04,5163.0
555,2013-05,5870.0
555,2013-06,5334.0
555,2013-07,5631.0
555,2013-08,5510.0
555,2013-09,5194.0
555,2013-10,5166.0
555,2013-11,5731.0
555,2013-12,7276.0
555,2014-01,5279.0
555,2014-02,4569.0
555,2014-03,4397.0
555,2014-04,4942.0
555,2014-05,4974.0
555,2014-06,5022.0
555,2015-01,4826.0
555,2015-02,4467.0
555,2015-03,4734.0
555,2015-04,4960.0
555,2015-05,4872.0
555,2015-06,4861.0
555,2015-07,5041.0
556,2013-01,6032.0
556,2013-02,6283.0
556,2013-03,7047.0
556,2013-04,6618.0
556,2013-05,6968.0
556,2013-06,6380.0
556,2013-07,6415.0
556,2013-08,6508.0
556,2013-09,6086.0
556,2013-10,6403.0
556,2013-11,6796.0
556,2013-12,8469.0
556,2014-01,6786.0
556,2014-02,7116.0
556,2014-03,7319.0
556,2014-04,7791.0
556,2014-05,7486.0
556,2014-06,7846.0
556,2014-07,7433.0
556,2014-08,7292.0
556,2014-09,7678.0
556,2014-10,7832.0
556,2014-11,7579.0
556,2014-12,8478.0
556,2015-01,7388.0
556,2015-02,7153.0
556,2015-03,7699.0
556,2015-04,7865.0
556,2015-05,7454.0
556,2015-06,7389.0
556,2015-07,7186.0
557,2013-01,3901.0
557,2013-02,4281.0
557,2013-03,4701.0
557,2013-04,4405.0
557,2013-05,4453.0
557,2013-06,3983.0
557,2013-07,4350.0
557,2013-08,3942.0
557,2013-09,3794.0
557,2013-10,5155.0
557,2013-11,4863.0
557,2013-12,5821.0
557,2014-01,4064.0
557,2014-02,4178.0
557,2014-03,4192.0
557,2014-04,4610.0
557,2014-05,4386.0
557,2014-06,4570.0
557,2014-07,4152.0
557,2014-08,4099.0
557,2014-09,4187.0
557,2014-10,4153.0
557,2014-11,4812.0
557,2014-12,5344.0
557,2015-01,4202.0
557,2015-02,3865.0
557,2015-03,4306.0
557,2015-04,4475.0
557,2015-05,4424.0
557,2015-06,4449.0
557,2015-07,3970.0
558,2013-01,3036.0
558,2013-02,3203.0
558,2013-03,3422.0
558,2013-04,3337.0
558,2013-05,3561.0
558,2013-06,3269.0
558,2013-07,3224.0
558,2013-08,3317.0
558,2013-09,3076.0
558,2013-10,3168.0
558,2013-11,3245.0
558,2013-12,4048.0
558,2014-01,3086.0
558,2014-02,3280.0
558,2014-03,3167.0
558,2014-04,3582.0
558,2014-05,3333.0
558,2014-06,3402.0
558,2014-07,3208.0
558,2014-08,3040.0
558,2014-09,2888.0
558,2014-10,2926.0
558,2014-11,3129.0
558,2014-12,3450.0
558,2015-01,2889.0
558,2015-02,3023.0
558,2015-03,3150.0
558,2015-04,3257.0
558,2015-05,3240.0
558,2015-06,3269.0
558,2015-07,3376.0
559,2013-01,5390.0
559,2013-02,5656.0
559,2013-03,6113.0
559,2013-04,5784.0
559,2013-05,5791.0
559,2013-06,5143.0
559,2013-07,6147.0
559,2013-08,5539.0
559,2013-09,5487.0
559,2013-10,5707.0
559,2013-11,5721.0
559,2013-12,6938.0
559,2014-01,5749.0
559,2014-02,5626.0
559,2014-03,5773.0
559,2014-04,6361.0
559,2014-05,5829.0
559,2014-06,6016.0
559,2014-07,6121.0
559,2014-08,5396.0
559,2014-09,5735.0
559,2014-10,5987.0
559,2014-11,6123.0
559,2014-12,6563.0
559,2015-01,5952.0
559,2015-02,5390.0
559,2015-03,5854.0
559,2015-04,6506.0
559,2015-05,6008.0
559,2015-06,6076.0
559,2015-07,5980.0
560,2013-01,7066.0
560,2013-02,19563.0
560,2013-03,13883.0
560,2013-04,12353.0
560,2013-05,13026.0
560,2013-06,12996.0
560,2013-07,12366.0
560,2013-08,12024.0
560,2013-09,11841.0
560,2013-10,11658.0
560,2013-11,12824.0
560,2013-12,16755.0
560,2014-01,12286.0
560,2014-02,13221.0
560,2014-03,12470.0
560,2014-04,13844.0
560,2014-05,13648.0
560,2014-06,13681.0
560,2014-07,13395.0
560,2014-08,13238.0
560,2014-09,12769.0
560,2014-10,13004.0
560,2014-11,14296.0
560,2014-12,17568.0
560,2015-01,13619.0
560,2015-02,13238.0
560,2015-03,13897.0
560,2015-04,14764.0
560,2015-05,14877.0
560,2015-06,14475.0
560,2015-07,14780.0
561,2013-01,6537.0
561,2013-02,6663.0
561,2013-03,7392.0
561,2013-04,6848.0
561,2013-05,7425.0
561,2013-06,6598.0
561,2013-07,7383.0
561,2013-08,6480.0
561,2013-09,6342.0
561,2013-10,6578.0
561,2013-11,6697.0
561,2013-12,8832.0
561,2014-01,6517.0
561,2014-02,6613.0
561,2014-03,6392.0
561,2014-04,7149.0
561,2014-05,6660.0
561,2014-06,7358.0
561,2014-07,6743.0
561,2014-08,6495.0
561,2014-09,6500.0
561,2014-10,6546.0
561,2014-11,7098.0
561,2014-12,8355.0
561,2015-01,6658.0
561,2015-02,6541.0
561,2015-03,6673.0
561,2015-04,7274.0
561,2015-05,7087.0
561,2015-06,7179.0
561,2015-07,7012.0
562,2013-01,17028.0
562,2013-02,17431.0
562,2013-03,18473.0
562,2013-04,17628.0
562,2013-05,18218.0
562,2013-06,18065.0
562,2013-07,16583.0
562,2013-08,16705.0
562,2013-09,16842.0
562,2013-10,17813.0
562,2013-11,18966.0
562,2013-12,21122.0
562,2014-01,17520.0
562,2014-02,18515.0
562,2014-03,17802.0
562,2014-04,18156.0
562,2014-05,18205.0
562,2014-06,18195.0
562,2014-07,16987.0
562,2014-08,16336.0
562,2014-09,16840.0
562,2014-10,18179.0
562,2014-11,18925.0
562,2014-12,20615.0
562,2015-01,17631.0
562,2015-02,17955.0
562,2015-03,18177.0
562,2015-04,18606.0
562,2015-05,18362.0
562,2015-06,17656.0
562,2015-07,17526.0
563,2013-01,5130.0
563,2013-02,5480.0
563,2013-03,5952.0
563,2013-04,5505.0
563,2013-05,5987.0
563,2013-06,5365.0
563,2013-07,5703.0
563,2013-08,5295.0
563,2013-09,5007.0
563,2013-10,5168.0
563,2013-11,5610.0
563,2013-12,7282.0
563,2014-01,5188.0
563,2014-02,5384.0
563,2014-03,5886.0
563,2014-04,6018.0
563,2014-05,5620.0
563,2014-06,6113.0
563,2014-07,5492.0
563,2014-08,5406.0
563,2014-09,5386.0
563,2014-10,5369.0
563,2014-11,6104.0
563,2014-12,7167.0
563,2015-01,5339.0
563,2015-02,5014.0
563,2015-03,5179.0
563,2015-04,4972.0
563,2015-05,4956.0
563,2015-06,4878.0
563,2015-07,4233.0
564,2013-01,4536.0
564,2013-02,4668.0
564,2013-03,5325.0
564,2013-04,4904.0
564,2013-05,5503.0
564,2013-06,5083.0
564,2013-07,5506.0
564,2013-08,5383.0
564,2013-09,5276.0
564,2013-10,5109.0
564,2013-11,5241.0
564,2013-12,6474.0
564,2014-01,5046.0
564,2014-02,5181.0
564,2014-03,5253.0
564,2014-04,5679.0
564,2014-05,5486.0
564,2014-06,5943.0
564,2014-07,5305.0
564,2014-08,5486.0
564,2014-09,5309.0
564,2014-10,5259.0
564,2014-11,6022.0
564,2014-12,7109.0
564,2015-01,5721.0
564,2015-02,5488.0
564,2015-03,5817.0
564,2015-04,6012.0
564,2015-05,6139.0
564,2015-06,6431.0
564,2015-07,5882.0
565,2013-01,5949.0
565,2013-02,6212.0
565,2013-03,6878.0
565,2013-04,6016.0
565,2013-05,6630.0
565,2013-06,6105.0
565,2013-07,6563.0
565,2013-08,5912.0
565,2013-09,6132.0
565,2013-10,6082.0
565,2013-11,6493.0
565,2013-12,8259.0
565,2014-01,6336.0
565,2014-02,6470.0
565,2014-03,6384.0
565,2014-04,6751.0
565,2014-05,6576.0
565,2014-06,6938.0
565,2014-07,6473.0
565,2014-08,6251.0
565,2014-09,6630.0
565,2014-10,6396.0
565,2014-11,7397.0
565,2014-12,8188.0
565,2015-01,6880.0
565,2015-02,6547.0
565,2015-03,6874.0
565,2015-04,6891.0
565,2015-05,7225.0
565,2015-06,7162.0
565,2015-07,6449.0
566,2013-01,4112.0
566,2013-02,4289.0
566,2013-03,4608.0
566,2013-04,4399.0
566,2013-05,4509.0
566,2013-06,4239.0
566,2013-07,4172.0
566,2013-08,4413.0
566,2013-09,4208.0
566,2013-10,4180.0
566,2013-11,4488.0
566,2013-12,5562.0
566,2014-01,4385.0
566,2014-02,4731.0
566,2014-03,4650.0
566,2014-04,5051.0
566,2014-05,4937.0
566,2014-06,4951.0
566,2014-07,4784.0
566,2014-08,4651.0
566,2014-09,5017.0
566,2014-10,4898.0
566,2014-11,5656.0
566,2014-12,6331.0
566,2015-01,5240.0
566,2015-02,5229.0
566,2015-03,5572.0
566,2015-04,6130.0
566,2015-05,5832.0
566,2015-06,5700.0
566,2015-07,5356.0
567,2013-01,5029.0
567,2013-02,5118.0
567,2013-03,5498.0
567,2013-04,5199.0
567,2013-05,5434.0
567,2013-06,4946.0
567,2013-07,5427.0
567,2013-08,4683.0
567,2013-09,4766.0
567,2013-10,5040.0
567,2013-11,5067.0
567,2013-12,6047.0
567,2014-01,5178.0
567,2014-02,5346.0
567,2014-03,5082.0
567,2014-04,5654.0
567,2014-05,5502.0
567,2014-06,5680.0
567,2014-07,5308.0
567,2014-08,5040.0
567,2014-09,5331.0
567,2014-10,5382.0
567,2014-11,5458.0
567,2014-12,5584.0
567,2015-01,5251.0
567,2015-02,4925.0
567,2015-03,5003.0
567,2015-04,5375.0
567,2015-05,5090.0
567,2015-06,5235.0
567,2015-07,4975.0
568,2013-01,3724.0
568,2013-02,3832.0
568,2013-03,4637.0
568,2013-04,4069.0
568,2013-05,4512.0
568,2013-06,4209.0
568,2013-07,4251.0
568,2013-08,4519.0
568,2013-09,4240.0
568,2013-10,4301.0
568,2013-11,4748.0
568,2013-12,6009.0
568,2014-01,4461.0
568,2014-02,4766.0
568,2014-03,4741.0
568,2014-04,4977.0
568,2014-05,4992.0
568,2014-06,5236.0
568,2014-07,4917.0
568,2014-08,4741.0
568,2014-09,5072.0
568,2014-10,4875.0
568,2014-11,5467.0
568,2014-12,6417.0
568,2015-01,5092.0
568,2015-02,5111.0
568,2015-03,5398.0
568,2015-04,5589.0
568,2015-05,5655.0
568,2015-06,5492.0
568,2015-07,5361.0
569,2013-01,4395.0
569,2013-02,4317.0
569,2013-03,4589.0
569,2013-04,4715.0
569,2013-05,4808.0
569,2013-06,4625.0
569,2013-07,4416.0
569,2013-08,4531.0
569,2013-09,4375.0
569,2013-10,4426.0
569,2013-11,4258.0
569,2013-12,4766.0
569,2014-01,4321.0
569,2014-02,4342.0
569,2014-03,4377.0
569,2014-04,4589.0
569,2014-05,4617.0
569,2014-06,4779.0
569,2014-07,4420.0
569,2014-08,4130.0
569,2014-09,4382.0
569,2014-10,4622.0
569,2014-11,4691.0
569,2014-12,4854.0
569,2015-01,4419.0
569,2015-02,4353.0
569,2015-03,4530.0
569,2015-04,4713.0
569,2015-05,4709.0
569,2015-06,4663.0
569,2015-07,4477.0
570,2013-01,5297.0
570,2013-02,5278.0
570,2013-03,6015.0
570,2013-04,5677.0
570,2013-05,5272.0
570,2013-06,4343.0
570,2013-07,4769.0
570,2013-08,4256.0
570,2013-09,4014.0
570,2013-10,4084.0
570,2013-11,4200.0
570,2013-12,5529.0
570,2014-01,4588.0
570,2014-02,4502.0
570,2014-03,4384.0
570,2014-04,4682.0
570,2014-05,4432.0
570,2014-06,4554.0
570,2014-07,4184.0
570,2014-08,3950.0
570,2014-09,3961.0
570,2014-10,3972.0
570,2014-11,4444.0
570,2014-12,4971.0
570,2015-01,4105.0
570,2015-02,3923.0
570,2015-03,4199.0
570,2015-04,4519.0
570,2015-05,4522.0
570,2015-06,4359.0
570,2015-07,3892.0
571,2013-01,6587.0
571,2013-02,6822.0
571,2013-03,7649.0
571,2013-04,7116.0
571,2013-05,7802.0
571,2013-06,6979.0
571,2013-07,7224.0
571,2013-08,7030.0
571,2013-09,6692.0
571,2013-10,7197.0
571,2013-11,7916.0
571,2013-12,9043.0
571,2014-01,7368.0
571,2014-02,7410.0
571,2014-03,7536.0
571,2014-04,8036.0
571,2014-05,7981.0
571,2014-06,8039.0
571,2015-01,8294.0
571,2015-02,7690.0
571,2015-03,8634.0
571,2015-04,8603.0
571,2015-05,9169.0
571,2015-06,8770.0
571,2015-07,8242.0
572,2013-01,6177.0
572,2013-02,6659.0
572,2013-03,7330.0
572,2013-04,6477.0
572,2013-05,7144.0
572,2013-06,6530.0
572,2013-07,6909.0
572,2013-08,6408.0
572,2013-09,6278.0
572,2013-10,6479.0
572,2013-11,6878.0
572,2013-12,8564.0
572,2014-01,6660.0
572,2014-02,6856.0
572,2014-03,6750.0
572,2014-04,6948.0
572,2014-05,6736.0
572,2014-06,7435.0
572,2014-07,6551.0
572,2014-08,6827.0
572,2014-09,6613.0
572,2014-10,6343.0
572,2014-11,7087.0
572,2014-12,8066.0
572,2015-01,6778.0
572,2015-02,6915.0
572,2015-03,7013.0
572,2015-04,7176.0
572,2015-05,7067.0
572,2015-06,7598.0
572,2015-07,6640.0
573,2013-01,3677.0
573,2013-02,3740.0
573,2013-03,4144.0
573,2013-04,3881.0
573,2013-05,4078.0
573,2013-06,3742.0
573,2013-07,4125.0
573,2013-08,3831.0
573,2013-09,3959.0
573,2013-10,3966.0
573,2013-11,4324.0
573,2013-12,4835.0
573,2014-01,3793.0
573,2014-02,3901.0
573,2014-03,3838.0
573,2014-04,4162.0
573,2014-05,3987.0
573,2014-06,4205.0
573,2015-01,3873.0
573,2015-02,3580.0
573,2015-03,3916.0
573,2015-04,3991.0
573,2015-05,3873.0
573,2015-06,4154.0
573,2015-07,3854.0
574,2013-01,7939.0
574,2013-02,7864.0
574,2013-03,8876.0
574,2013-04,8305.0
574,2013-05,9077.0
574,2013-06,8185.0
574,2013-07,9246.0
574,2013-08,8645.0
574,2013-09,8325.0
574,2013-10,8217.0
574,2013-11,8981.0
574,2013-12,10852.0
574,2014-01,8503.0
574,2014-02,8553.0
574,2014-03,8403.0
574,2014-04,9296.0
574,2014-05,9176.0
574,2014-06,9533.0
574,2014-07,8946.0
574,2014-08,8120.0
574,2014-09,8157.0
574,2014-10,8530.0
574,2014-11,9503.0
574,2014-12,10589.0
574,2015-01,8867.0
574,2015-02,8405.0
574,2015-03,8880.0
574,2015-04,9431.0
574,2015-05,9601.0
574,2015-06,9556.0
574,2015-07,9568.0
575,2013-01,4717.0
575,2013-02,4875.0
575,2013-03,5746.0
575,2013-04,5094.0
575,2013-05,5333.0
575,2013-06,4689.0
575,2013-07,5413.0
575,2013-08,4855.0
575,2013-09,4816.0
575,2013-10,4826.0
575,2013-11,5166.0
575,2013-12,6735.0
575,2014-01,5182.0
575,2014-02,5227.0
575,2014-03,5685.0
575,2014-04,5530.0
575,2014-05,5354.0
575,2014-06,6231.0
575,2015-01,5684.0
575,2015-02,5166.0
575,2015-03,5956.0
575,2015-04,5692.0
575,2015-05,5367.0
575,2015-06,5997.0
575,2015-07,5035.0
576,2013-01,6055.0
576,2013-02,6559.0
576,2013-03,7478.0
576,2013-04,6739.0
576,2013-05,7161.0
576,2013-06,6583.0
576,2013-07,6618.0
576,2013-08,6884.0
576,2013-09,6171.0
576,2013-10,6060.0
576,2013-11,6615.0
576,2013-12,8591.0
576,2014-01,6219.0
576,2014-02,6803.0
576,2014-03,6496.0
576,2014-04,7165.0
576,2014-05,6928.0
576,2014-06,7136.0
576,2014-07,6730.0
576,2014-08,6602.0
576,2014-09,6599.0
576,2014-10,6500.0
576,2014-11,7039.0
576,2014-12,8212.0
576,2015-01,6704.0
576,2015-02,10120.0
576,2015-03,8568.0
576,2015-04,6997.0
576,2015-05,6933.0
576,2015-06,6868.0
576,2015-07,6727.0
577,2013-01,4378.0
577,2013-02,4656.0
577,2013-03,5326.0
577,2013-04,4801.0
577,2013-05,5158.0
577,2013-06,4819.0
577,2013-07,5105.0
577,2013-08,5357.0
577,2013-09,4673.0
577,2013-10,4603.0
577,2013-11,5228.0
577,2013-12,6397.0
577,2014-01,4728.0
577,2014-02,5039.0
577,2014-03,5099.0
577,2014-04,5567.0
577,2014-05,5262.0
577,2014-06,4854.0
577,2014-07,4369.0
577,2014-08,4717.0
577,2014-09,4485.0
577,2014-10,4499.0
577,2014-11,5130.0
577,2014-12,5819.0
577,2015-01,4638.0
577,2015-02,4705.0
577,2015-03,4728.0
577,2015-04,5062.0
577,2015-05,4776.0
577,2015-06,4694.0
577,2015-07,5046.0
578,2013-01,6560.0
578,2013-02,6188.0
578,2013-03,7325.0
578,2013-04,6977.0
578,2013-05,7970.0
578,2013-06,8304.0
578,2013-07,10212.0
578,2013-08,9277.0
578,2013-09,7584.0
578,2013-10,7042.0
578,2013-11,7701.0
578,2013-12,9129.0
578,2014-01,7357.0
578,2014-02,7263.0
578,2014-03,7040.0
578,2014-04,8129.0
578,2014-05,8074.0
578,2014-06,8575.0
578,2014-07,9795.0
578,2014-08,9638.0
578,2014-09,8112.0
578,2014-10,7502.0
578,2014-11,8276.0
578,2014-12,9116.0
578,2015-01,7627.0
578,2015-02,7244.0
578,2015-03,7549.0
578,2015-04,8356.0
578,2015-05,8483.0
578,2015-06,9167.0
578,2015-07,10900.0
579,2013-01,7652.0
579,2013-02,8007.0
579,2013-03,8986.0
579,2013-04,8164.0
579,2013-05,9037.0
579,2013-06,8159.0
579,2013-07,8832.0
579,2013-08,8117.0
579,2013-09,7832.0
579,2013-10,7636.0
579,2013-11,8173.0
579,2013-12,10029.0
579,2014-01,7875.0
579,2014-02,8121.0
579,2014-03,8042.0
579,2014-04,8747.0
579,2014-05,8803.0
579,2014-06,9332.0
579,2014-07,8520.0
579,2014-08,8198.0
579,2014-09,8273.0
579,2014-10,7944.0
579,2014-11,8581.0
579,2014-12,9450.0
579,2015-01,7750.0
579,2015-02,7204.0
579,2015-03,7662.0
579,2015-04,8054.0
579,2015-05,8230.0
579,2015-06,8247.0
579,2015-07,7770.0
580,2013-01,9697.0
580,2013-02,10694.0
580,2013-03,11856.0
580,2013-04,10133.0
580,2013-05,10662.0
580,2013-06,11089.0
580,2013-07,10742.0
580,2013-08,10875.0
580,2013-09,9363.0
580,2013-10,9229.0
580,2013-11,10636.0
580,2013-12,14364.0
580,2014-01,8597.0
580,2014-02,9406.0
580,2014-03,9178.0
580,2014-04,10209.0
580,2014-05,9600.0
580,2014-06,10396.0
580,2014-07,9907.0
580,2014-08,10134.0
580,2014-09,9335.0
580,2014-10,9586.0
580,2014-11,10862.0
580,2014-12,13933.0
580,2015-01,8214.0
580,2015-02,8707.0
580,2015-03,9232.0
580,2015-04,10159.0
580,2015-05,10142.0
580,2015-06,9827.0
580,2015-07,9779.0
581,2013-01,4953.0
581,2013-02,5092.0
581,2013-03,5678.0
581,2013-04,5443.0
581,2013-05,5548.0
581,2013-06,5043.0
581,2013-07,5655.0
581,2013-08,5116.0
581,2013-09,5105.0
581,2013-10,5056.0
581,2013-11,5551.0
581,2013-12,6399.0
581,2014-01,5183.0
581,2014-02,5225.0
581,2014-03,5005.0
581,2014-04,5667.0
581,2014-05,5233.0
581,2014-06,5722.0
581,2014-07,5388.0
581,2014-08,4689.0
581,2014-09,5044.0
581,2014-10,5129.0
581,2014-11,5839.0
581,2014-12,6143.0
581,2015-01,5292.0
581,2015-02,4872.0
581,2015-03,5374.0
581,2015-04,5593.0
581,2015-05,5141.0
581,2015-06,5189.0
581,2015-07,5157.0
582,2013-01,6575.0
582,2013-02,6555.0
582,2013-03,7599.0
582,2013-04,6784.0
582,2013-05,7088.0
582,2013-06,6462.0
582,2013-07,7169.0
582,2013-08,6677.0
582,2013-09,6454.0
582,2013-10,6547.0
582,2013-11,6979.0
582,2013-12,9696.0
582,2014-01,6595.0
582,2014-02,6714.0
582,2014-03,6782.0
582,2014-04,7414.0
582,2014-05,6927.0
582,2014-06,7215.0
582,2014-07,7038.0
582,2014-08,6546.0
582,2014-09,6615.0
582,2014-10,6699.0
582,2014-11,7624.0
582,2014-12,9210.0
582,2015-01,6589.0
582,2015-02,6569.0
582,2015-03,7117.0
582,2015-04,7397.0
582,2015-05,7143.0
582,2015-06,7157.0
582,2015-07,6108.0
583,2013-01,4196.0
583,2013-02,4127.0
583,2013-03,4408.0
583,2013-04,4023.0
583,2013-05,4353.0
583,2013-06,3971.0
583,2013-07,4407.0
583,2013-08,4043.0
583,2013-09,4092.0
583,2013-10,4088.0
583,2013-11,4253.0
583,2013-12,5450.0
583,2014-01,4157.0
583,2014-02,4128.0
583,2014-03,4088.0
583,2014-04,4570.0
583,2014-05,4388.0
583,2014-06,4431.0
583,2014-07,4216.0
583,2014-08,3956.0
583,2014-09,4059.0
583,2014-10,4233.0
583,2014-11,4612.0
583,2014-12,5210.0
583,2015-01,4421.0
583,2015-02,4082.0
583,2015-03,4252.0
583,2015-04,4528.0
583,2015-05,4450.0
583,2015-06,4317.0
583,2015-07,4283.0
584,2013-01,4031.0
584,2013-02,4264.0
584,2013-03,4777.0
584,2013-04,4304.0
584,2013-05,4843.0
584,2013-06,4284.0
584,2013-07,4565.0
584,2013-08,4441.0
584,2013-09,4232.0
584,2013-10,4124.0
584,2013-11,4719.0
584,2013-12,5926.0
584,2014-01,4283.0
584,2014-02,4643.0
584,2014-03,4460.0
584,2014-04,4886.0
584,2014-05,4766.0
584,2014-06,4781.0
584,2014-07,4546.0
584,2014-08,4487.0
584,2014-09,4435.0
584,2014-10,4442.0
584,2014-11,5356.0
584,2014-12,6098.0
584,2015-01,4818.0
584,2015-02,4746.0
584,2015-03,4955.0
584,2015-04,5226.0
584,2015-05,5375.0
584,2015-06,5199.0
584,2015-07,5016.0
585,2013-01,5879.0
585,2013-02,6249.0
585,2013-03,6904.0
585,2013-04,6159.0
585,2013-05,6380.0
585,2013-06,6090.0
585,2013-07,6163.0
585,2013-08,6814.0
585,2013-09,5790.0
585,2013-10,5656.0
585,2013-11,6207.0
585,2013-12,7663.0
585,2014-01,5897.0
585,2014-02,6372.0
585,2014-03,6289.0
585,2014-04,6677.0
585,2014-05,4472.0
585,2014-06,4762.0
585,2014-07,4711.0
585,2014-08,5501.0
585,2014-09,4822.0
585,2014-10,4568.0
585,2014-11,5225.0
585,2014-12,6070.0
585,2015-01,4882.0
585,2015-02,4716.0
585,2015-03,4841.0
585,2015-04,5381.0
585,2015-05,4975.0
585,2015-06,4852.0
585,2015-07,5128.0
586,2013-01,12402.0
586,2013-02,13563.0
586,2013-03,14424.0
586,2013-04,13594.0
586,2013-05,14427.0
586,2013-06,13139.0
586,2013-07,14509.0
586,2013-08,13721.0
586,2013-09,14147.0
586,2013-10,14622.0
586,2013-11,15696.0
586,2013-12,21067.0
586,2014-01,13694.0
586,2014-02,14297.0
586,2014-03,14590.0
586,2014-04,15654.0
586,2014-05,15071.0
586,2014-06,15416.0
586,2014-07,14453.0
586,2014-08,15562.0
586,2014-09,14524.0
586,2014-10,14955.0
586,2014-11,17359.0
586,2014-12,20972.0
586,2015-01,14372.0
586,2015-02,14993.0
586,2015-03,15119.0
586,2015-04,16212.0
586,2015-05,16131.0
586,2015-06,16145.0
586,2015-07,14987.0
587,2013-01,7695.0
587,2013-02,7671.0
587,2013-03,9499.0
587,2013-04,8195.0
587,2013-05,9431.0
587,2013-06,8551.0
587,2013-07,9277.0
587,2013-08,9317.0
587,2013-09,8964.0
587,2013-10,9066.0
587,2013-11,9787.0
587,2013-12,11301.0
587,2014-01,9219.0
587,2014-02,8790.0
587,2014-03,9210.0
587,2014-04,10060.0
587,2014-05,10017.0
587,2014-06,10748.0
587,2015-01,10761.0
587,2015-02,9784.0
587,2015-03,10225.0
587,2015-04,10786.0
587,2015-05,11466.0
587,2015-06,11324.0
587,2015-07,10733.0
588,2013-01,5498.0
588,2013-02,5566.0
588,2013-03,6388.0
588,2013-04,5587.0
588,2013-05,5812.0
588,2013-06,5549.0
588,2013-07,5917.0
588,2013-08,6204.0
588,2013-09,5545.0
588,2013-10,5448.0
588,2013-11,6356.0
588,2013-12,7876.0
588,2014-01,5632.0
588,2014-02,5791.0
588,2014-03,5682.0
588,2014-04,6324.0
588,2014-05,6020.0
588,2014-06,6256.0
588,2014-07,6051.0
588,2014-08,6386.0
588,2014-09,6120.0
588,2014-10,5916.0
588,2014-11,6728.0
588,2014-12,8183.0
588,2015-01,5971.0
588,2015-02,6018.0
588,2015-03,6273.0
588,2015-04,6521.0
588,2015-05,6393.0
588,2015-06,6442.0
588,2015-07,6472.0
589,2013-01,1441.0
589,2013-02,1507.0
589,2013-03,1517.0
589,2013-04,0.0
589,2013-05,5718.0
589,2013-06,3692.0
589,2013-07,4346.0
589,2013-08,4380.0
589,2013-09,3991.0
589,2013-10,4302.0
589,2013-11,4713.0
589,2013-12,6181.0
589,2014-01,4552.0
589,2014-02,4878.0
589,2014-03,4810.0
589,2014-04,5381.0
589,2014-05,4875.0
589,2014-06,5131.0
589,2014-07,5086.0
589,2014-08,4893.0
589,2014-09,5113.0
589,2014-10,4958.0
589,2014-11,5733.0
589,2014-12,6540.0
589,2015-01,5110.0
589,2015-02,5134.0
589,2015-03,5295.0
589,2015-04,5573.0
589,2015-05,5174.0
589,2015-06,5147.0
589,2015-07,5401.0
590,2013-01,4126.0
590,2013-02,4043.0
590,2013-03,4900.0
590,2013-04,4341.0
590,2013-05,4736.0
590,2013-06,4195.0
590,2013-07,4567.0
590,2013-08,4451.0
590,2013-09,4508.0
590,2013-10,4677.0
590,2013-11,5113.0
590,2013-12,6470.0
590,2014-01,5042.0
590,2014-02,4952.0
590,2014-03,5041.0
590,2014-04,5440.0
590,2014-05,5230.0
590,2014-06,5506.0
590,2014-07,5138.0
590,2014-08,4423.0
590,2014-09,4506.0
590,2014-10,4819.0
590,2014-11,5391.0
590,2014-12,6273.0
590,2015-01,5130.0
590,2015-02,4728.0
590,2015-03,5344.0
590,2015-04,5342.0
590,2015-05,5543.0
590,2015-06,5389.0
590,2015-07,5381.0
591,2013-01,5285.0
591,2013-02,5464.0
591,2013-03,6052.0
591,2013-04,5472.0
591,2013-05,6125.0
591,2013-06,5452.0
591,2013-07,6065.0
591,2013-08,5569.0
591,2013-09,5322.0
591,2013-10,5078.0
591,2013-11,5625.0
591,2013-12,6868.0
591,2014-01,5445.0
591,2014-02,5618.0
591,2014-03,5515.0
591,2014-04,5931.0
591,2014-05,5673.0
591,2014-06,5784.0
591,2014-07,5473.0
591,2014-08,5021.0
591,2014-09,5400.0
591,2014-10,5410.0
591,2014-11,6072.0
591,2014-12,6675.0
591,2015-01,5610.0
591,2015-02,5380.0
591,2015-03,5744.0
591,2015-04,6005.0
591,2015-05,5966.0
591,2015-06,5793.0
591,2015-07,6022.0
592,2013-01,4227.0
592,2013-02,4250.0
592,2013-03,4700.0
592,2013-04,4471.0
592,2013-05,4720.0
592,2013-06,4231.0
592,2013-07,4734.0
592,2013-08,4050.0
592,2013-09,4173.0
592,2013-10,4186.0
592,2013-11,4414.0
592,2013-12,5556.0
592,2014-01,4333.0
592,2014-02,4187.0
592,2014-03,4215.0
592,2014-04,4517.0
592,2014-05,4245.0
592,2014-06,4639.0
592,2014-07,4295.0
592,2014-08,4104.0
592,2014-09,4316.0
592,2014-10,4241.0
592,2014-11,4718.0
592,2014-12,5310.0
592,2015-01,4334.0
592,2015-02,4253.0
592,2015-03,4498.0
592,2015-04,4689.0
592,2015-05,4607.0
592,2015-06,4673.0
592,2015-07,4212.0
593,2013-01,8671.0
593,2013-02,8753.0
593,2013-03,9855.0
593,2013-04,9095.0
593,2013-05,9757.0
593,2013-06,8993.0
593,2013-07,9939.0
593,2013-08,10048.0
593,2013-09,8727.0
593,2013-10,8345.0
593,2013-11,9504.0
593,2013-12,12759.0
593,2014-01,8305.0
593,2014-02,8687.0
593,2014-03,8846.0
593,2014-04,9848.0
593,2014-05,9382.0
593,2014-06,9806.0
593,2014-07,9688.0
593,2014-08,9886.0
593,2014-09,9166.0
593,2014-10,8974.0
593,2014-11,9946.0
593,2014-12,12630.0
593,2015-01,8557.0
593,2015-02,8603.0
593,2015-03,8961.0
593,2015-04,9950.0
593,2015-05,9820.0
593,2015-06,9471.0
593,2015-07,9989.0
594,2013-01,3665.0
594,2013-02,3808.0
594,2013-03,3889.0
594,2013-04,4134.0
594,2013-05,4279.0
594,2013-06,3974.0
594,2013-07,4125.0
594,2013-08,4105.0
594,2013-09,3878.0
594,2013-10,4102.0
594,2013-11,3975.0
594,2013-12,4615.0
594,2014-01,3769.0
594,2014-02,4105.0
594,2014-03,4092.0
594,2014-04,4440.0
594,2014-05,4141.0
594,2014-06,4319.0
594,2014-07,4014.0
594,2014-08,4002.0
594,2014-09,4146.0
594,2014-10,4213.0
594,2014-11,4339.0
594,2014-12,4522.0
594,2015-01,4063.0
594,2015-02,4142.0
594,2015-03,4231.0
594,2015-04,4515.0
594,2015-05,4527.0
594,2015-06,4441.0
594,2015-07,4371.0
595,2013-01,14109.0
595,2013-02,14603.0
595,2013-03,16770.0
595,2013-04,14458.0
595,2013-05,15276.0
595,2013-06,14114.0
595,2013-07,14264.0
595,2013-08,14321.0
595,2013-09,13516.0
595,2013-10,13765.0
595,2013-11,15172.0
595,2013-12,19784.0
595,2014-01,13788.0
595,2014-02,14258.0
595,2014-03,14078.0
595,2014-04,15486.0
595,2014-05,14701.0
595,2014-06,14495.0
595,2014-07,14017.0
595,2014-08,14097.0
595,2014-09,13645.0
595,2014-10,13862.0
595,2014-11,15258.0
595,2014-12,19113.0
595,2015-01,15379.0
595,2015-02,15185.0
595,2015-03,16068.0
595,2015-04,16533.0
595,2015-05,16611.0
595,2015-06,15223.0
595,2015-07,14471.0
596,2013-01,3984.0
596,2013-02,4074.0
596,2013-03,4649.0
596,2013-04,4395.0
596,2013-05,4422.0
596,2013-06,3970.0
596,2013-07,4212.0
596,2013-08,4272.0
596,2013-09,4001.0
596,2013-10,4588.0
596,2013-11,4415.0
596,2013-12,5679.0
596,2014-01,3820.0
596,2014-02,4011.0
596,2014-03,4138.0
596,2014-04,4554.0
596,2014-05,4354.0
596,2014-06,4322.0
596,2014-07,4402.0
596,2014-08,4597.0
596,2014-09,4251.0
596,2014-10,4669.0
596,2014-11,4916.0
596,2014-12,5986.0
596,2015-01,4318.0
596,2015-02,4484.0
596,2015-03,4797.0
596,2015-04,4990.0
596,2015-05,4775.0
596,2015-06,4615.0
596,2015-07,5119.0
597,2013-01,4239.0
597,2013-02,4208.0
597,2013-03,4904.0
597,2013-04,4742.0
597,2013-05,5014.0
597,2013-06,4517.0
597,2013-07,5047.0
597,2013-08,4811.0
597,2013-09,4659.0
597,2013-10,4916.0
597,2013-11,5071.0
597,2013-12,6538.0
597,2014-01,4731.0
597,2014-02,4815.0
597,2014-03,4839.0
597,2014-04,5422.0
597,2014-05,5102.0
597,2014-06,5413.0
597,2014-07,5033.0
597,2014-08,5119.0
597,2014-09,5022.0
597,2014-10,5012.0
597,2014-11,5528.0
597,2014-12,6296.0
597,2015-01,4852.0
597,2015-02,4813.0
597,2015-03,5257.0
597,2015-04,5452.0
597,2015-05,5635.0
597,2015-06,5379.0
597,2015-07,5294.0
598,2013-01,5949.0
598,2013-02,6044.0
598,2013-03,6461.0
598,2013-04,6162.0
598,2013-05,6421.0
598,2013-06,5886.0
598,2013-07,6049.0
598,2013-08,5678.0
598,2013-09,5577.0
598,2013-10,5947.0
598,2013-11,6227.0
598,2013-12,6177.0
598,2014-01,5548.0
598,2014-02,5448.0
598,2014-03,5535.0
598,2014-04,5826.0
598,2014-05,5602.0
598,2014-06,5844.0
598,2015-01,5908.0
598,2015-02,5432.0
598,2015-03,5961.0
598,2015-04,6011.0
598,2015-05,5942.0
598,2015-06,6055.0
598,2015-07,5664.0
599,2013-01,8913.0
599,2013-02,9210.0
599,2013-03,10655.0
599,2013-04,10280.0
599,2013-05,10684.0
599,2013-06,9866.0
599,2013-07,9547.0
599,2013-08,9444.0
599,2013-09,8637.0
599,2013-10,8723.0
599,2013-11,9346.0
599,2013-12,11161.0
599,2014-01,8660.0
599,2014-02,9100.0
599,2014-03,9787.0
599,2014-04,10602.0
599,2014-05,9933.0
599,2014-06,10148.0
599,2014-07,9632.0
599,2014-08,9797.0
599,2014-09,9485.0
599,2014-10,9461.0
599,2014-11,9772.0
599,2014-12,11016.0
599,2015-01,9258.0
599,2015-02,9047.0
599,2015-03,10155.0
599,2015-04,10575.0
599,2015-05,10337.0
599,2015-06,10124.0
599,2015-07,9844.0
600,2013-01,5943.0
600,2013-02,5968.0
600,2013-03,7089.0
600,2013-04,6316.0
600,2013-05,6639.0
600,2013-06,6269.0
600,2013-07,7151.0
600,2013-08,6784.0
600,2013-09,5981.0
600,2013-10,6196.0
600,2013-11,6788.0
600,2013-12,8559.0
600,2014-01,6224.0
600,2014-02,6525.0
600,2014-03,6578.0
600,2014-04,7362.0
600,2014-05,6895.0
600,2014-06,7063.0
600,2014-07,6943.0
600,2014-08,7573.0
600,2014-09,6660.0
600,2014-10,6878.0
600,2014-11,7751.0
600,2014-12,9249.0
600,2015-01,7258.0
600,2015-02,6747.0
600,2015-03,7212.0
600,2015-04,7817.0
600,2015-05,7571.0
600,2015-06,7326.0
600,2015-07,7699.0
601,2013-01,4288.0
601,2013-02,4602.0
601,2013-03,5119.0
601,2013-04,4527.0
601,2013-05,5113.0
601,2013-06,4698.0
601,2013-07,4705.0
601,2013-08,4459.0
601,2013-09,4513.0
601,2013-10,4346.0
601,2013-11,4705.0
601,2013-12,6458.0
601,2014-01,4474.0
601,2014-02,4665.0
601,2014-03,4862.0
601,2014-04,5047.0
601,2014-05,4925.0
601,2014-06,5317.0
601,2014-07,4615.0
601,2014-08,4572.0
601,2014-09,4831.0
601,2014-10,4690.0
601,2014-11,5019.0
601,2014-12,6145.0
601,2015-01,4699.0
601,2015-02,4634.0
601,2015-03,5181.0
601,2015-04,5024.0
601,2015-05,5161.0
601,2015-06,5167.0
601,2015-07,4864.0
602,2013-01,5494.0
602,2013-02,5952.0
602,2013-03,6355.0
602,2013-04,5853.0
602,2013-05,6516.0
602,2013-06,5814.0
602,2013-07,6124.0
602,2013-08,5723.0
602,2013-09,5664.0
602,2013-10,5676.0
602,2013-11,6244.0
602,2013-12,7634.0
602,2014-01,5917.0
602,2014-02,6329.0
602,2014-03,6167.0
602,2014-04,6485.0
602,2014-05,6414.0
602,2014-06,6643.0
602,2014-07,6335.0
602,2014-08,5913.0
602,2014-09,6136.0
602,2014-10,6291.0
602,2014-11,7024.0
602,2014-12,7296.0
602,2015-01,6309.0
602,2015-02,6099.0
602,2015-03,6660.0
602,2015-04,6673.0
602,2015-05,6787.0
602,2015-06,6568.0
602,2015-07,6482.0
603,2013-01,6024.0
603,2013-02,6179.0
603,2013-03,7117.0
603,2013-04,6399.0
603,2013-05,6612.0
603,2013-06,5966.0
603,2013-07,6172.0
603,2013-08,6461.0
603,2013-09,6020.0
603,2013-10,5885.0
603,2013-11,6636.0
603,2013-12,8491.0
603,2014-01,6502.0
603,2014-02,6799.0
603,2014-03,6762.0
603,2014-04,7069.0
603,2014-05,6888.0
603,2014-06,7023.0
603,2014-07,6774.0
603,2014-08,6262.0
603,2014-09,6662.0
603,2014-10,6715.0
603,2014-11,8001.0
603,2014-12,8752.0
603,2015-01,7260.0
603,2015-02,7189.0
603,2015-03,8197.0
603,2015-04,7741.0
603,2015-05,7588.0
603,2015-06,7859.0
603,2015-07,7019.0
604,2013-01,7617.0
604,2013-02,7780.0
604,2013-03,8220.0
604,2013-04,7630.0
604,2013-05,8725.0
604,2013-06,7859.0
604,2013-07,8435.0
604,2013-08,8042.0
604,2013-09,7735.0
604,2013-10,7716.0
604,2013-11,8367.0
604,2013-12,10910.0
604,2014-01,8474.0
604,2014-02,8263.0
604,2014-03,7506.0
604,2014-04,8121.0
604,2014-05,8024.0
604,2014-06,8287.0
604,2015-01,7774.0
604,2015-02,7111.0
604,2015-03,7156.0
604,2015-04,7585.0
604,2015-05,7536.0
604,2015-06,7270.0
604,2015-07,7184.0
605,2013-01,5971.0
605,2013-02,6034.0
605,2013-03,6784.0
605,2013-04,6183.0
605,2013-05,6848.0
605,2013-06,6395.0
605,2013-07,6784.0
605,2013-08,6276.0
605,2013-09,6121.0
605,2013-10,6132.0
605,2013-11,7143.0
605,2013-12,9011.0
605,2014-01,6725.0
605,2014-02,6752.0
605,2014-03,6911.0
605,2014-04,7125.0
605,2014-05,7238.0
605,2014-06,7742.0
605,2014-07,7129.0
605,2014-08,6712.0
605,2014-09,6700.0
605,2014-10,6764.0
605,2014-11,7846.0
605,2014-12,9075.0
605,2015-01,7385.0
605,2015-02,6651.0
605,2015-03,7361.0
605,2015-04,7515.0
605,2015-05,7584.0
605,2015-06,7732.0
605,2015-07,7529.0
606,2013-01,5782.0
606,2013-02,5936.0
606,2013-03,6511.0
606,2013-04,6003.0
606,2013-05,6195.0
606,2013-06,5490.0
606,2013-07,5426.0
606,2013-08,5571.0
606,2013-09,5348.0
606,2013-10,5478.0
606,2013-11,5760.0
606,2013-12,7205.0
606,2014-01,5466.0
606,2014-02,5704.0
606,2014-03,5743.0
606,2014-04,6108.0
606,2014-05,5663.0
606,2014-06,5974.0
606,2014-07,5313.0
606,2014-08,5277.0
606,2014-09,5580.0
606,2014-10,5578.0
606,2014-11,6129.0
606,2014-12,6964.0
606,2015-01,5653.0
606,2015-02,5638.0
606,2015-03,6024.0
606,2015-04,6060.0
606,2015-05,6175.0
606,2015-06,5849.0
606,2015-07,5710.0
607,2013-01,3634.0
607,2013-02,3720.0
607,2013-03,4273.0
607,2013-04,3846.0
607,2013-05,3967.0
607,2013-06,3330.0
607,2013-07,4029.0
607,2013-08,3751.0
607,2013-09,3694.0
607,2013-10,4016.0
607,2013-11,3567.0
607,2013-12,5192.0
607,2014-01,3663.0
607,2014-02,3687.0
607,2014-03,3730.0
607,2014-04,4111.0
607,2014-05,3749.0
607,2014-06,4170.0
607,2014-07,4061.0
607,2014-08,3741.0
607,2014-09,3895.0
607,2014-10,3859.0
607,2014-11,4247.0
607,2014-12,4965.0
607,2015-01,3666.0
607,2015-02,3333.0
607,2015-03,3904.0
607,2015-04,3897.0
607,2015-05,3720.0
607,2015-06,3961.0
607,2015-07,3663.0
608,2013-01,8105.0
608,2013-02,8105.0
608,2013-03,9625.0
608,2013-04,8437.0
608,2013-05,8844.0
608,2013-06,8335.0
608,2013-07,9138.0
608,2013-08,8471.0
608,2013-09,8612.0
608,2013-10,8927.0
608,2013-11,9184.0
608,2013-12,11602.0
608,2014-01,8907.0
608,2014-02,8520.0
608,2014-03,9045.0
608,2014-04,9425.0
608,2014-05,9089.0
608,2014-06,9973.0
608,2014-07,9178.0
608,2014-08,8371.0
608,2014-09,9606.0
608,2014-10,9554.0
608,2014-11,10427.0
608,2014-12,12040.0
608,2015-01,9957.0
608,2015-02,8764.0
608,2015-03,10066.0
608,2015-04,10124.0
608,2015-05,9369.0
608,2015-06,10182.0
608,2015-07,9312.0
609,2013-01,4377.0
609,2013-02,4446.0
609,2013-03,4882.0
609,2013-04,4590.0
609,2013-05,4950.0
609,2013-06,4300.0
609,2013-07,4419.0
609,2013-08,4332.0
609,2013-09,4280.0
609,2013-10,4357.0
609,2013-11,4635.0
609,2013-12,5136.0
609,2014-01,4267.0
609,2014-02,4386.0
609,2014-03,4421.0
609,2014-04,4747.0
609,2014-05,4599.0
609,2014-06,4914.0
609,2014-07,4489.0
609,2014-08,4251.0
609,2014-09,4539.0
609,2014-10,4625.0
609,2014-11,4745.0
609,2014-12,5392.0
609,2015-01,4435.0
609,2015-02,4783.0
609,2015-03,5035.0
609,2015-04,4971.0
609,2015-05,4901.0
609,2015-06,4914.0
609,2015-07,4816.0
610,2013-01,3846.0
610,2013-02,3958.0
610,2013-03,4383.0
610,2013-04,4171.0
610,2013-05,4402.0
610,2013-06,3840.0
610,2013-07,4271.0
610,2013-08,3904.0
610,2013-09,3823.0
610,2013-10,4135.0
610,2013-11,4141.0
610,2013-12,5218.0
610,2014-01,3904.0
610,2014-02,4017.0
610,2014-03,4006.0
610,2014-04,4447.0
610,2014-05,4149.0
610,2014-06,4568.0
610,2014-07,3998.0
610,2014-08,3826.0
610,2014-09,4053.0
610,2014-10,3931.0
610,2014-11,4535.0
610,2014-12,4925.0
610,2015-01,4044.0
610,2015-02,4115.0
610,2015-03,4323.0
610,2015-04,4518.0
610,2015-05,4451.0
610,2015-06,4498.0
610,2015-07,3969.0
611,2013-01,5389.0
611,2013-02,5410.0
611,2013-03,5991.0
611,2013-04,5707.0
611,2013-05,6168.0
611,2013-06,5666.0
611,2013-07,6032.0
611,2013-08,5528.0
611,2013-09,5544.0
611,2013-10,5674.0
611,2013-11,5900.0
611,2013-12,6584.0
611,2014-01,5644.0
611,2014-02,5446.0
611,2014-03,5421.0
611,2014-04,5880.0
611,2014-05,5759.0
611,2014-06,5519.0
611,2015-01,5859.0
611,2015-02,5438.0
611,2015-03,5909.0
611,2015-04,6024.0
611,2015-05,6213.0
611,2015-06,6160.0
611,2015-07,5993.0
612,2013-01,6169.0
612,2013-02,6230.0
612,2013-03,7644.0
612,2013-04,6385.0
612,2013-05,7160.0
612,2013-06,6653.0
612,2013-07,6746.0
612,2013-08,6586.0
612,2013-09,6593.0
612,2013-10,6342.0
612,2013-11,6937.0
612,2013-12,8834.0
612,2014-01,6595.0
612,2014-02,6462.0
612,2014-03,6750.0
612,2014-04,6931.0
612,2014-05,6764.0
612,2014-06,7431.0
612,2015-01,6867.0
612,2015-02,6367.0
612,2015-03,7029.0
612,2015-04,7033.0
612,2015-05,6865.0
612,2015-06,6935.0
612,2015-07,6316.0
613,2013-01,6567.0
613,2013-02,6687.0
613,2013-03,7625.0
613,2013-04,6211.0
613,2013-05,6691.0
613,2013-06,5990.0
613,2013-07,6245.0
613,2013-08,6002.0
613,2013-09,6133.0
613,2013-10,6491.0
613,2013-11,7130.0
613,2013-12,9828.0
613,2014-01,6432.0
613,2014-02,6446.0
613,2014-03,6518.0
613,2014-04,7025.0
613,2014-05,6606.0
613,2014-06,6675.0
613,2014-07,6180.0
613,2014-08,6117.0
613,2014-09,6183.0
613,2014-10,6460.0
613,2014-11,7389.0
613,2014-12,9613.0
613,2015-01,6616.0
613,2015-02,6432.0
613,2015-03,6853.0
613,2015-04,6782.0
613,2015-05,6657.0
613,2015-06,6337.0
613,2015-07,6027.0
614,2013-01,5398.0
614,2013-02,5384.0
614,2013-03,6564.0
614,2013-04,6346.0
614,2013-05,6820.0
614,2013-06,6199.0
614,2013-07,6924.0
614,2013-08,6461.0
614,2013-09,5931.0
614,2013-10,6336.0
614,2013-11,6599.0
614,2013-12,9221.0
614,2014-01,5533.0
614,2014-02,5971.0
614,2014-03,6323.0
614,2014-04,7291.0
614,2014-05,6758.0
614,2014-06,6861.0
614,2014-07,6576.0
614,2014-08,6521.0
614,2014-09,6444.0
614,2014-10,6563.0
614,2014-11,7512.0
614,2014-12,9027.0
614,2015-01,5694.0
614,2015-02,5816.0
614,2015-03,6420.0
614,2015-04,6850.0
614,2015-05,6941.0
614,2015-06,6588.0
614,2015-07,6689.0
615,2013-01,9190.0
615,2013-02,9763.0
615,2013-03,10703.0
615,2013-04,9499.0
615,2013-05,10565.0
615,2013-06,9618.0
615,2013-07,10099.0
615,2013-08,8784.0
615,2013-09,8829.0
615,2013-10,9124.0
615,2013-11,10038.0
615,2013-12,12661.0
615,2014-01,9117.0
615,2014-02,9305.0
615,2014-03,8756.0
615,2014-04,9929.0
615,2014-05,9779.0
615,2014-06,10473.0
615,2014-07,9696.0
615,2014-08,8801.0
615,2014-09,8778.0
615,2014-10,9273.0
615,2014-11,10573.0
615,2014-12,12209.0
615,2015-01,9394.0
615,2015-02,8922.0
615,2015-03,9365.0
615,2015-04,9728.0
615,2015-05,9648.0
615,2015-06,9660.0
615,2015-07,9298.0
616,2013-01,7728.0
616,2013-02,8156.0
616,2013-03,8996.0
616,2013-04,8209.0
616,2013-05,9222.0
616,2013-06,8090.0
616,2013-07,8950.0
616,2013-08,8033.0
616,2013-09,8034.0
616,2013-10,8071.0
616,2013-11,9053.0
616,2013-12,10323.0
616,2014-01,7947.0
616,2014-02,8518.0
616,2014-03,8220.0
616,2014-04,8922.0
616,2014-05,8530.0
616,2014-06,8908.0
616,2014-07,8124.0
616,2014-08,7714.0
616,2014-09,7722.0
616,2014-10,7624.0
616,2014-11,9090.0
616,2014-12,10126.0
616,2015-01,8372.0
616,2015-02,8300.0
616,2015-03,8432.0
616,2015-04,8722.0
616,2015-05,8738.0
616,2015-06,8664.0
616,2015-07,8039.0
617,2013-01,5687.0
617,2013-02,5543.0
617,2013-03,6771.0
617,2013-04,5822.0
617,2013-05,6275.0
617,2013-06,5689.0
617,2013-07,6203.0
617,2013-08,5837.0
617,2013-09,5889.0
617,2013-10,5900.0
617,2013-11,6457.0
617,2013-12,8286.0
617,2014-01,5909.0
617,2014-02,5959.0
617,2014-03,6077.0
617,2014-04,6598.0
617,2014-05,6204.0
617,2014-06,6574.0
617,2014-07,6233.0
617,2014-08,5852.0
617,2014-09,6251.0
617,2014-10,6239.0
617,2014-11,6958.0
617,2014-12,8263.0
617,2015-01,6381.0
617,2015-02,6044.0
617,2015-03,6770.0
617,2015-04,6767.0
617,2015-05,6548.0
617,2015-06,6743.0
617,2015-07,6587.0
618,2013-01,5896.0
618,2013-02,5674.0
618,2013-03,6884.0
618,2013-04,6008.0
618,2013-05,6657.0
618,2013-06,6212.0
618,2013-07,6632.0
618,2013-08,6277.0
618,2013-09,5866.0
618,2013-10,6115.0
618,2013-11,6736.0
618,2013-12,8292.0
618,2014-01,6061.0
618,2014-02,6437.0
618,2014-03,6727.0
618,2014-04,7294.0
618,2014-05,6957.0
618,2014-06,7247.0
618,2014-07,6744.0
618,2014-08,6488.0
618,2014-09,6701.0
618,2014-10,6671.0
618,2014-11,7343.0
618,2014-12,8538.0
618,2015-01,6909.0
618,2015-02,6835.0
618,2015-03,7181.0
618,2015-04,7627.0
618,2015-05,7700.0
618,2015-06,7603.0
618,2015-07,7684.0
619,2013-01,3982.0
619,2013-02,3848.0
619,2013-03,4272.0
619,2013-04,4170.0
619,2013-05,4398.0
619,2013-06,3882.0
619,2013-07,4584.0
619,2013-08,4165.0
619,2013-09,3940.0
619,2013-10,4350.0
619,2013-11,4293.0
619,2013-12,5250.0
619,2014-01,4396.0
619,2014-02,4188.0
619,2014-03,4046.0
619,2014-04,4557.0
619,2014-05,4197.0
619,2014-06,4409.0
619,2015-01,4446.0
619,2015-02,4043.0
619,2015-03,4305.0
619,2015-04,4593.0
619,2015-05,4427.0
619,2015-06,4359.0
619,2015-07,4528.0
620,2013-01,6663.0
620,2013-02,6845.0
620,2013-03,7308.0
620,2013-04,6898.0
620,2013-05,7697.0
620,2013-06,7242.0
620,2013-07,7599.0
620,2013-08,7263.0
620,2013-09,7193.0
620,2013-10,7310.0
620,2013-11,7654.0
620,2013-12,9035.0
620,2014-01,7165.0
620,2014-02,7376.0
620,2014-03,7429.0
620,2014-04,7886.0
620,2014-05,7988.0
620,2014-06,8231.0
620,2015-01,8186.0
620,2015-02,7695.0
620,2015-03,8499.0
620,2015-04,8707.0
620,2015-05,8957.0
620,2015-06,8792.0
620,2015-07,8880.0
621,2013-01,5402.0
621,2013-02,5533.0
621,2013-03,6108.0
621,2013-04,5748.0
621,2013-05,6196.0
621,2013-06,5653.0
621,2013-07,6154.0
621,2013-08,5432.0
621,2013-09,5366.0
621,2013-10,5282.0
621,2013-11,5587.0
621,2013-12,6850.0
621,2014-01,5608.0
621,2014-02,5843.0
621,2014-03,5572.0
621,2014-04,6163.0
621,2014-05,5977.0
621,2014-06,6130.0
621,2014-07,5790.0
621,2014-08,5611.0
621,2014-09,5644.0
621,2014-10,5690.0
621,2014-11,6585.0
621,2014-12,6961.0
621,2015-01,5985.0
621,2015-02,5764.0
621,2015-03,6254.0
621,2015-04,6300.0
621,2015-05,6340.0
621,2015-06,6230.0
621,2015-07,5902.0
622,2013-01,3802.0
622,2013-02,3887.0
622,2013-03,4315.0
622,2013-04,4006.0
622,2013-05,4221.0
622,2013-06,3895.0
622,2013-07,4406.0
622,2013-08,4564.0
622,2013-09,3854.0
622,2013-10,3852.0
622,2013-11,4423.0
622,2013-12,5687.0
622,2014-01,4056.0
622,2014-02,4092.0
622,2014-03,3916.0
622,2014-04,4486.0
622,2014-05,4254.0
622,2014-06,4363.0
622,2014-07,4268.0
622,2014-08,4410.0
622,2014-09,4236.0
622,2014-10,4114.0
622,2014-11,4561.0
622,2014-12,5630.0
622,2015-01,4218.0
622,2015-02,4096.0
622,2015-03,4319.0
622,2015-04,4578.0
622,2015-05,4428.0
622,2015-06,4396.0
622,2015-07,4595.0
623,2013-01,6332.0
623,2013-02,6259.0
623,2013-03,7729.0
623,2013-04,7039.0
623,2013-05,7719.0
623,2013-06,7084.0
623,2013-07,7429.0
623,2013-08,7224.0
623,2013-09,7448.0
623,2013-10,8202.0
623,2013-11,6663.0
623,2013-12,8242.0
623,2014-01,7858.0
623,2014-02,6847.0
623,2014-03,6867.0
623,2014-04,7251.0
623,2014-05,6914.0
623,2014-06,7431.0
623,2014-07,6518.0
623,2014-08,6396.0
623,2014-09,6879.0
623,2014-10,6623.0
623,2014-11,7431.0
623,2014-12,8017.0
623,2015-01,6801.0
623,2015-02,6425.0
623,2015-03,7303.0
623,2015-04,7286.0
623,2015-05,7268.0
623,2015-06,7603.0
623,2015-07,6376.0
624,2013-01,6467.0
624,2013-02,6687.0
624,2013-03,7546.0
624,2013-04,6708.0
624,2013-05,7497.0
624,2013-06,6586.0
624,2013-07,7231.0
624,2013-08,6451.0
624,2013-09,6457.0
624,2013-10,6626.0
624,2013-11,7266.0
624,2013-12,9154.0
624,2014-01,6538.0
624,2014-02,6711.0
624,2014-03,6421.0
624,2014-04,7347.0
624,2014-05,6673.0
624,2014-06,7315.0
624,2014-07,6720.0
624,2014-08,6617.0
624,2014-09,6528.0
624,2014-10,6699.0
624,2014-11,7720.0
624,2014-12,8889.0
624,2015-01,6946.0
624,2015-02,6742.0
624,2015-03,7119.0
624,2015-04,7233.0
624,2015-05,7079.0
624,2015-06,7272.0
624,2015-07,6716.0
625,2013-01,5794.0
625,2013-02,6063.0
625,2013-03,6551.0
625,2013-04,6046.0
625,2013-05,6731.0
625,2013-06,5838.0
625,2013-07,6451.0
625,2013-08,5574.0
625,2013-09,5829.0
625,2013-10,5796.0
625,2013-11,6303.0
625,2013-12,7341.0
625,2014-01,5939.0
625,2014-02,6134.0
625,2014-03,6124.0
625,2014-04,6288.0
625,2014-05,6262.0
625,2014-06,6728.0
625,2014-07,6195.0
625,2014-08,5901.0
625,2014-09,6209.0
625,2014-10,6001.0
625,2014-11,7080.0
625,2014-12,7202.0
625,2015-01,6253.0
625,2015-02,6082.0
625,2015-03,6460.0
625,2015-04,6627.0
625,2015-05,6640.0
625,2015-06,7150.0
625,2015-07,6036.0
626,2013-01,8707.0
626,2013-02,8781.0
626,2013-03,10302.0
626,2013-04,8641.0
626,2013-05,9547.0
626,2013-06,8493.0
626,2013-07,10021.0
626,2013-08,9302.0
626,2013-09,8828.0
626,2013-10,9131.0
626,2013-11,9369.0
626,2013-12,12354.0
626,2014-01,8604.0
626,2014-02,8809.0
626,2014-03,8478.0
626,2014-04,9534.0
626,2014-05,9192.0
626,2014-06,9381.0
626,2014-07,9203.0
626,2014-08,9045.0
626,2014-09,8666.0
626,2014-10,9008.0
626,2014-11,10276.0
626,2014-12,12284.0
626,2015-01,9355.0
626,2015-02,8555.0
626,2015-03,9244.0
626,2015-04,9601.0
626,2015-05,9357.0
626,2015-06,9374.0
626,2015-07,9607.0
627,2013-01,4816.0
627,2013-02,5014.0
627,2013-03,5663.0
627,2013-04,5257.0
627,2013-05,5783.0
627,2013-06,5309.0
627,2013-07,5624.0
627,2013-08,5509.0
627,2013-09,5152.0
627,2013-10,5028.0
627,2013-11,5269.0
627,2013-12,6991.0
627,2014-01,5399.0
627,2014-02,6270.0
627,2014-03,6425.0
627,2014-04,6122.0
627,2014-05,5935.0
627,2014-06,6257.0
627,2014-07,6195.0
627,2014-08,5803.0
627,2014-09,5780.0
627,2014-10,5799.0
627,2014-11,6495.0
627,2014-12,7320.0
627,2015-01,6283.0
627,2015-02,6056.0
627,2015-03,6565.0
627,2015-04,6937.0
627,2015-05,7036.0
627,2015-06,6848.0
627,2015-07,7013.0
628,2013-01,5561.0
628,2013-02,6056.0
628,2013-03,6551.0
628,2013-04,6032.0
628,2013-05,6375.0
628,2013-06,5952.0
628,2013-07,6020.0
628,2013-08,6158.0
628,2013-09,5782.0
628,2013-10,5974.0
628,2013-11,6097.0
628,2013-12,7707.0
628,2014-01,5927.0
628,2014-02,6152.0
628,2014-03,6082.0
628,2014-04,6575.0
628,2014-05,6291.0
628,2014-06,6262.0
628,2014-07,6071.0
628,2014-08,5768.0
628,2014-09,5949.0
628,2014-10,6097.0
628,2014-11,6455.0
628,2014-12,7300.0
628,2015-01,5974.0
628,2015-02,6014.0
628,2015-03,6212.0
628,2015-04,6827.0
628,2015-05,6593.0
628,2015-06,6402.0
628,2015-07,6196.0
629,2013-01,7577.0
629,2013-02,7412.0
629,2013-03,8179.0
629,2013-04,7825.0
629,2013-05,8598.0
629,2013-06,7935.0
629,2013-07,8402.0
629,2013-08,8477.0
629,2013-09,7768.0
629,2013-10,8183.0
629,2013-11,8400.0
629,2013-12,10385.0
629,2014-01,7941.0
629,2014-02,7573.0
629,2014-03,7429.0
629,2014-04,8287.0
629,2014-05,8589.0
629,2014-06,8899.0
629,2015-01,6308.0
629,2015-02,5653.0
629,2015-03,5881.0
629,2015-04,6225.0
629,2015-05,6487.0
629,2015-06,6843.0
629,2015-07,6214.0
630,2013-01,6336.0
630,2013-02,6470.0
630,2013-03,7276.0
630,2013-04,6450.0
630,2013-05,6972.0
630,2013-06,6172.0
630,2013-07,7147.0
630,2013-08,6271.0
630,2013-09,6166.0
630,2013-10,6551.0
630,2013-11,6899.0
630,2013-12,9978.0
630,2014-01,6732.0
630,2014-02,6960.0
630,2014-03,6715.0
630,2014-04,7415.0
630,2014-05,6783.0
630,2014-06,7276.0
630,2014-07,6980.0
630,2014-08,6543.0
630,2014-09,6926.0
630,2014-10,6986.0
630,2014-11,7801.0
630,2014-12,9363.0
630,2015-01,6862.0
630,2015-02,6684.0
630,2015-03,7154.0
630,2015-04,7319.0
630,2015-05,5885.0
630,2015-06,6181.0
630,2015-07,5994.0
631,2013-01,4548.0
631,2013-02,4859.0
631,2013-03,5445.0
631,2013-04,4898.0
631,2013-05,5260.0
631,2013-06,4876.0
631,2013-07,4805.0
631,2013-08,5405.0
631,2013-09,4793.0
631,2013-10,4662.0
631,2013-11,5397.0
631,2013-12,6358.0
631,2014-01,4982.0
631,2014-02,5121.0
631,2014-03,5153.0
631,2014-04,5460.0
631,2014-05,5325.0
631,2014-06,5464.0
631,2014-07,5308.0
631,2014-08,5524.0
631,2014-09,5355.0
631,2014-10,5435.0
631,2014-11,6074.0
631,2014-12,6807.0
631,2015-01,5518.0
631,2015-02,5524.0
631,2015-03,5705.0
631,2015-04,6059.0
631,2015-05,6000.0
631,2015-06,5834.0
631,2015-07,5626.0
632,2013-01,6130.0
632,2013-02,6449.0
632,2013-03,7094.0
632,2013-04,6604.0
632,2013-05,7002.0
632,2013-06,6634.0
632,2013-07,6658.0
632,2013-08,6678.0
632,2013-09,6471.0
632,2013-10,6411.0
632,2013-11,6973.0
632,2013-12,8324.0
632,2014-01,6472.0
632,2014-02,6685.0
632,2014-03,6767.0
632,2014-04,7448.0
632,2014-05,7204.0
632,2014-06,7349.0
632,2014-07,6900.0
632,2014-08,6490.0
632,2014-09,6492.0
632,2014-10,6364.0
632,2014-11,6947.0
632,2014-12,8284.0
632,2015-01,7057.0
632,2015-02,7106.0
632,2015-03,7426.0
632,2015-04,8294.0
632,2015-05,8161.0
632,2015-06,7725.0
632,2015-07,7622.0
633,2013-01,6387.0
633,2013-02,6325.0
633,2013-03,7429.0
633,2013-04,6913.0
633,2013-05,7626.0
633,2013-06,7054.0
633,2013-07,7173.0
633,2013-08,7001.0
633,2013-09,6468.0
633,2013-10,6897.0
633,2013-11,7285.0
633,2013-12,8704.0
633,2014-01,6976.0
633,2014-02,6825.0
633,2014-03,7150.0
633,2014-04,7538.0
633,2014-05,7539.0
633,2014-06,7598.0
633,2015-01,7372.0
633,2015-02,6862.0
633,2015-03,7175.0
633,2015-04,7642.0
633,2015-05,7864.0
633,2015-06,7572.0
633,2015-07,7022.0
634,2013-01,5833.0
634,2013-02,5705.0
634,2013-03,6667.0
634,2013-04,5919.0
634,2013-05,6412.0
634,2013-06,5698.0
634,2013-07,6718.0
634,2013-08,6362.0
634,2013-09,6067.0
634,2013-10,6404.0
634,2013-11,6748.0
634,2013-12,9090.0
634,2014-01,6069.0
634,2014-02,6275.0
634,2014-03,6200.0
634,2014-04,7003.0
634,2014-05,6583.0
634,2014-06,7075.0
634,2014-07,6850.0
634,2014-08,6509.0
634,2014-09,6527.0
634,2014-10,6769.0
634,2014-11,7772.0
634,2014-12,9338.0
634,2015-01,6678.0
634,2015-02,6439.0
634,2015-03,6930.0
634,2015-04,7111.0
634,2015-05,6938.0
634,2015-06,6809.0
634,2015-07,6824.0
635,2013-01,5172.0
635,2013-02,5336.0
635,2013-03,6045.0
635,2013-04,5398.0
635,2013-05,5817.0
635,2013-06,5242.0
635,2013-07,6107.0
635,2013-08,5602.0
635,2013-09,5401.0
635,2013-10,5440.0
635,2013-11,5771.0
635,2013-12,8132.0
635,2014-01,5550.0
635,2014-02,5823.0
635,2014-03,5496.0
635,2014-04,6121.0
635,2014-05,5861.0
635,2014-06,6144.0
635,2014-07,6017.0
635,2014-08,5533.0
635,2014-09,5893.0
635,2014-10,5718.0
635,2014-11,6300.0
635,2014-12,7702.0
635,2015-01,5966.0
635,2015-02,5624.0
635,2015-03,5866.0
635,2015-04,6232.0
635,2015-05,5887.0
635,2015-06,6074.0
635,2015-07,6045.0
636,2013-01,5290.0
636,2013-02,5469.0
636,2013-03,6626.0
636,2013-04,5589.0
636,2013-05,5867.0
636,2013-06,5448.0
636,2013-07,5742.0
636,2013-08,5395.0
636,2013-09,5286.0
636,2013-10,5312.0
636,2013-11,5780.0
636,2013-12,7190.0
636,2014-01,5592.0
636,2014-02,5506.0
636,2014-03,5944.0
636,2014-04,6110.0
636,2014-05,5671.0
636,2014-06,6367.0
636,2015-01,6151.0
636,2015-02,5650.0
636,2015-03,6318.0
636,2015-04,6076.0
636,2015-05,6141.0
636,2015-06,7453.0
636,2015-07,6342.0
637,2013-01,7798.0
637,2013-02,7891.0
637,2013-03,8422.0
637,2013-04,7979.0
637,2013-05,9169.0
637,2013-06,8116.0
637,2013-07,8859.0
637,2013-08,8804.0
637,2013-09,8173.0
637,2013-10,8203.0
637,2013-11,8609.0
637,2013-12,10823.0
637,2014-01,8439.0
637,2014-02,8263.0
637,2014-03,8011.0
637,2014-04,9098.0
637,2014-05,9165.0
637,2014-06,9509.0
637,2015-01,8827.0
637,2015-02,8197.0
637,2015-03,8383.0
637,2015-04,9087.0
637,2015-05,9339.0
637,2015-06,9178.0
637,2015-07,9550.0
638,2013-01,5315.0
638,2013-02,5630.0
638,2013-03,6004.0
638,2013-04,5676.0
638,2013-05,6283.0
638,2013-06,5789.0
638,2013-07,5998.0
638,2013-08,5990.0
638,2013-09,5454.0
638,2013-10,5500.0
638,2013-11,5764.0
638,2013-12,7235.0
638,2014-01,5765.0
638,2014-02,5825.0
638,2014-03,5705.0
638,2014-04,6133.0
638,2014-05,6277.0
638,2014-06,6519.0
638,2015-01,6081.0
638,2015-02,5737.0
638,2015-03,6019.0
638,2015-04,6313.0
638,2015-05,6524.0
638,2015-06,6559.0
638,2015-07,6285.0
639,2013-01,4479.0
639,2013-02,4741.0
639,2013-03,5123.0
639,2013-04,4794.0
639,2013-05,5142.0
639,2013-06,4540.0
639,2013-07,5051.0
639,2013-08,4708.0
639,2013-09,4381.0
639,2013-10,4453.0
639,2013-11,4812.0
639,2013-12,5884.0
639,2014-01,4626.0
639,2014-02,4689.0
639,2014-03,4520.0
639,2014-04,4984.0
639,2014-05,4768.0
639,2014-06,5046.0
639,2014-07,4688.0
639,2014-08,4365.0
639,2014-09,4438.0
639,2014-10,4451.0
639,2014-11,5164.0
639,2014-12,5506.0
639,2015-01,4554.0
639,2015-02,4257.0
639,2015-03,4598.0
639,2015-04,4713.0
639,2015-05,4519.0
639,2015-06,4699.0
639,2015-07,4279.0
640,2013-01,10504.0
640,2013-02,10750.0
640,2013-03,11845.0
640,2013-04,10627.0
640,2013-05,11871.0
640,2013-06,10472.0
640,2013-07,11570.0
640,2013-08,10808.0
640,2013-09,10351.0
640,2013-10,10307.0
640,2013-11,11037.0
640,2013-12,13844.0
640,2014-01,10570.0
640,2014-02,10933.0
640,2014-03,11074.0
640,2014-04,11894.0
640,2014-05,11564.0
640,2014-06,12108.0
640,2014-07,11325.0
640,2014-08,11352.0
640,2014-09,11314.0
640,2014-10,11207.0
640,2014-11,12380.0
640,2014-12,14150.0
640,2015-01,11684.0
640,2015-02,11180.0
640,2015-03,11768.0
640,2015-04,12463.0
640,2015-05,12500.0
640,2015-06,12759.0
640,2015-07,11810.0
641,2013-01,5227.0
641,2013-02,5484.0
641,2013-03,5971.0
641,2013-04,5384.0
641,2013-05,5768.0
641,2013-06,5198.0
641,2013-07,5867.0
641,2013-08,5855.0
641,2013-09,5767.0
641,2013-10,5366.0
641,2013-11,5985.0
641,2013-12,7959.0
641,2014-01,5555.0
641,2014-02,5872.0
641,2014-03,5521.0
641,2014-04,5856.0
641,2014-05,5645.0
641,2014-06,5945.0
641,2014-07,5539.0
641,2014-08,6033.0
641,2014-09,5402.0
641,2014-10,5333.0
641,2014-11,6368.0
641,2014-12,7358.0
641,2015-01,5448.0
641,2015-02,5245.0
641,2015-03,5598.0
641,2015-04,5697.0
641,2015-05,5859.0
641,2015-06,5770.0
641,2015-07,5081.0
642,2013-01,3398.0
642,2013-02,3482.0
642,2013-03,3898.0
642,2013-04,3537.0
642,2013-05,3834.0
642,2013-06,3491.0
642,2013-07,3581.0
642,2013-08,3395.0
642,2013-09,3483.0
642,2013-10,3458.0
642,2013-11,3909.0
642,2013-12,4524.0
642,2014-01,3384.0
642,2014-02,3598.0
642,2014-03,3667.0
642,2014-04,3817.0
642,2014-05,3682.0
642,2014-06,3750.0
642,2014-07,3248.0
642,2014-08,3437.0
642,2014-09,3350.0
642,2014-10,3400.0
642,2014-11,4063.0
642,2014-12,4441.0
642,2015-01,3562.0
642,2015-02,3695.0
642,2015-03,3834.0
642,2015-04,3832.0
642,2015-05,3982.0
642,2015-06,3575.0
642,2015-07,3187.0
643,2013-01,7795.0
643,2013-02,7755.0
643,2013-03,8787.0
643,2013-04,7827.0
643,2013-05,8157.0
643,2013-06,7409.0
643,2013-07,7560.0
643,2013-08,7420.0
643,2013-09,7035.0
643,2013-10,7188.0
643,2013-11,8035.0
643,2013-12,11001.0
643,2014-01,7337.0
643,2014-02,7473.0
643,2014-03,7585.0
643,2014-04,8576.0
643,2014-05,8057.0
643,2014-06,8001.0
643,2014-07,7800.0
643,2014-08,7455.0
643,2014-09,7820.0
643,2014-10,7613.0
643,2014-11,8582.0
643,2014-12,10560.0
643,2015-01,7858.0
643,2015-02,7526.0
643,2015-03,7782.0
643,2015-04,8505.0
643,2015-05,8130.0
643,2015-06,7677.0
643,2015-07,7908.0
644,2013-01,8382.0
644,2013-02,8318.0
644,2013-03,9414.0
644,2013-04,8331.0
644,2013-05,9535.0
644,2013-06,8555.0
644,2013-07,8829.0
644,2013-08,8730.0
644,2013-09,11151.0
644,2013-10,8564.0
644,2013-11,9350.0
644,2013-12,12320.0
644,2014-01,8908.0
644,2014-02,8832.0
644,2014-03,8817.0
644,2014-04,9144.0
644,2014-05,9161.0
644,2014-06,9567.0
644,2015-01,9725.0
644,2015-02,11959.0
644,2015-03,12840.0
644,2015-04,9185.0
644,2015-05,9647.0
644,2015-06,9206.0
644,2015-07,9035.0
645,2013-01,10626.0
645,2013-02,10906.0
645,2013-03,12361.0
645,2013-04,11121.0
645,2013-05,11833.0
645,2013-06,10183.0
645,2013-07,11230.0
645,2013-08,9938.0
645,2013-09,9943.0
645,2013-10,10383.0
645,2013-11,10574.0
645,2013-12,12513.0
645,2014-01,10008.0
645,2014-02,10457.0
645,2014-03,10071.0
645,2014-04,11496.0
645,2014-05,10698.0
645,2014-06,10561.0
645,2014-07,9928.0
645,2014-08,9759.0
645,2014-09,9548.0
645,2014-10,10016.0
645,2014-11,11132.0
645,2014-12,11999.0
645,2015-01,10443.0
645,2015-02,9819.0
645,2015-03,10722.0
645,2015-04,11438.0
645,2015-05,11532.0
645,2015-06,10959.0
645,2015-07,10916.0
646,2013-01,4572.0
646,2013-02,4520.0
646,2013-03,4967.0
646,2013-04,4777.0
646,2013-05,5068.0
646,2013-06,4695.0
646,2013-07,5137.0
646,2013-08,4904.0
646,2013-09,4580.0
646,2013-10,4896.0
646,2013-11,5069.0
646,2013-12,6490.0
646,2014-01,5031.0
646,2014-02,4885.0
646,2014-03,4715.0
646,2014-04,5190.0
646,2014-05,5040.0
646,2014-06,5244.0
646,2015-01,5074.0
646,2015-02,4748.0
646,2015-03,5058.0
646,2015-04,5336.0
646,2015-05,5327.0
646,2015-06,5281.0
646,2015-07,5150.0
647,2013-01,5102.0
647,2013-02,5357.0
647,2013-03,5981.0
647,2013-04,5451.0
647,2013-05,5783.0
647,2013-06,5344.0
647,2013-07,5744.0
647,2013-08,6061.0
647,2013-09,5280.0
647,2013-10,5104.0
647,2013-11,5609.0
647,2013-12,7151.0
647,2014-01,5282.0
647,2014-02,5604.0
647,2014-03,5318.0
647,2014-04,6055.0
647,2014-05,5714.0
647,2014-06,5867.0
647,2014-07,5609.0
647,2014-08,5894.0
647,2014-09,5603.0
647,2014-10,5514.0
647,2014-11,6282.0
647,2014-12,7209.0
647,2015-01,5769.0
647,2015-02,5454.0
647,2015-03,5727.0
647,2015-04,6205.0
647,2015-05,5901.0
647,2015-06,6104.0
647,2015-07,6065.0
648,2013-01,5956.0
648,2013-02,6139.0
648,2013-03,6633.0
648,2013-04,6443.0
648,2013-05,6858.0
648,2013-06,6266.0
648,2013-07,6370.0
648,2013-08,6420.0
648,2013-09,5881.0
648,2013-10,6057.0
648,2013-11,6488.0
648,2013-12,7895.0
648,2014-01,6006.0
648,2014-02,6205.0
648,2014-03,6441.0
648,2014-04,7016.0
648,2014-05,6967.0
648,2014-06,7045.0
648,2014-07,6609.0
648,2014-08,6329.0
648,2014-09,6492.0
648,2014-10,6546.0
648,2014-11,7107.0
648,2014-12,7737.0
648,2015-01,6688.0
648,2015-02,5973.0
648,2015-03,6523.0
648,2015-04,6967.0
648,2015-05,6858.0
648,2015-06,6592.0
648,2015-07,6489.0
649,2013-01,3340.0
649,2013-02,3375.0
649,2013-03,3798.0
649,2013-04,3330.0
649,2013-05,3554.0
649,2013-06,3351.0
649,2013-07,3693.0
649,2013-08,3449.0
649,2013-09,3277.0
649,2013-10,3488.0
649,2013-11,3712.0
649,2013-12,5026.0
649,2014-01,3687.0
649,2014-02,3577.0
649,2014-03,3335.0
649,2014-04,3926.0
649,2014-05,3576.0
649,2014-06,3749.0
649,2014-07,3708.0
649,2014-08,3350.0
649,2014-09,3513.0
649,2014-10,3526.0
649,2014-11,4138.0
649,2014-12,4854.0
649,2015-01,3698.0
649,2015-02,3340.0
649,2015-03,3739.0
649,2015-04,3982.0
649,2015-05,3751.0
649,2015-06,3864.0
649,2015-07,3600.0
650,2013-01,6011.0
650,2013-02,6020.0
650,2013-03,6472.0
650,2013-04,6351.0
650,2013-05,6571.0
650,2013-06,6267.0
650,2013-07,6582.0
650,2013-08,6211.0
650,2013-09,5919.0
650,2013-10,6306.0
650,2013-11,6510.0
650,2013-12,7353.0
650,2014-01,6049.0
650,2014-02,5971.0
650,2014-03,6231.0
650,2014-04,6692.0
650,2014-05,6550.0
650,2014-06,6652.0
650,2015-01,6527.0
650,2015-02,6088.0
650,2015-03,6509.0
650,2015-04,6542.0
650,2015-05,6544.0
650,2015-06,6539.0
650,2015-07,6384.0
651,2013-01,6990.0
651,2013-02,7217.0
651,2013-03,8010.0
651,2013-04,7553.0
651,2013-05,7989.0
651,2013-06,7172.0
651,2013-07,7842.0
651,2013-08,6810.0
651,2013-09,7096.0
651,2013-10,7250.0
651,2013-11,7878.0
651,2013-12,9000.0
651,2014-01,7203.0
651,2014-02,7423.0
651,2014-03,7274.0
651,2014-04,7834.0
651,2014-05,7595.0
651,2014-06,7821.0
651,2014-07,7225.0
651,2014-08,7054.0
651,2014-09,7099.0
651,2014-10,7389.0
651,2014-11,8616.0
651,2014-12,8941.0
651,2015-01,7616.0
651,2015-02,7443.0
651,2015-03,7932.0
651,2015-04,8094.0
651,2015-05,8132.0
651,2015-06,7870.0
651,2015-07,7131.0
652,2013-01,5888.0
652,2013-02,6020.0
652,2013-03,6763.0
652,2013-04,6010.0
652,2013-05,6537.0
652,2013-06,5962.0
652,2013-07,6635.0
652,2013-08,6222.0
652,2013-09,5895.0
652,2013-10,6110.0
652,2013-11,6397.0
652,2013-12,8652.0
652,2014-01,6087.0
652,2014-02,6161.0
652,2014-03,6142.0
652,2014-04,6946.0
652,2014-05,6415.0
652,2014-06,6771.0
652,2014-07,6672.0
652,2014-08,6252.0
652,2014-09,6560.0
652,2014-10,6811.0
652,2014-11,7175.0
652,2014-12,8554.0
652,2015-01,6809.0
652,2015-02,6353.0
652,2015-03,6833.0
652,2015-04,7207.0
652,2015-05,7096.0
652,2015-06,6991.0
652,2015-07,7011.0
653,2013-01,5321.0
653,2013-02,5516.0
653,2013-03,6120.0
653,2013-04,5515.0
653,2013-05,6065.0
653,2013-06,5374.0
653,2013-07,6091.0
653,2013-08,5405.0
653,2013-09,5374.0
653,2013-10,5684.0
653,2013-11,6144.0
653,2013-12,7489.0
653,2014-01,5773.0
653,2014-02,5784.0
653,2014-03,5656.0
653,2014-04,6415.0
653,2014-05,5770.0
653,2014-06,6258.0
653,2014-07,5712.0
653,2014-08,5532.0
653,2014-09,5407.0
653,2014-10,5607.0
653,2014-11,6488.0
653,2014-12,7498.0
653,2015-01,5960.0
653,2015-02,5717.0
653,2015-03,5924.0
653,2015-04,6066.0
653,2015-05,6006.0
653,2015-06,6146.0
653,2015-07,5837.0
654,2013-01,5846.0
654,2013-02,5685.0
654,2013-03,6368.0
654,2013-04,5974.0
654,2013-05,6260.0
654,2013-06,5709.0
654,2013-07,6497.0
654,2013-08,5694.0
654,2013-09,5998.0
654,2013-10,5974.0
654,2013-11,6661.0
654,2013-12,7777.0
654,2014-01,6252.0
654,2014-02,6163.0
654,2014-03,6107.0
654,2014-04,6838.0
654,2014-05,6341.0
654,2014-06,6734.0
654,2014-07,6506.0
654,2014-08,5844.0
654,2014-09,6505.0
654,2014-10,6439.0
654,2014-11,7504.0
654,2014-12,7960.0
654,2015-01,6595.0
654,2015-02,6342.0
654,2015-03,6930.0
654,2015-04,6987.0
654,2015-05,6665.0
654,2015-06,6968.0
654,2015-07,6766.0
655,2013-01,5677.0
655,2013-02,6346.0
655,2013-03,7181.0
655,2013-04,6452.0
655,2013-05,7043.0
655,2013-06,6241.0
655,2013-07,7057.0
655,2013-08,6597.0
655,2013-09,6461.0
655,2013-10,6964.0
655,2013-11,7715.0
655,2013-12,9238.0
655,2014-01,7360.0
655,2014-02,8070.0
655,2014-03,7691.0
655,2014-04,8808.0
655,2014-05,9237.0
655,2014-06,9623.0
655,2014-07,8966.0
655,2014-08,8991.0
655,2014-09,8669.0
655,2014-10,8368.0
655,2014-11,8940.0
655,2014-12,9905.0
655,2015-01,8616.0
655,2015-02,8129.0
655,2015-03,8713.0
655,2015-04,9187.0
655,2015-05,9345.0
655,2015-06,9274.0
655,2015-07,8501.0
656,2013-01,2767.0
656,2013-02,2877.0
656,2013-03,3472.0
656,2013-04,3139.0
656,2013-05,3279.0
656,2013-06,3143.0
656,2013-07,3160.0
656,2013-08,3042.0
656,2013-09,3003.0
656,2013-10,2962.0
656,2013-11,2951.0
656,2013-12,3564.0
656,2014-01,3006.0
656,2014-02,3110.0
656,2014-03,3283.0
656,2014-04,3471.0
656,2014-05,3314.0
656,2014-06,3441.0
656,2014-07,3415.0
656,2014-08,3162.0
656,2014-09,3322.0
656,2014-10,3203.0
656,2014-11,3423.0
656,2014-12,3720.0
656,2015-01,3239.0
656,2015-02,3124.0
656,2015-03,3473.0
656,2015-04,3403.0
656,2015-05,3519.0
656,2015-06,3480.0
656,2015-07,3229.0
657,2013-01,5209.0
657,2013-02,5741.0
657,2013-03,5938.0
657,2013-04,6036.0
657,2013-05,5490.0
657,2013-06,4929.0
657,2013-07,5625.0
657,2013-08,5033.0
657,2013-09,4852.0
657,2013-10,5000.0
657,2013-11,5318.0
657,2013-12,7156.0
657,2014-01,5216.0
657,2014-02,5716.0
657,2014-03,6914.0
657,2014-04,6685.0
657,2014-05,6311.0
657,2014-06,6694.0
657,2014-07,6162.0
657,2014-08,6237.0
657,2014-09,6022.0
657,2014-10,6034.0
657,2014-11,6913.0
657,2014-12,7877.0
657,2015-01,6348.0
657,2015-02,6012.0
657,2015-03,6845.0
657,2015-04,7300.0
657,2015-05,6924.0
657,2015-06,6076.0
657,2015-07,5484.0
658,2013-01,6008.0
658,2013-02,5895.0
658,2013-03,6599.0
658,2013-04,5989.0
658,2013-05,6448.0
658,2013-06,5611.0
658,2013-07,6496.0
658,2013-08,5826.0
658,2013-09,5777.0
658,2013-10,5956.0
658,2013-11,6352.0
658,2013-12,8310.0
658,2014-01,5814.0
658,2014-02,5739.0
658,2014-03,5772.0
658,2014-04,6273.0
658,2014-05,5903.0
658,2014-06,6260.0
658,2014-07,5813.0
658,2014-08,5899.0
658,2014-09,5763.0
658,2014-10,5581.0
658,2014-11,6335.0
658,2014-12,7459.0
658,2015-01,5669.0
658,2015-02,5286.0
658,2015-03,5663.0
658,2015-04,5937.0
658,2015-05,5727.0
658,2015-06,6083.0
658,2015-07,5776.0
659,2013-01,5378.0
659,2013-02,5593.0
659,2013-03,5970.0
659,2013-04,5457.0
659,2013-05,6047.0
659,2013-06,5633.0
659,2013-07,5822.0
659,2013-08,5023.0
659,2013-09,5140.0
659,2013-10,5342.0
659,2013-11,5931.0
659,2013-12,7586.0
659,2014-01,5500.0
659,2014-02,5550.0
659,2014-03,5143.0
659,2014-04,5837.0
659,2014-05,5633.0
659,2014-06,5982.0
659,2014-07,5562.0
659,2014-08,4705.0
659,2014-09,5085.0
659,2014-10,5481.0
659,2014-11,6254.0
659,2014-12,7233.0
659,2015-01,5471.0
659,2015-02,5165.0
659,2015-03,5395.0
659,2015-04,5702.0
659,2015-05,5478.0
659,2015-06,5731.0
659,2015-07,5423.0
660,2013-01,4039.0
660,2013-02,4064.0
660,2013-03,4685.0
660,2013-04,4326.0
660,2013-05,4594.0
660,2013-06,4159.0
660,2013-07,4863.0
660,2013-08,4233.0
660,2013-09,4130.0
660,2013-10,4293.0
660,2013-11,4514.0
660,2013-12,5462.0
660,2014-01,4455.0
660,2014-02,4316.0
660,2014-03,4224.0
660,2014-04,4715.0
660,2014-05,4505.0
660,2014-06,4633.0
660,2015-01,4872.0
660,2015-02,4678.0
660,2015-03,5072.0
660,2015-04,5003.0
660,2015-05,4883.0
660,2015-06,5256.0
660,2015-07,5446.0
661,2013-01,6180.0
661,2013-02,6543.0
661,2013-03,7098.0
661,2013-04,6860.0
661,2013-05,7407.0
661,2013-06,6803.0
661,2013-07,6740.0
661,2013-08,6542.0
661,2013-09,6430.0
661,2013-10,6415.0
661,2013-11,6974.0
661,2013-12,8372.0
661,2014-01,6852.0
661,2014-02,7200.0
661,2014-03,7490.0
661,2014-04,8722.0
661,2014-05,7262.0
661,2014-06,7608.0
661,2014-07,7232.0
661,2014-08,6417.0
661,2014-09,7291.0
661,2014-10,7016.0
661,2014-11,7595.0
661,2014-12,8232.0
661,2015-01,7059.0
661,2015-02,6942.0
661,2015-03,7351.0
661,2015-04,7598.0
661,2015-05,7673.0
661,2015-06,7370.0
661,2015-07,7271.0
662,2013-01,7577.0
662,2013-02,7980.0
662,2013-03,9120.0
662,2013-04,8373.0
662,2013-05,9175.0
662,2013-06,8219.0
662,2013-07,8579.0
662,2013-08,8640.0
662,2013-09,8133.0
662,2013-10,7909.0
662,2013-11,8518.0
662,2013-12,10663.0
662,2014-01,8183.0
662,2014-02,8200.0
662,2014-03,7918.0
662,2014-04,8380.0
662,2014-05,8059.0
662,2014-06,8190.0
662,2014-07,7771.0
662,2014-08,7554.0
662,2014-09,7935.0
662,2014-10,8062.0
662,2014-11,9055.0
662,2014-12,10324.0
662,2015-01,8778.0
662,2015-02,7839.0
662,2015-03,8278.0
662,2015-04,9114.0
662,2015-05,8802.0
662,2015-06,8867.0
662,2015-07,7751.0
663,2013-01,2449.0
663,2013-02,2426.0
663,2013-03,2737.0
663,2013-04,2851.0
663,2013-05,3042.0
663,2013-06,2868.0
663,2013-07,3030.0
663,2013-08,3229.0
663,2013-09,7471.0
663,2013-10,4484.0
663,2013-11,4888.0
663,2013-12,6168.0
663,2014-01,4645.0
663,2014-02,4710.0
663,2014-03,4832.0
663,2014-04,5436.0
663,2014-05,5373.0
663,2014-06,5519.0
663,2014-07,5228.0
663,2014-08,5200.0
663,2014-09,5066.0
663,2014-10,5225.0
663,2014-11,5617.0
663,2014-12,6491.0
663,2015-01,5536.0
663,2015-02,5313.0
663,2015-03,5890.0
663,2015-04,6185.0
663,2015-05,6264.0
663,2015-06,6168.0
663,2015-07,6268.0
664,2013-01,4163.0
664,2013-02,4214.0
664,2013-03,4953.0
664,2013-04,4215.0
664,2013-05,4500.0
664,2013-06,4115.0
664,2013-07,4773.0
664,2013-08,4381.0
664,2013-09,4462.0
664,2013-10,4649.0
664,2013-11,5022.0
664,2013-12,6257.0
664,2014-01,4687.0
664,2014-02,4756.0
664,2014-03,4909.0
664,2014-04,5378.0
664,2014-05,4955.0
664,2014-06,5050.0
664,2014-07,4755.0
664,2014-08,4509.0
664,2014-09,4677.0
664,2014-10,5111.0
664,2014-11,5467.0
664,2014-12,6346.0
664,2015-01,5396.0
664,2015-02,4978.0
664,2015-03,5296.0
664,2015-04,5501.0
664,2015-05,5362.0
664,2015-06,5380.0
664,2015-07,5271.0
665,2013-01,7589.0
665,2013-02,7606.0
665,2013-03,8854.0
665,2013-04,8289.0
665,2013-05,8567.0
665,2013-06,7238.0
665,2013-07,9778.0
665,2013-08,7666.0
665,2013-09,7663.0
665,2013-10,7862.0
665,2013-11,8067.0
665,2013-12,10685.0
665,2014-01,7917.0
665,2014-02,8085.0
665,2014-03,7881.0
665,2014-04,8616.0
665,2014-05,8157.0
665,2014-06,8664.0
665,2014-07,8028.0
665,2014-08,7484.0
665,2014-09,7675.0
665,2014-10,7536.0
665,2014-11,8414.0
665,2014-12,9506.0
665,2015-01,7899.0
665,2015-02,7446.0
665,2015-03,8354.0
665,2015-04,8456.0
665,2015-05,8069.0
665,2015-06,8454.0
665,2015-07,7913.0
666,2013-01,6035.0
666,2013-02,6199.0
666,2013-03,7236.0
666,2013-04,6352.0
666,2013-05,7247.0
666,2013-06,6065.0
666,2013-07,6876.0
666,2013-08,6732.0
666,2013-09,6137.0
666,2013-10,6160.0
666,2013-11,6711.0
666,2013-12,8888.0
666,2014-01,6666.0
666,2014-02,6913.0
666,2014-03,6863.0
666,2014-04,7287.0
666,2014-05,7351.0
666,2014-06,7219.0
666,2014-07,7026.0
666,2014-08,6762.0
666,2014-09,6587.0
666,2014-10,6541.0
666,2014-11,7250.0
666,2014-12,9018.0
666,2015-01,7316.0
666,2015-02,6818.0
666,2015-03,7275.0
666,2015-04,7495.0
666,2015-05,7722.0
666,2015-06,7497.0
666,2015-07,7536.0
667,2013-01,7862.0
667,2013-02,8010.0
667,2013-03,9048.0
667,2013-04,8241.0
667,2013-05,8843.0
667,2013-06,8244.0
667,2013-07,8716.0
667,2013-08,8856.0
667,2013-09,8093.0
667,2013-10,7608.0
667,2013-11,9063.0
667,2013-12,10908.0
667,2014-01,8644.0
667,2014-02,8761.0
667,2014-03,8664.0
667,2014-04,9465.0
667,2014-05,8873.0
667,2014-06,9381.0
667,2014-07,8586.0
667,2014-08,8156.0
667,2014-09,8438.0
667,2014-10,8224.0
667,2014-11,9490.0
667,2014-12,10553.0
667,2015-01,8999.0
667,2015-02,8348.0
667,2015-03,8847.0
667,2015-04,9198.0
667,2015-05,8977.0
667,2015-06,8744.0
667,2015-07,8827.0
668,2013-01,8223.0
668,2013-02,8381.0
668,2013-03,9582.0
668,2013-04,8609.0
668,2013-05,8997.0
668,2013-06,8313.0
668,2013-07,8320.0
668,2013-08,8461.0
668,2013-09,8165.0
668,2013-10,8269.0
668,2013-11,8838.0
668,2013-12,11071.0
668,2014-01,8621.0
668,2014-02,8693.0
668,2014-03,8574.0
668,2014-04,9406.0
668,2014-05,8809.0
668,2014-06,9190.0
668,2014-07,8511.0
668,2014-08,8345.0
668,2014-09,8403.0
668,2014-10,8664.0
668,2014-11,9561.0
668,2014-12,10953.0
668,2015-01,9042.0
668,2015-02,8831.0
668,2015-03,9332.0
668,2015-04,9773.0
668,2015-05,9531.0
668,2015-06,9091.0
668,2015-07,9002.0
669,2013-01,3850.0
669,2013-02,3897.0
669,2013-03,4192.0
669,2013-04,3964.0
669,2013-05,4537.0
669,2013-06,4171.0
669,2013-07,4478.0
669,2013-08,4782.0
669,2013-09,4158.0
669,2013-10,4147.0
669,2013-11,4510.0
669,2013-12,5709.0
669,2014-01,4245.0
669,2014-02,4121.0
669,2014-03,4110.0
669,2014-04,4572.0
669,2014-05,4608.0
669,2014-06,5213.0
669,2015-01,4621.0
669,2015-02,4336.0
669,2015-03,4410.0
669,2015-04,4932.0
669,2015-05,5168.0
669,2015-06,5177.0
669,2015-07,5086.0
670,2013-01,6022.0
670,2013-02,5918.0
670,2013-03,6648.0
670,2013-04,6529.0
670,2013-05,6621.0
670,2013-06,6072.0
670,2013-07,7019.0
670,2013-08,6436.0
670,2013-09,6084.0
670,2013-10,6586.0
670,2013-11,6589.0
670,2013-12,7762.0
670,2014-01,6405.0
670,2014-02,6377.0
670,2014-03,6254.0
670,2014-04,6932.0
670,2014-05,6478.0
670,2014-06,6915.0
670,2015-01,6710.0
670,2015-02,6250.0
670,2015-03,6683.0
670,2015-04,7005.0
670,2015-05,6847.0
670,2015-06,6834.0
670,2015-07,6827.0
671,2013-01,5197.0
671,2013-02,5102.0
671,2013-03,5878.0
671,2013-04,5305.0
671,2013-05,5517.0
671,2013-06,5217.0
671,2013-07,5702.0
671,2013-08,5143.0
671,2013-09,5251.0
671,2013-10,5383.0
671,2013-11,5629.0
671,2013-12,6721.0
671,2014-01,5473.0
671,2014-02,5460.0
671,2014-03,5605.0
671,2014-04,5798.0
671,2014-05,5789.0
671,2014-06,6200.0
671,2015-01,6700.0
671,2015-02,6410.0
671,2015-03,7068.0
671,2015-04,6834.0
671,2015-05,6869.0
671,2015-06,7127.0
671,2015-07,7082.0
672,2013-01,8073.0
672,2013-02,8050.0
672,2013-03,9857.0
672,2013-04,8436.0
672,2013-05,9252.0
672,2013-06,8300.0
672,2013-07,9029.0
672,2013-08,8486.0
672,2013-09,8138.0
672,2013-10,8533.0
672,2013-11,9610.0
672,2013-12,13142.0
672,2014-01,7845.0
672,2014-02,7867.0
672,2014-03,8065.0
672,2014-04,9074.0
672,2014-05,9197.0
672,2014-06,8481.0
672,2014-07,8543.0
672,2014-08,8784.0
672,2014-09,8380.0
672,2014-10,8744.0
672,2014-11,10021.0
672,2014-12,12076.0
672,2015-01,7982.0
672,2015-02,7505.0
672,2015-03,8142.0
672,2015-04,8966.0
672,2015-05,8861.0
672,2015-06,8479.0
672,2015-07,8415.0
673,2013-01,4903.0
673,2013-02,5574.0
673,2013-03,6545.0
673,2013-04,5703.0
673,2013-05,6240.0
673,2013-06,5864.0
673,2013-07,6698.0
673,2013-08,6397.0
673,2013-09,6136.0
673,2013-10,6208.0
673,2013-11,6947.0
673,2013-12,9015.0
673,2014-01,6703.0
673,2014-02,6820.0
673,2014-03,6754.0
673,2014-04,7657.0
673,2014-05,7265.0
673,2014-06,7557.0
673,2014-07,7610.0
673,2014-08,7123.0
673,2014-09,7056.0
673,2014-10,7131.0
673,2014-11,8004.0
673,2014-12,9654.0
673,2015-01,7682.0
673,2015-02,7340.0
673,2015-03,7832.0
673,2015-04,8156.0
673,2015-05,8214.0
673,2015-06,7908.0
673,2015-07,8433.0
674,2013-01,6946.0
674,2013-02,7638.0
674,2013-03,8326.0
674,2013-04,7621.0
674,2013-05,8381.0
674,2013-06,7384.0
674,2013-07,8172.0
674,2013-08,7646.0
674,2013-09,7289.0
674,2013-10,7637.0
674,2013-11,7882.0
674,2013-12,10112.0
674,2014-01,7687.0
674,2014-02,7940.0
674,2014-03,8016.0
674,2014-04,8874.0
674,2014-05,8252.0
674,2014-06,8917.0
674,2014-07,8289.0
674,2014-08,7735.0
674,2014-09,7813.0
674,2014-10,7722.0
674,2014-11,8311.0
674,2014-12,9936.0
674,2015-01,7612.0
674,2015-02,11051.0
674,2015-03,13941.0
674,2015-04,8783.0
674,2015-05,8274.0
674,2015-06,8402.0
674,2015-07,7902.0
675,2013-01,4822.0
675,2013-02,4814.0
675,2013-03,5592.0
675,2013-04,4946.0
675,2013-05,5249.0
675,2013-06,4851.0
675,2013-07,5155.0
675,2013-08,4125.0
675,2013-09,3938.0
675,2013-10,3784.0
675,2013-11,4097.0
675,2013-12,5242.0
675,2014-01,4128.0
675,2014-02,4051.0
675,2014-03,4108.0
675,2014-04,4291.0
675,2014-05,3888.0
675,2014-06,4434.0
675,2014-07,3882.0
675,2014-08,3703.0
675,2014-09,3973.0
675,2014-10,3750.0
675,2014-11,4389.0
675,2014-12,4678.0
675,2015-01,3792.0
675,2015-02,3618.0
675,2015-03,4079.0
675,2015-04,3991.0
675,2015-05,3803.0
675,2015-06,4049.0
675,2015-07,3572.0
676,2013-01,3741.0
676,2013-02,4091.0
676,2013-03,6093.0
676,2013-04,6292.0
676,2013-05,7107.0
676,2013-06,6796.0
676,2013-07,6625.0
676,2013-08,6183.0
676,2013-09,6605.0
676,2013-10,6903.0
676,2013-11,7171.0
676,2013-12,8013.0
676,2014-01,6736.0
676,2014-02,7220.0
676,2014-03,7529.0
676,2014-04,8086.0
676,2014-05,8372.0
676,2014-06,8972.0
676,2014-07,8173.0
676,2014-08,7874.0
676,2014-09,7818.0
676,2014-10,8387.0
676,2014-11,8793.0
676,2014-12,9067.0
676,2015-01,8029.0
676,2015-02,8654.0
676,2015-03,8807.0
676,2015-04,9410.0
676,2015-05,10090.0
676,2015-06,9813.0
676,2015-07,9417.0
677,2013-01,6928.0
677,2013-02,7301.0
677,2013-03,8605.0
677,2013-04,8190.0
677,2013-05,9046.0
677,2013-06,7745.0
677,2013-07,8411.0
677,2013-08,8437.0
677,2013-09,7708.0
677,2013-10,7788.0
677,2013-11,8424.0
677,2013-12,10395.0
677,2014-01,8191.0
677,2014-02,8150.0
677,2014-03,8025.0
677,2014-04,8710.0
677,2014-05,8416.0
677,2014-06,8603.0
677,2015-01,7118.0
677,2015-02,6423.0
677,2015-03,6842.0
677,2015-04,7471.0
677,2015-05,7367.0
677,2015-06,7270.0
677,2015-07,7132.0
678,2013-01,6254.0
678,2013-02,6319.0
678,2013-03,7027.0
678,2013-04,6392.0
678,2013-05,7038.0
678,2013-06,6334.0
678,2013-07,7042.0
678,2013-08,6389.0
678,2013-09,6812.0
678,2013-10,6916.0
678,2013-11,8418.0
678,2013-12,9578.0
678,2014-01,7182.0
678,2014-02,6877.0
678,2014-03,6945.0
678,2014-04,7346.0
678,2014-05,7352.0
678,2014-06,7750.0
678,2014-07,6922.0
678,2014-08,6767.0
678,2014-09,7199.0
678,2014-10,7135.0
678,2014-11,7946.0
678,2014-12,8771.0
678,2015-01,7408.0
678,2015-02,7139.0
678,2015-03,7847.0
678,2015-04,8049.0
678,2015-05,8053.0
678,2015-06,8219.0
678,2015-07,7243.0
679,2013-01,9388.0
679,2013-02,9429.0
679,2013-03,10145.0
679,2013-04,9423.0
679,2013-05,9960.0
679,2013-06,9168.0
679,2013-07,9346.0
679,2013-08,9411.0
679,2013-09,9108.0
679,2013-10,9479.0
679,2013-11,10121.0
679,2013-12,12402.0
679,2014-01,9294.0
679,2014-02,9610.0
679,2014-03,9695.0
679,2014-04,10556.0
679,2014-05,9852.0
679,2014-06,10330.0
679,2014-07,9630.0
679,2014-08,9390.0
679,2014-09,9730.0
679,2014-10,9828.0
679,2014-11,10859.0
679,2014-12,12051.0
679,2015-01,9849.0
679,2015-02,9644.0
679,2015-03,10144.0
679,2015-04,10462.0
679,2015-05,10316.0
679,2015-06,10179.0
679,2015-07,9824.0
680,2013-01,4832.0
680,2013-02,5172.0
680,2013-03,5866.0
680,2013-04,5010.0
680,2013-05,5218.0
680,2013-06,5009.0
680,2013-07,4831.0
680,2013-08,4657.0
680,2013-09,4528.0
680,2013-10,4633.0
680,2013-11,5414.0
680,2013-12,7355.0
680,2014-01,4930.0
680,2014-02,5040.0
680,2014-03,4781.0
680,2014-04,5430.0
680,2014-05,4989.0
680,2014-06,4992.0
680,2014-07,4965.0
680,2014-08,4873.0
680,2014-09,4426.0
680,2014-10,5012.0
680,2014-11,5773.0
680,2014-12,7429.0
680,2015-01,5131.0
680,2015-02,5096.0
680,2015-03,4960.0
680,2015-04,5522.0
680,2015-05,5425.0
680,2015-06,4940.0
680,2015-07,5440.0
681,2013-01,2001.0
681,2013-02,1987.0
681,2013-03,2227.0
681,2013-04,2266.0
681,2013-05,5222.0
681,2013-06,3624.0
681,2013-07,4252.0
681,2013-08,4027.0
681,2013-09,3612.0
681,2013-10,3685.0
681,2013-11,3140.0
681,2013-12,4224.0
681,2014-01,3316.0
681,2014-02,3266.0
681,2014-03,3428.0
681,2014-04,3848.0
681,2014-05,3678.0
681,2014-06,3905.0
681,2014-07,3913.0
681,2014-08,3673.0
681,2014-09,3511.0
681,2014-10,3525.0
681,2014-11,3680.0
681,2014-12,4290.0
681,2015-01,3385.0
681,2015-02,3277.0
681,2015-03,3613.0
681,2015-04,3826.0
681,2015-05,3974.0
681,2015-06,3985.0
681,2015-07,4199.0
682,2013-01,11116.0
682,2013-02,11380.0
682,2013-03,12026.0
682,2013-04,11057.0
682,2013-05,11238.0
682,2013-06,10590.0
682,2013-07,10385.0
682,2013-08,10288.0
682,2013-09,10262.0
682,2013-10,11313.0
682,2013-11,11596.0
682,2013-12,12614.0
682,2014-01,11075.0
682,2014-02,11080.0
682,2014-03,10709.0
682,2014-04,11248.0
682,2014-05,11049.0
682,2014-06,11223.0
682,2014-07,10405.0
682,2014-08,9222.0
682,2014-09,10768.0
682,2014-10,11141.0
682,2014-11,11892.0
682,2014-12,12824.0
682,2015-01,11368.0
682,2015-02,11629.0
682,2015-03,12051.0
682,2015-04,11885.0
682,2015-05,10927.0
682,2015-06,11782.0
682,2015-07,11339.0
683,2013-01,10041.0
683,2013-02,10406.0
683,2013-03,11245.0
683,2013-04,10370.0
683,2013-05,9960.0
683,2013-06,9180.0
683,2013-07,9367.0
683,2013-08,9307.0
683,2013-09,8676.0
683,2013-10,8752.0
683,2013-11,9097.0
683,2013-12,11664.0
683,2014-01,8353.0
683,2014-02,8785.0
683,2014-03,8943.0
683,2014-04,9931.0
683,2014-05,9343.0
683,2014-06,9533.0
683,2014-07,8090.0
683,2014-08,7763.0
683,2014-09,8190.0
683,2014-10,8305.0
683,2014-11,8981.0
683,2014-12,10407.0
683,2015-01,8329.0
683,2015-02,8063.0
683,2015-03,8606.0
683,2015-04,8888.0
683,2015-05,8810.0
683,2015-06,8758.0
683,2015-07,7922.0
684,2013-01,5979.0
684,2013-02,6358.0
684,2013-03,7259.0
684,2013-04,6360.0
684,2013-05,7298.0
684,2013-06,6659.0
684,2013-07,6955.0
684,2013-08,7109.0
684,2013-09,6618.0
684,2013-10,6808.0
684,2013-11,7499.0
684,2013-12,9669.0
684,2014-01,7282.0
684,2014-02,7452.0
684,2014-03,7455.0
684,2014-04,8021.0
684,2014-05,7993.0
684,2014-06,8168.0
684,2015-01,8841.0
684,2015-02,7921.0
684,2015-03,8815.0
684,2015-04,8938.0
684,2015-05,9323.0
684,2015-06,9435.0
684,2015-07,9080.0
685,2013-01,7776.0
685,2013-02,7822.0
685,2013-03,8566.0
685,2013-04,8143.0
685,2013-05,8848.0
685,2013-06,7826.0
685,2013-07,9113.0
685,2013-08,7976.0
685,2013-09,7569.0
685,2013-10,7902.0
685,2013-11,6796.0
685,2013-12,6734.0
685,2014-01,5597.0
685,2014-02,5581.0
685,2014-03,5591.0
685,2014-04,5999.0
685,2014-05,5599.0
685,2014-06,6396.0
685,2014-07,5793.0
685,2014-08,5428.0
685,2014-09,5660.0
685,2014-10,5572.0
685,2014-11,6083.0
685,2014-12,6588.0
685,2015-01,5647.0
685,2015-02,5496.0
685,2015-03,5782.0
685,2015-04,5932.0
685,2015-05,5979.0
685,2015-06,6411.0
685,2015-07,5388.0
686,2013-01,5963.0
686,2013-02,5724.0
686,2013-03,6595.0
686,2013-04,5940.0
686,2013-05,6151.0
686,2013-06,5538.0
686,2013-07,6349.0
686,2013-08,5791.0
686,2013-09,5682.0
686,2013-10,5901.0
686,2013-11,6608.0
686,2013-12,8358.0
686,2014-01,5830.0
686,2014-02,6188.0
686,2014-03,5769.0
686,2014-04,6539.0
686,2014-05,5927.0
686,2014-06,6416.0
686,2014-07,6097.0
686,2014-08,5710.0
686,2014-09,6026.0
686,2014-10,6053.0
686,2014-11,6909.0
686,2014-12,8248.0
686,2015-01,6087.0
686,2015-02,5895.0
686,2015-03,6223.0
686,2015-04,6566.0
686,2015-05,6324.0
686,2015-06,6395.0
686,2015-07,6194.0
687,2013-01,6887.0
687,2013-02,7163.0
687,2013-03,8111.0
687,2013-04,7527.0
687,2013-05,8379.0
687,2013-06,7448.0
687,2013-07,8118.0
687,2013-08,7276.0
687,2013-09,7275.0
687,2013-10,7313.0
687,2013-11,7938.0
687,2013-12,9339.0
687,2014-01,7587.0
687,2014-02,8043.0
687,2014-03,8107.0
687,2014-04,8770.0
687,2014-05,8710.0
687,2014-06,8698.0
687,2014-07,8173.0
687,2014-08,8323.0
687,2014-09,8267.0
687,2014-10,8389.0
687,2014-11,9510.0
687,2014-12,9967.0
687,2015-01,8936.0
687,2015-02,8478.0
687,2015-03,9163.0
687,2015-04,9523.0
687,2015-05,9695.0
687,2015-06,9965.0
687,2015-07,8867.0
688,2013-01,3318.0
688,2013-02,3345.0
688,2013-03,3863.0
688,2013-04,3345.0
688,2013-05,3628.0
688,2013-06,3409.0
688,2013-07,3886.0
688,2013-08,3394.0
688,2013-09,3303.0
688,2013-10,3444.0
688,2013-11,3539.0
688,2013-12,4931.0
688,2014-01,3476.0
688,2014-02,3373.0
688,2014-03,3391.0
688,2014-04,3783.0
688,2014-05,3554.0
688,2014-06,3737.0
688,2014-07,3480.0
688,2014-08,3397.0
688,2014-09,3531.0
688,2014-10,3524.0
688,2014-11,3839.0
688,2014-12,4761.0
688,2015-01,3558.0
688,2015-02,3176.0
688,2015-03,3470.0
688,2015-04,3779.0
688,2015-05,3625.0
688,2015-06,3730.0
688,2015-07,3582.0
689,2013-01,6861.0
689,2013-02,6928.0
689,2013-03,7816.0
689,2013-04,6973.0
689,2013-05,7624.0
689,2013-06,6958.0
689,2013-07,7441.0
689,2013-08,6850.0
689,2013-09,6702.0
689,2013-10,6562.0
689,2013-11,7079.0
689,2013-12,9116.0
689,2014-01,6963.0
689,2014-02,7025.0
689,2014-03,6601.0
689,2014-04,7659.0
689,2014-05,7306.0
689,2014-06,7762.0
689,2014-07,7258.0
689,2014-08,6825.0
689,2014-09,6223.0
689,2014-10,6339.0
689,2014-11,6953.0
689,2014-12,8277.0
689,2015-01,6600.0
689,2015-02,6124.0
689,2015-03,6536.0
689,2015-04,6904.0
689,2015-05,6813.0
689,2015-06,6896.0
689,2015-07,6748.0
690,2013-01,5203.0
690,2013-02,5165.0
690,2013-03,5733.0
690,2013-04,5128.0
690,2013-05,5313.0
690,2013-06,4271.0
690,2013-07,5321.0
690,2013-08,4996.0
690,2013-09,5422.0
690,2013-10,6756.0
690,2013-11,7211.0
690,2013-12,6006.0
690,2014-01,5233.0
690,2014-02,5593.0
690,2014-03,5274.0
690,2014-04,5809.0
690,2014-05,5489.0
690,2014-06,5734.0
690,2014-07,5315.0
690,2014-08,5295.0
690,2014-09,5513.0
690,2014-10,5488.0
690,2014-11,6028.0
690,2014-12,6422.0
690,2015-01,5422.0
690,2015-02,5262.0
690,2015-03,5784.0
690,2015-04,6008.0
690,2015-05,6001.0
690,2015-06,5904.0
690,2015-07,5366.0
691,2013-01,7829.0
691,2013-02,7822.0
691,2013-03,9236.0
691,2013-04,8356.0
691,2013-05,9119.0
691,2013-06,8273.0
691,2013-07,8493.0
691,2013-08,8015.0
691,2013-09,7896.0
691,2013-10,7845.0
691,2013-11,8348.0
691,2013-12,10468.0
691,2014-01,7949.0
691,2014-02,8184.0
691,2014-03,8206.0
691,2014-04,8498.0
691,2014-05,8285.0
691,2014-06,9027.0
691,2014-07,7780.0
691,2014-08,8064.0
691,2014-09,7936.0
691,2014-10,7695.0
691,2014-11,8626.0
691,2014-12,9944.0
691,2015-01,7908.0
691,2015-02,7688.0
691,2015-03,8487.0
691,2015-04,8612.0
691,2015-05,8648.0
691,2015-06,8903.0
691,2015-07,7796.0
692,2013-01,6255.0
692,2013-02,6619.0
692,2013-03,7486.0
692,2013-04,6803.0
692,2013-05,7261.0
692,2013-06,6322.0
692,2013-07,7103.0
692,2013-08,6101.0
692,2013-09,6172.0
692,2013-10,6088.0
692,2013-11,6548.0
692,2013-12,7680.0
692,2014-01,6330.0
692,2014-02,6455.0
692,2014-03,6410.0
692,2014-04,6923.0
692,2014-05,6357.0
692,2014-06,6761.0
692,2014-07,6491.0
692,2014-08,5962.0
692,2014-09,6169.0
692,2014-10,6011.0
692,2014-11,7096.0
692,2014-12,7324.0
692,2015-01,6297.0
692,2015-02,6350.0
692,2015-03,6563.0
692,2015-04,6624.0
692,2015-05,6545.0
692,2015-06,7084.0
692,2015-07,6335.0
693,2013-01,5636.0
693,2013-02,5889.0
693,2013-03,7206.0
693,2013-04,6615.0
693,2013-05,6967.0
693,2013-06,6165.0
693,2013-07,6582.0
693,2013-08,6120.0
693,2013-09,6110.0
693,2013-10,6016.0
693,2013-11,6319.0
693,2013-12,8201.0
693,2014-01,6306.0
693,2014-02,6369.0
693,2014-03,6761.0
693,2014-04,7162.0
693,2014-05,6722.0
693,2014-06,7436.0
693,2014-07,6428.0
693,2014-08,5974.0
693,2014-09,6337.0
693,2014-10,5958.0
693,2014-11,7010.0
693,2014-12,7912.0
693,2015-01,6648.0
693,2015-02,6077.0
693,2015-03,7091.0
693,2015-04,6850.0
693,2015-05,6593.0
693,2015-06,7320.0
693,2015-07,6392.0
694,2013-01,7388.0
694,2013-02,7402.0
694,2013-03,8502.0
694,2013-04,7792.0
694,2013-05,8122.0
694,2013-06,7705.0
694,2013-07,8178.0
694,2013-08,7466.0
694,2013-09,7631.0
694,2013-10,7577.0
694,2013-11,7855.0
694,2013-12,9392.0
694,2014-01,7474.0
694,2014-02,7708.0
694,2014-03,7854.0
694,2014-04,8398.0
694,2014-05,7757.0
694,2014-06,7951.0
694,2015-01,8343.0
694,2015-02,7766.0
694,2015-03,8671.0
694,2015-04,8512.0
694,2015-05,8800.0
694,2015-06,8636.0
694,2015-07,8413.0
695,2013-01,4986.0
695,2013-02,5344.0
695,2013-03,5796.0
695,2013-04,5243.0
695,2013-05,5587.0
695,2013-06,5001.0
695,2013-07,5503.0
695,2013-08,4805.0
695,2013-09,4989.0
695,2013-10,4836.0
695,2013-11,5211.0
695,2013-12,6205.0
695,2014-01,4945.0
695,2014-02,5027.0
695,2014-03,5154.0
695,2014-04,5325.0
695,2014-05,5069.0
695,2014-06,5707.0
695,2014-07,5059.0
695,2014-08,4762.0
695,2014-09,5263.0
695,2014-10,5050.0
695,2014-11,6246.0
695,2014-12,6450.0
695,2015-01,5586.0
695,2015-02,5146.0
695,2015-03,5956.0
695,2015-04,5862.0
695,2015-05,5635.0
695,2015-06,6305.0
695,2015-07,5393.0
696,2013-01,6514.0
696,2013-02,6813.0
696,2013-03,7647.0
696,2013-04,7034.0
696,2013-05,7426.0
696,2013-06,7107.0
696,2013-07,7350.0
696,2013-08,7489.0
696,2013-09,6852.0
696,2013-10,6832.0
696,2013-11,7583.0
696,2013-12,9639.0
696,2014-01,6992.0
696,2014-02,7431.0
696,2014-03,7260.0
696,2014-04,8047.0
696,2014-05,7688.0
696,2014-06,7853.0
696,2014-07,7630.0
696,2014-08,7890.0
696,2014-09,7836.0
696,2014-10,7545.0
696,2014-11,8488.0
696,2014-12,10263.0
696,2015-01,7608.0
696,2015-02,7898.0
696,2015-03,8302.0
696,2015-04,8949.0
696,2015-05,9175.0
696,2015-06,9254.0
696,2015-07,9203.0
697,2013-01,9371.0
697,2013-02,9780.0
697,2013-03,11017.0
697,2013-04,10031.0
697,2013-05,10759.0
697,2013-06,10242.0
697,2013-07,10230.0
697,2013-08,9407.0
697,2013-09,9405.0
697,2013-10,9460.0
697,2013-11,10038.0
697,2013-12,12649.0
697,2014-01,9899.0
697,2014-02,10289.0
697,2014-03,10683.0
697,2014-04,10898.0
697,2014-05,10857.0
697,2014-06,11360.0
697,2014-07,10284.0
697,2014-08,10213.0
697,2014-09,10581.0
697,2014-10,10368.0
697,2014-11,11618.0
697,2014-12,12873.0
697,2015-01,11023.0
697,2015-02,10715.0
697,2015-03,11316.0
697,2015-04,11385.0
697,2015-05,11567.0
697,2015-06,12146.0
697,2015-07,10427.0
698,2013-01,13955.0
698,2013-02,14208.0
698,2013-03,15017.0
698,2013-04,14790.0
698,2013-05,15747.0
698,2013-06,15092.0
698,2013-07,13898.0
698,2013-08,14290.0
698,2013-09,13847.0
698,2013-10,14463.0
698,2013-11,14756.0
698,2013-12,16570.0
698,2014-01,14907.0
698,2014-02,15436.0
698,2014-03,15258.0
698,2014-04,16567.0
698,2014-05,16459.0
698,2014-06,16890.0
698,2014-07,16549.0
698,2014-08,14260.0
698,2014-09,14976.0
698,2014-10,15468.0
698,2014-11,15954.0
698,2014-12,16962.0
698,2015-01,15809.0
698,2015-02,15843.0
698,2015-03,16140.0
698,2015-04,17305.0
698,2015-05,17741.0
698,2015-06,16960.0
698,2015-07,16926.0
699,2013-01,7635.0
699,2013-02,8290.0
699,2013-03,9359.0
699,2013-04,8764.0
699,2013-05,9359.0
699,2013-06,8475.0
699,2013-07,8514.0
699,2013-08,7710.0
699,2013-09,7589.0
699,2013-10,7853.0
699,2013-11,8577.0
699,2013-12,10223.0
699,2014-01,8136.0
699,2014-02,8302.0
699,2014-03,8089.0
699,2014-04,8979.0
699,2014-05,8101.0
699,2014-06,8521.0
699,2014-07,7851.0
699,2014-08,6911.0
699,2014-09,7375.0
699,2014-10,7433.0
699,2014-11,8586.0
699,2014-12,9504.0
699,2015-01,11828.0
699,2015-02,7961.0
699,2015-03,8154.0
699,2015-04,8131.0
699,2015-05,7993.0
699,2015-06,7872.0
699,2015-07,7804.0
700,2013-01,2477.0
700,2013-02,2541.0
700,2013-03,2656.0
700,2013-04,2577.0
700,2013-05,2436.0
700,2013-06,5888.0
700,2013-07,5377.0
700,2013-08,4891.0
700,2013-09,4810.0
700,2013-10,3795.0
700,2013-11,4170.0
700,2013-12,5958.0
700,2014-01,4303.0
700,2014-02,4380.0
700,2014-03,4254.0
700,2014-04,4615.0
700,2014-05,4296.0
700,2014-06,4750.0
700,2014-07,4521.0
700,2014-08,4005.0
700,2014-09,4233.0
700,2014-10,4143.0
700,2014-11,4712.0
700,2014-12,5839.0
700,2015-01,4533.0
700,2015-02,4268.0
700,2015-03,4625.0
700,2015-04,4712.0
700,2015-05,4360.0
700,2015-06,4833.0
700,2015-07,4654.0
701,2013-01,5372.0
701,2013-02,5424.0
701,2013-03,6279.0
701,2013-04,5610.0
701,2013-05,5855.0
701,2013-06,5229.0
701,2013-07,5595.0
701,2013-08,5296.0
701,2013-09,5066.0
701,2013-10,5232.0
701,2013-11,5363.0
701,2013-12,6915.0
701,2014-01,5602.0
701,2014-02,5596.0
701,2014-03,5758.0
701,2014-04,6221.0
701,2014-05,5974.0
701,2014-06,6577.0
701,2015-01,5959.0
701,2015-02,5579.0
701,2015-03,6002.0
701,2015-04,6059.0
701,2015-05,6113.0
701,2015-06,6381.0
701,2015-07,5634.0
702,2013-01,4207.0
702,2013-02,4219.0
702,2013-03,4648.0
702,2013-04,4522.0
702,2013-05,4733.0
702,2013-06,4133.0
702,2013-07,4616.0
702,2013-08,4653.0
702,2013-09,4015.0
702,2013-10,4524.0
702,2013-11,4615.0
702,2013-12,5142.0
702,2014-01,4156.0
702,2014-02,4024.0
702,2014-03,3818.0
702,2014-04,4440.0
702,2014-05,4219.0
702,2014-06,4377.0
702,2015-01,4517.0
702,2015-02,3951.0
702,2015-03,4125.0
702,2015-04,4601.0
702,2015-05,4465.0
702,2015-06,4327.0
702,2015-07,4350.0
703,2013-01,3105.0
703,2013-02,3107.0
703,2013-03,3422.0
703,2013-04,3267.0
703,2013-05,3506.0
703,2013-06,3082.0
703,2013-07,3410.0
703,2013-08,3052.0
703,2013-09,3037.0
703,2013-10,3104.0
703,2013-11,3252.0
703,2013-12,4127.0
703,2014-01,3205.0
703,2014-02,3169.0
703,2014-03,3126.0
703,2014-04,3429.0
703,2014-05,3201.0
703,2014-06,3531.0
703,2014-07,3065.0
703,2014-08,2970.0
703,2014-09,3021.0
703,2014-10,3119.0
703,2014-11,3488.0
703,2014-12,3912.0
703,2015-01,3348.0
703,2015-02,3189.0
703,2015-03,3432.0
703,2015-04,3530.0
703,2015-05,3448.0
703,2015-06,3475.0
703,2015-07,3063.0
704,2013-01,9595.0
704,2013-02,9377.0
704,2013-03,10517.0
704,2013-04,9655.0
704,2013-05,10000.0
704,2013-06,9071.0
704,2013-07,9131.0
704,2013-08,9621.0
704,2013-09,9417.0
704,2013-10,9230.0
704,2013-11,10103.0
704,2013-12,12534.0
704,2014-01,9623.0
704,2014-02,9835.0
704,2014-03,10090.0
704,2014-04,11004.0
704,2014-05,10296.0
704,2014-06,10849.0
704,2014-07,10070.0
704,2014-08,10569.0
704,2014-09,10899.0
704,2014-10,10236.0
704,2014-11,11523.0
704,2014-12,12817.0
704,2015-01,10383.0
704,2015-02,10264.0
704,2015-03,11049.0
704,2015-04,11076.0
704,2015-05,11310.0
704,2015-06,11428.0
704,2015-07,10964.0
705,2013-01,7480.0
705,2013-02,7441.0
705,2013-03,8161.0
705,2013-04,7911.0
705,2013-05,8211.0
705,2013-06,6947.0
705,2013-07,8345.0
705,2013-08,7092.0
705,2013-09,7028.0
705,2013-10,7523.0
705,2013-11,7735.0
705,2013-12,9595.0
705,2014-01,7790.0
705,2014-02,7840.0
705,2014-03,7676.0
705,2014-04,8443.0
705,2014-05,7847.0
705,2014-06,8207.0
705,2014-07,7948.0
705,2014-08,7240.0
705,2014-09,7891.0
705,2014-10,7837.0
705,2014-11,8524.0
705,2014-12,9229.0
705,2015-01,8006.0
705,2015-02,7761.0
705,2015-03,8132.0
705,2015-04,8724.0
705,2015-05,8397.0
705,2015-06,8429.0
705,2015-07,7902.0
706,2013-01,5144.0
706,2013-02,5181.0
706,2013-03,5737.0
706,2013-04,5365.0
706,2013-05,6114.0
706,2013-06,5580.0
706,2013-07,5833.0
706,2013-08,5719.0
706,2013-09,5149.0
706,2013-10,5295.0
706,2013-11,5707.0
706,2013-12,7130.0
706,2014-01,5325.0
706,2014-02,5398.0
706,2014-03,5669.0
706,2014-04,6172.0
706,2014-05,6127.0
706,2014-06,6255.0
706,2015-01,5775.0
706,2015-02,5556.0
706,2015-03,5554.0
706,2015-04,5955.0
706,2015-05,6163.0
706,2015-06,5872.0
706,2015-07,5976.0
707,2013-01,7422.0
707,2013-02,7650.0
707,2013-03,8669.0
707,2013-04,7699.0
707,2013-05,8226.0
707,2013-06,7431.0
707,2013-07,8391.0
707,2013-08,7631.0
707,2013-09,7461.0
707,2013-10,7471.0
707,2013-11,8032.0
707,2013-12,10233.0
707,2014-01,7859.0
707,2014-02,8100.0
707,2014-03,8096.0
707,2014-04,8796.0
707,2014-05,8115.0
707,2014-06,8906.0
707,2014-07,8023.0
707,2014-08,8092.0
707,2014-09,8042.0
707,2014-10,7971.0
707,2014-11,9103.0
707,2014-12,10112.0
707,2015-01,8120.0
707,2015-02,8095.0
707,2015-03,8846.0
707,2015-04,9189.0
707,2015-05,8831.0
707,2015-06,9219.0
707,2015-07,8457.0
708,2013-01,1936.0
708,2013-02,2027.0
708,2013-03,2216.0
708,2013-04,5519.0
708,2013-05,3968.0
708,2013-06,3465.0
708,2013-07,3824.0
708,2013-08,3720.0
708,2013-09,3471.0
708,2013-10,3598.0
708,2013-11,3984.0
708,2013-12,5103.0
708,2014-01,3714.0
708,2014-02,3823.0
708,2014-03,3813.0
708,2014-04,4273.0
708,2014-05,4846.0
708,2014-06,6249.0
708,2014-07,1980.0
708,2014-10,7111.0
708,2014-11,5797.0
708,2014-12,6878.0
708,2015-01,5401.0
708,2015-02,5155.0
708,2015-03,5755.0
708,2015-04,5910.0
708,2015-05,5954.0
708,2015-06,5928.0
708,2015-07,5840.0
709,2013-01,9157.0
709,2013-02,9431.0
709,2013-03,9915.0
709,2013-04,9866.0
709,2013-05,10058.0
709,2013-06,9261.0
709,2013-07,9308.0
709,2013-08,9265.0
709,2013-09,9274.0
709,2013-10,9199.0
709,2013-11,9263.0
709,2013-12,10839.0
709,2014-01,9506.0
709,2014-02,9943.0
709,2014-03,9781.0
709,2014-04,10534.0
709,2014-05,9986.0
709,2014-06,10488.0
709,2014-07,10197.0
709,2014-08,9174.0
709,2014-09,10045.0
709,2014-10,10192.0
709,2014-11,10278.0
709,2014-12,10770.0
709,2015-01,9117.0
709,2015-02,9708.0
709,2015-03,10307.0
709,2015-04,10715.0
709,2015-05,10296.0
709,2015-06,10550.0
709,2015-07,10345.0
710,2013-01,3887.0
710,2013-02,3846.0
710,2013-03,4652.0
710,2013-04,4131.0
710,2013-05,4515.0
710,2013-06,4122.0
710,2013-07,4170.0
710,2013-08,4268.0
710,2013-09,4019.0
710,2013-10,4201.0
710,2013-11,4365.0
710,2013-12,5803.0
710,2014-01,4530.0
710,2014-02,4418.0
710,2014-03,4488.0
710,2014-04,4805.0
710,2014-05,4633.0
710,2014-06,4981.0
710,2015-01,4974.0
710,2015-02,4469.0
710,2015-03,4808.0
710,2015-04,5005.0
710,2015-05,5104.0
710,2015-06,5136.0
710,2015-07,4530.0
711,2013-01,6128.0
711,2013-02,6295.0
711,2013-03,6945.0
711,2013-04,6705.0
711,2013-05,7312.0
711,2013-06,6706.0
711,2013-07,7187.0
711,2013-08,6749.0
711,2013-09,6477.0
711,2013-10,6195.0
711,2013-11,6895.0
711,2013-12,8523.0
711,2014-01,7073.0
711,2014-02,6781.0
711,2014-03,6941.0
711,2014-04,7372.0
711,2014-05,7285.0
711,2014-06,8053.0
711,2015-01,7508.0
711,2015-02,6741.0
711,2015-03,7517.0
711,2015-04,7595.0
711,2015-05,6486.0
711,2015-06,6051.0
711,2015-07,5633.0
712,2013-01,6192.0
712,2013-02,5916.0
712,2013-03,6723.0
712,2013-04,6359.0
712,2013-05,6858.0
712,2013-06,6046.0
712,2013-07,6879.0
712,2013-08,6557.0
712,2013-09,5916.0
712,2013-10,6489.0
712,2013-11,6490.0
712,2013-12,8486.0
712,2014-01,6440.0
712,2014-02,6253.0
712,2014-03,6135.0
712,2014-04,6924.0
712,2014-05,6623.0
712,2014-06,7149.0
712,2015-01,5974.0
712,2015-02,5400.0
712,2015-03,6172.0
712,2015-04,6224.0
712,2015-05,6150.0
712,2015-06,6243.0
712,2015-07,6051.0
713,2013-01,10643.0
713,2013-02,11096.0
713,2013-03,12904.0
713,2013-04,11380.0
713,2013-05,12411.0
713,2013-06,11359.0
713,2013-07,12623.0
713,2013-08,11531.0
713,2013-09,10932.0
713,2013-10,10056.0
713,2013-11,10876.0
713,2013-12,13080.0
713,2014-01,9342.0
713,2014-02,9717.0
713,2014-03,10884.0
713,2014-04,11084.0
713,2014-05,10341.0
713,2014-06,11341.0
713,2014-07,10763.0
713,2014-08,10860.0
713,2014-09,10458.0
713,2014-10,10191.0
713,2014-11,11248.0
713,2014-12,11351.0
713,2015-01,8922.0
713,2015-02,8982.0
713,2015-03,9541.0
713,2015-04,10043.0
713,2015-05,9732.0
713,2015-06,10062.0
713,2015-07,8779.0
714,2013-01,3028.0
714,2013-02,3354.0
714,2013-03,4368.0
714,2013-04,3605.0
714,2013-05,3971.0
714,2013-06,3644.0
714,2013-07,3928.0
714,2013-08,3824.0
714,2013-09,3820.0
714,2013-10,3852.0
714,2013-11,4204.0
714,2013-12,5745.0
714,2014-01,4163.0
714,2014-02,4239.0
714,2014-03,4309.0
714,2014-04,4673.0
714,2014-05,4441.0
714,2014-06,4908.0
714,2014-07,4571.0
714,2014-08,4640.0
714,2014-09,4695.0
714,2014-10,4576.0
714,2014-11,5251.0
714,2014-12,6476.0
714,2015-01,5261.0
714,2015-02,4844.0
714,2015-03,5340.0
714,2015-04,5417.0
714,2015-05,5480.0
714,2015-06,5458.0
714,2015-07,5312.0
715,2013-01,6348.0
715,2013-02,7103.0
715,2013-03,7594.0
715,2013-04,6196.0
715,2013-05,6632.0
715,2013-06,5852.0
715,2013-07,6992.0
715,2013-08,6263.0
715,2013-09,5913.0
715,2013-10,5924.0
715,2013-11,6295.0
715,2013-12,8833.0
715,2014-01,6060.0
715,2014-02,6243.0
715,2014-03,5961.0
715,2014-04,6794.0
715,2014-05,6350.0
715,2014-06,6413.0
715,2014-07,6432.0
715,2014-08,5800.0
715,2014-09,6305.0
715,2014-10,6184.0
715,2014-11,6592.0
715,2014-12,8087.0
715,2015-01,6227.0
715,2015-02,5877.0
715,2015-03,6135.0
715,2015-04,6691.0
715,2015-05,6325.0
715,2015-06,6487.0
715,2015-07,6382.0
716,2013-01,5269.0
716,2013-02,5239.0
716,2013-03,6016.0
716,2013-04,5381.0
716,2013-05,6130.0
716,2013-06,5563.0
716,2013-07,5941.0
716,2013-08,5699.0
716,2013-09,5366.0
716,2013-10,5322.0
716,2013-11,5741.0
716,2013-12,7038.0
716,2014-01,5395.0
716,2014-02,5355.0
716,2014-03,5474.0
716,2014-04,5745.0
716,2014-05,5825.0
716,2014-06,6153.0
716,2015-01,5778.0
716,2015-02,5358.0
716,2015-03,5841.0
716,2015-04,5979.0
716,2015-05,5920.0
716,2015-06,5985.0
716,2015-07,5551.0
717,2013-01,4859.0
717,2013-02,5011.0
717,2013-03,5844.0
717,2013-04,5081.0
717,2013-05,5465.0
717,2013-06,4807.0
717,2013-07,5221.0
717,2013-08,4882.0
717,2013-09,4955.0
717,2013-10,5111.0
717,2013-11,5365.0
717,2013-12,7163.0
717,2014-01,5567.0
717,2014-02,5433.0
717,2014-03,5415.0
717,2014-04,5718.0
717,2014-05,5404.0
717,2014-06,6062.0
717,2014-07,5111.0
717,2014-08,5470.0
717,2014-09,5510.0
717,2014-10,5463.0
717,2014-11,6313.0
717,2014-12,7357.0
717,2015-01,6117.0
717,2015-02,5719.0
717,2015-03,6014.0
717,2015-04,5575.0
717,2015-05,5423.0
717,2015-06,5857.0
717,2015-07,5123.0
718,2013-01,7410.0
718,2013-02,7684.0
718,2013-03,8523.0
718,2013-04,7738.0
718,2013-05,8435.0
718,2013-06,7672.0
718,2013-07,8010.0
718,2013-08,7439.0
718,2013-09,7229.0
718,2013-10,7246.0
718,2013-11,7699.0
718,2013-12,9810.0
718,2014-01,7484.0
718,2014-02,7730.0
718,2014-03,7580.0
718,2014-04,8364.0
718,2014-05,7952.0
718,2014-06,8168.0
718,2014-07,8158.0
718,2014-08,7389.0
718,2014-09,7666.0
718,2014-10,7806.0
718,2014-11,8334.0
718,2014-12,9402.0
718,2015-01,7489.0
718,2015-02,7588.0
718,2015-03,7964.0
718,2015-04,8095.0
718,2015-05,8250.0
718,2015-06,7803.0
718,2015-07,7476.0
719,2013-01,4793.0
719,2013-02,4865.0
719,2013-03,5342.0
719,2013-04,4844.0
719,2013-05,5694.0
719,2013-06,5157.0
719,2013-07,5580.0
719,2013-08,5934.0
719,2013-09,5531.0
719,2013-10,5355.0
719,2013-11,5481.0
719,2013-12,6605.0
719,2014-01,5306.0
719,2014-02,5135.0
719,2014-03,5048.0
719,2014-04,5746.0
719,2014-05,5874.0
719,2014-06,6106.0
719,2015-01,5225.0
719,2015-02,4856.0
719,2015-03,4786.0
719,2015-04,5197.0
719,2015-05,5464.0
719,2015-06,5320.0
719,2015-07,5457.0
720,2013-01,6476.0
720,2013-02,6779.0
720,2013-03,7638.0
720,2013-04,7224.0
720,2013-05,7166.0
720,2013-06,6690.0
720,2013-07,7123.0
720,2013-08,7294.0
720,2013-09,6512.0
720,2013-10,6755.0
720,2013-11,7151.0
720,2013-12,9370.0
720,2014-01,6862.0
720,2014-02,6895.0
720,2014-03,6782.0
720,2014-04,7367.0
720,2014-05,6829.0
720,2014-06,6934.0
720,2014-07,7100.0
720,2014-08,7030.0
720,2014-09,6828.0
720,2014-10,6704.0
720,2014-11,7453.0
720,2014-12,9074.0
720,2015-01,7033.0
720,2015-02,6674.0
720,2015-03,6947.0
720,2015-04,7615.0
720,2015-05,7384.0
720,2015-06,7173.0
720,2015-07,7464.0
721,2013-01,6872.0
721,2013-02,7436.0
721,2013-03,8194.0
721,2013-04,7236.0
721,2013-05,7903.0
721,2013-06,7269.0
721,2013-07,6851.0
721,2013-08,7623.0
721,2013-09,6817.0
721,2013-10,6880.0
721,2013-11,8240.0
721,2013-12,9669.0
721,2014-01,7066.0
721,2014-02,7219.0
721,2014-03,7142.0
721,2014-04,7951.0
721,2014-05,7791.0
721,2014-06,7409.0
721,2014-07,7063.0
721,2014-08,7681.0
721,2014-09,7268.0
721,2014-10,7238.0
721,2014-11,8616.0
721,2014-12,9928.0
721,2015-01,7650.0
721,2015-02,7407.0
721,2015-03,7730.0
721,2015-04,8347.0
721,2015-05,8372.0
721,2015-06,7527.0
721,2015-07,7844.0
722,2013-01,9285.0
722,2013-02,9519.0
722,2013-03,10434.0
722,2013-04,9914.0
722,2013-05,10298.0
722,2013-06,9901.0
722,2013-07,9634.0
722,2013-08,9284.0
722,2013-09,9217.0
722,2013-10,9278.0
722,2013-11,9998.0
722,2013-12,12696.0
722,2014-01,9144.0
722,2014-02,9546.0
722,2014-03,9405.0
722,2014-04,10136.0
722,2014-05,10065.0
722,2014-06,9927.0
722,2014-07,9483.0
722,2014-08,9772.0
722,2014-09,9528.0
722,2014-10,9574.0
722,2014-11,10420.0
722,2014-12,12455.0
722,2015-01,9393.0
722,2015-02,9364.0
722,2015-03,9681.0
722,2015-04,10590.0
722,2015-05,10909.0
722,2015-06,9117.0
722,2015-07,7615.0
723,2013-01,4673.0
723,2013-02,5519.0
723,2013-03,6271.0
723,2013-04,5842.0
723,2013-05,6495.0
723,2013-06,5800.0
723,2013-07,6447.0
723,2013-08,6147.0
723,2013-09,5886.0
723,2013-10,6442.0
723,2013-11,6777.0
723,2013-12,8002.0
723,2014-01,6473.0
723,2014-02,6468.0
723,2014-03,6662.0
723,2014-04,7542.0
723,2014-05,7272.0
723,2014-06,7471.0
723,2014-07,7426.0
723,2014-08,6942.0
723,2014-09,7065.0
723,2014-10,7199.0
723,2014-11,7928.0
723,2014-12,9134.0
723,2015-01,7877.0
723,2015-02,7239.0
723,2015-03,7953.0
723,2015-04,8382.0
723,2015-05,8279.0
723,2015-06,8246.0
723,2015-07,8340.0
724,2013-01,6058.0
724,2013-02,6255.0
724,2013-03,7153.0
724,2013-04,6101.0
724,2013-05,6632.0
724,2013-06,5912.0
724,2013-07,6376.0
724,2013-08,6043.0
724,2013-09,6099.0
724,2013-10,6134.0
724,2013-11,6786.0
724,2013-12,8654.0
724,2014-01,6286.0
724,2014-02,6510.0
724,2014-03,6358.0
724,2014-04,7184.0
724,2014-05,6869.0
724,2014-06,7275.0
724,2014-07,6627.0
724,2014-08,6667.0
724,2014-09,6690.0
724,2014-10,6680.0
724,2014-11,7633.0
724,2014-12,9083.0
724,2015-01,6736.0
724,2015-02,6754.0
724,2015-03,7052.0
724,2015-04,7395.0
724,2015-05,7465.0
724,2015-06,7479.0
724,2015-07,6667.0
725,2013-01,5089.0
725,2013-02,5247.0
725,2013-03,5991.0
725,2013-04,5369.0
725,2013-05,5748.0
725,2013-06,5485.0
725,2013-07,5596.0
725,2013-08,5995.0
725,2013-09,5260.0
725,2013-10,5256.0
725,2013-11,6208.0
725,2013-12,7600.0
725,2014-01,5322.0
725,2014-02,5260.0
725,2014-03,5291.0
725,2014-04,5845.0
725,2014-05,5680.0
725,2014-06,5636.0
725,2014-07,5498.0
725,2014-08,5901.0
725,2014-09,5378.0
725,2014-10,5338.0
725,2014-11,6348.0
725,2014-12,7599.0
725,2015-01,5496.0
725,2015-02,5494.0
725,2015-03,5623.0
725,2015-04,5967.0
725,2015-05,5957.0
725,2015-06,5818.0
725,2015-07,6015.0
726,2013-01,9898.0
726,2013-02,10107.0
726,2013-03,12063.0
726,2013-04,9843.0
726,2013-05,11015.0
726,2013-06,9604.0
726,2013-07,11062.0
726,2013-08,10214.0
726,2013-09,10024.0
726,2013-10,10095.0
726,2013-11,11397.0
726,2013-12,15574.0
726,2014-01,10262.0
726,2014-02,10663.0
726,2014-03,10354.0
726,2014-04,11721.0
726,2014-05,10767.0
726,2014-06,11094.0
726,2014-07,10360.0
726,2014-08,9989.0
726,2014-09,10485.0
726,2014-10,10501.0
726,2014-11,12257.0
726,2014-12,15355.0
726,2015-01,11148.0
726,2015-02,10550.0
726,2015-03,11624.0
726,2015-04,11454.0
726,2015-05,11104.0
726,2015-06,11355.0
726,2015-07,11024.0
727,2013-01,4101.0
727,2013-02,4223.0
727,2013-03,4577.0
727,2013-04,4379.0
727,2013-05,4697.0
727,2013-06,4220.0
727,2013-07,4588.0
727,2013-08,4255.0
727,2013-09,4083.0
727,2013-10,4256.0
727,2013-11,4436.0
727,2013-12,5390.0
727,2014-01,4287.0
727,2014-02,4307.0
727,2014-03,4388.0
727,2014-04,4804.0
727,2014-05,4532.0
727,2014-06,4790.0
727,2014-07,4553.0
727,2014-08,4188.0
727,2014-09,4321.0
727,2014-10,4411.0
727,2014-11,4800.0
727,2014-12,5381.0
727,2015-01,4495.0
727,2015-02,4241.0
727,2015-03,4687.0
727,2015-04,4792.0
727,2015-05,4808.0
727,2015-06,4769.0
727,2015-07,4793.0
728,2013-01,4700.0
728,2013-02,4867.0
728,2013-03,5278.0
728,2013-04,4920.0
728,2013-05,5251.0
728,2013-06,4772.0
728,2013-07,5128.0
728,2013-08,4800.0
728,2013-09,4681.0
728,2013-10,4866.0
728,2013-11,5333.0
728,2013-12,6589.0
728,2014-01,5011.0
728,2014-02,5013.0
728,2014-03,5036.0
728,2014-04,5341.0
728,2014-05,5354.0
728,2014-06,5503.0
728,2014-07,5112.0
728,2014-08,5057.0
728,2014-09,4892.0
728,2014-10,5130.0
728,2014-11,5646.0
728,2014-12,6453.0
728,2015-01,5312.0
728,2015-02,5066.0
728,2015-03,5257.0
728,2015-04,5676.0
728,2015-05,5691.0
728,2015-06,5555.0
728,2015-07,5548.0
729,2013-01,9037.0
729,2013-02,9413.0
729,2013-03,10666.0
729,2013-04,9658.0
729,2013-05,10748.0
729,2013-06,9482.0
729,2013-07,10627.0
729,2013-08,9594.0
729,2013-09,9514.0
729,2013-10,9354.0
729,2013-11,10150.0
729,2013-12,12808.0
729,2014-01,9985.0
729,2014-02,10352.0
729,2014-03,10124.0
729,2014-04,11042.0
729,2014-05,10666.0
729,2014-06,11402.0
729,2014-07,10177.0
729,2014-08,10203.0
729,2014-09,10354.0
729,2014-10,9886.0
729,2014-11,11266.0
729,2014-12,13223.0
729,2015-01,10936.0
729,2015-02,10595.0
729,2015-03,10930.0
729,2015-04,11368.0
729,2015-05,11540.0
729,2015-06,11926.0
729,2015-07,10539.0
730,2013-01,9134.0
730,2013-02,9325.0
730,2013-03,10380.0
730,2013-04,9384.0
730,2013-05,9919.0
730,2013-06,9376.0
730,2013-07,9163.0
730,2013-08,9109.0
730,2013-09,8037.0
730,2013-10,6868.0
730,2013-11,7451.0
730,2013-12,9795.0
730,2014-01,7023.0
730,2014-02,7090.0
730,2014-03,7132.0
730,2014-04,7924.0
730,2014-05,7456.0
730,2014-06,7474.0
730,2014-07,7280.0
730,2014-08,7037.0
730,2014-09,6910.0
730,2014-10,7129.0
730,2014-11,8157.0
730,2014-12,9723.0
730,2015-01,7122.0
730,2015-02,7116.0
730,2015-03,7575.0
730,2015-04,7784.0
730,2015-05,7639.0
730,2015-06,7321.0
730,2015-07,7202.0
731,2013-01,8901.0
731,2013-02,9096.0
731,2013-03,10037.0
731,2013-04,9398.0
731,2013-05,9931.0
731,2013-06,8876.0
731,2013-07,9993.0
731,2013-08,8629.0
731,2013-09,8404.0
731,2013-10,8511.0
731,2013-11,8777.0
731,2013-12,11624.0
731,2014-01,8628.0
731,2014-02,8797.0
731,2014-03,9313.0
731,2014-04,9563.0
731,2014-05,8962.0
731,2014-06,10024.0
731,2014-07,9076.0
731,2014-08,8363.0
731,2014-09,8962.0
731,2014-10,8524.0
731,2014-11,9638.0
731,2014-12,10777.0
731,2015-01,8956.0
731,2015-02,8715.0
731,2015-03,9104.0
731,2015-04,9488.0
731,2015-05,9286.0
731,2015-06,9962.0
731,2015-07,8788.0
732,2013-01,3982.0
732,2013-02,3971.0
732,2013-03,5029.0
732,2013-04,4520.0
732,2013-05,5647.0
732,2013-06,5861.0
732,2013-07,8793.0
732,2013-08,7835.0
732,2013-09,5530.0
732,2013-10,5170.0
732,2013-11,4787.0
732,2013-12,5740.0
732,2014-01,4371.0
732,2014-02,4397.0
732,2014-03,4690.0
732,2014-04,6048.0
732,2014-05,5846.0
732,2014-06,6579.0
732,2014-07,8300.0
732,2014-08,8606.0
732,2014-09,6275.0
732,2014-10,5394.0
732,2014-11,4997.0
732,2014-12,5356.0
732,2015-01,4244.0
732,2015-02,4133.0
732,2015-03,4725.0
732,2015-04,5329.0
732,2015-05,5920.0
732,2015-06,6795.0
732,2015-07,8856.0
733,2013-01,12985.0
733,2013-02,14073.0
733,2013-03,15045.0
733,2013-04,14168.0
733,2013-05,14862.0
733,2013-06,14132.0
733,2013-07,14255.0
733,2013-08,13258.0
733,2013-09,14067.0
733,2013-10,14904.0
733,2013-11,15609.0
733,2013-12,16914.0
733,2014-01,14169.0
733,2014-02,14536.0
733,2014-03,14681.0
733,2014-04,15103.0
733,2014-05,15582.0
733,2014-06,15136.0
733,2014-07,15075.0
733,2014-08,15487.0
733,2014-09,15149.0
733,2014-10,14583.0
733,2014-11,15935.0
733,2014-12,16496.0
733,2015-01,14167.0
733,2015-02,15453.0
733,2015-03,15744.0
733,2015-04,15568.0
733,2015-05,15668.0
733,2015-06,15521.0
733,2015-07,14574.0
734,2013-01,7152.0
734,2013-02,7301.0
734,2013-03,7937.0
734,2013-04,6037.0
734,2013-05,5912.0
734,2013-06,5197.0
734,2013-07,6068.0
734,2013-08,5252.0
734,2013-09,5226.0
734,2013-10,5703.0
734,2013-11,6158.0
734,2013-12,7725.0
734,2014-01,5795.0
734,2014-02,6064.0
734,2014-03,5776.0
734,2014-04,5991.0
734,2014-05,5568.0
734,2014-06,6169.0
734,2014-07,5531.0
734,2014-08,5460.0
734,2014-09,5148.0
734,2014-10,5739.0
734,2014-11,6463.0
734,2014-12,7129.0
734,2015-01,5634.0
734,2015-02,5307.0
734,2015-03,5676.0
734,2015-04,5787.0
734,2015-05,5841.0
734,2015-06,5881.0
734,2015-07,5105.0
735,2013-01,4854.0
735,2013-02,5307.0
735,2013-03,5959.0
735,2013-04,4792.0
735,2013-05,5562.0
735,2013-06,5482.0
735,2013-07,5097.0
735,2013-08,4915.0
735,2013-09,4827.0
735,2013-10,5123.0
735,2013-11,5558.0
735,2013-12,7474.0
735,2014-01,5388.0
735,2014-02,5215.0
735,2014-03,5123.0
735,2014-04,5734.0
735,2014-05,5117.0
735,2014-06,5424.0
735,2014-07,5290.0
735,2014-08,4996.0
735,2014-09,5396.0
735,2014-10,5501.0
735,2014-11,6191.0
735,2014-12,7454.0
735,2015-01,5975.0
735,2015-02,5283.0
735,2015-03,5707.0
735,2015-04,5956.0
735,2015-05,5596.0
735,2015-06,5586.0
735,2015-07,5432.0
736,2013-01,4953.0
736,2013-02,4818.0
736,2013-03,5858.0
736,2013-04,4791.0
736,2013-05,5268.0
736,2013-06,4806.0
736,2013-07,4992.0
736,2013-08,4940.0
736,2013-09,5117.0
736,2013-10,4822.0
736,2013-11,5299.0
736,2013-12,6792.0
736,2014-01,4988.0
736,2014-02,4970.0
736,2014-03,5039.0
736,2014-04,5195.0
736,2014-05,5073.0
736,2014-06,5328.0
736,2015-01,5776.0
736,2015-02,5683.0
736,2015-03,6471.0
736,2015-04,5152.0
736,2015-05,5017.0
736,2015-06,5243.0
736,2015-07,4802.0
737,2013-01,5332.0
737,2013-02,5512.0
737,2013-03,6300.0
737,2013-04,5748.0
737,2013-05,5892.0
737,2013-06,5296.0
737,2013-07,6040.0
737,2013-08,5757.0
737,2013-09,5668.0
737,2013-10,5812.0
737,2013-11,6046.0
737,2013-12,7998.0
737,2014-01,5854.0
737,2014-02,5988.0
737,2014-03,6395.0
737,2014-04,6335.0
737,2014-05,5965.0
737,2014-06,6437.0
737,2014-07,5894.0
737,2014-08,5744.0
737,2014-09,5952.0
737,2014-10,5892.0
737,2014-11,7000.0
737,2014-12,7582.0
737,2015-01,5790.0
737,2015-02,5710.0
737,2015-03,6272.0
737,2015-04,6465.0
737,2015-05,6482.0
737,2015-06,6721.0
737,2015-07,6038.0
738,2013-01,7387.0
738,2013-02,7668.0
738,2013-03,8571.0
738,2013-04,7797.0
738,2013-05,8898.0
738,2013-06,7939.0
738,2013-07,8419.0
738,2013-08,7633.0
738,2013-09,7807.0
738,2013-10,7937.0
738,2013-11,8712.0
738,2013-12,10361.0
738,2014-01,8168.0
738,2014-02,8232.0
738,2014-03,8107.0
738,2014-04,8566.0
738,2014-05,8283.0
738,2014-06,8811.0
738,2014-07,7958.0
738,2014-08,8153.0
738,2014-09,8095.0
738,2014-10,8210.0
738,2014-11,9316.0
738,2014-12,10547.0
738,2015-01,8837.0
738,2015-02,8418.0
738,2015-03,8838.0
738,2015-04,9229.0
738,2015-05,9209.0
738,2015-06,9580.0
738,2015-07,8515.0
739,2013-01,7720.0
739,2013-02,7826.0
739,2013-03,8939.0
739,2013-04,8285.0
739,2013-05,9383.0
739,2013-06,8404.0
739,2013-07,9033.0
739,2013-08,9262.0
739,2013-09,8567.0
739,2013-10,8724.0
739,2013-11,9223.0
739,2013-12,11804.0
739,2014-01,9350.0
739,2014-02,9253.0
739,2014-03,9243.0
739,2014-04,9821.0
739,2014-05,9891.0
739,2014-06,10483.0
739,2015-01,10519.0
739,2015-02,9326.0
739,2015-03,10189.0
739,2015-04,10957.0
739,2015-05,11458.0
739,2015-06,11172.0
739,2015-07,10463.0
740,2013-01,5875.0
740,2013-02,6397.0
740,2013-03,7111.0
740,2013-04,6578.0
740,2013-05,7178.0
740,2013-06,6516.0
740,2013-07,7129.0
740,2013-08,6359.0
740,2013-09,6112.0
740,2013-10,6131.0
740,2013-11,6394.0
740,2013-12,8040.0
740,2014-01,6455.0
740,2014-02,6970.0
740,2014-03,6955.0
740,2014-04,7321.0
740,2014-05,7090.0
740,2014-06,7475.0
740,2014-07,7004.0
740,2014-08,6670.0
740,2014-09,6526.0
740,2014-10,6646.0
740,2014-11,7361.0
740,2014-12,8183.0
740,2015-01,6963.0
740,2015-02,6664.0
740,2015-03,7171.0
740,2015-04,7630.0
740,2015-05,7713.0
740,2015-06,7990.0
740,2015-07,7993.0
741,2013-01,5907.0
741,2013-02,6565.0
741,2013-03,7101.0
741,2013-04,6702.0
741,2013-05,7072.0
741,2013-06,6642.0
741,2013-07,6926.0
741,2013-08,7063.0
741,2013-09,6642.0
741,2013-10,6777.0
741,2013-11,7263.0
741,2013-12,9064.0
741,2014-01,7473.0
741,2014-02,7862.0
741,2014-03,7602.0
741,2014-04,7990.0
741,2014-05,7814.0
741,2014-06,7916.0
741,2014-07,7741.0
741,2014-08,7186.0
741,2014-09,7693.0
741,2014-10,7922.0
741,2014-11,8570.0
741,2014-12,9337.0
741,2015-01,7757.0
741,2015-02,7766.0
741,2015-03,8185.0
741,2015-04,8572.0
741,2015-05,8504.0
741,2015-06,8428.0
741,2015-07,8399.0
742,2013-01,6950.0
742,2013-02,7483.0
742,2013-03,8053.0
742,2013-04,7560.0
742,2013-05,8073.0
742,2013-06,7235.0
742,2013-07,7958.0
742,2013-08,7407.0
742,2013-09,7448.0
742,2013-10,7366.0
742,2013-11,7669.0
742,2013-12,9525.0
742,2014-01,7540.0
742,2014-02,7998.0
742,2014-03,7806.0
742,2014-04,8593.0
742,2014-05,8294.0
742,2014-06,8477.0
742,2014-07,7537.0
742,2014-08,7710.0
742,2014-09,7727.0
742,2014-10,7766.0
742,2014-11,8766.0
742,2014-12,9467.0
742,2015-01,8294.0
742,2015-02,8146.0
742,2015-03,8194.0
742,2015-04,8638.0
742,2015-05,8711.0
742,2015-06,8768.0
742,2015-07,8063.0
743,2013-01,3423.0
743,2013-02,3392.0
743,2013-03,3974.0
743,2013-04,3474.0
743,2013-05,3729.0
743,2013-06,3426.0
743,2013-07,3713.0
743,2013-08,3445.0
743,2013-09,3469.0
743,2013-10,3483.0
743,2013-11,3706.0
743,2013-12,5109.0
743,2014-01,3515.0
743,2014-02,3558.0
743,2014-03,3763.0
743,2014-04,3949.0
743,2014-05,3772.0
743,2014-06,4075.0
743,2014-07,3847.0
743,2014-08,3575.0
743,2014-09,3898.0
743,2014-10,3808.0
743,2014-11,4246.0
743,2014-12,4923.0
743,2015-01,3791.0
743,2015-02,3632.0
743,2015-03,4002.0
743,2015-04,3956.0
743,2015-05,3917.0
743,2015-06,4025.0
743,2015-07,3834.0
744,2013-01,6938.0
744,2013-02,6928.0
744,2013-03,7395.0
744,2013-04,7138.0
744,2013-05,7595.0
744,2013-06,7207.0
744,2013-07,7578.0
744,2013-08,6785.0
744,2013-09,9526.0
744,2013-10,7385.0
744,2013-11,7539.0
744,2013-12,8205.0
744,2014-01,7023.0
744,2014-02,7066.0
744,2014-03,7174.0
744,2014-04,7554.0
744,2014-05,7102.0
744,2014-06,7502.0
744,2015-01,7440.0
744,2015-02,6947.0
744,2015-03,7698.0
744,2015-04,7817.0
744,2015-05,7920.0
744,2015-06,7963.0
744,2015-07,7707.0
745,2013-01,7165.0
745,2013-02,6881.0
745,2013-03,7982.0
745,2013-04,7168.0
745,2013-05,7420.0
745,2013-06,6846.0
745,2013-07,7823.0
745,2013-08,7063.0
745,2013-09,6973.0
745,2013-10,6975.0
745,2013-11,7482.0
745,2013-12,9721.0
745,2014-01,7252.0
745,2014-02,7176.0
745,2014-03,7184.0
745,2014-04,7550.0
745,2014-05,7067.0
745,2014-06,7984.0
745,2014-07,7438.0
745,2014-08,6716.0
745,2014-09,7630.0
745,2014-10,7251.0
745,2014-11,8303.0
745,2014-12,9364.0
745,2015-01,7352.0
745,2015-02,6951.0
745,2015-03,7641.0
745,2015-04,7566.0
745,2015-05,7502.0
745,2015-06,7719.0
745,2015-07,7476.0
746,2013-01,4594.0
746,2013-02,4945.0
746,2013-03,5703.0
746,2013-04,4998.0
746,2013-05,5582.0
746,2013-06,4994.0
746,2013-07,5507.0
746,2013-08,5398.0
746,2013-09,4685.0
746,2013-10,4860.0
746,2013-11,5711.0
746,2013-12,7331.0
746,2014-01,5343.0
746,2014-02,5552.0
746,2014-03,5706.0
746,2014-04,6033.0
746,2014-05,6082.0
746,2014-06,6254.0
746,2014-07,6327.0
746,2014-08,6128.0
746,2014-09,6227.0
746,2014-10,6044.0
746,2014-11,7111.0
746,2014-12,8404.0
746,2015-01,6595.0
746,2015-02,6394.0
746,2015-03,7002.0
746,2015-04,7103.0
746,2015-05,6970.0
746,2015-06,6971.0
746,2015-07,6865.0
747,2013-01,7065.0
747,2013-02,7168.0
747,2013-03,8679.0
747,2013-04,7222.0
747,2013-05,7745.0
747,2013-06,7114.0
747,2013-07,7793.0
747,2013-08,7498.0
747,2013-09,7232.0
747,2013-10,7465.0
747,2013-11,8097.0
747,2013-12,10939.0
747,2014-01,7462.0
747,2014-02,7531.0
747,2014-03,7342.0
747,2014-04,8490.0
747,2014-05,8062.0
747,2014-06,7979.0
747,2014-07,7856.0
747,2014-08,7782.0
747,2014-09,7824.0
747,2014-10,7762.0
747,2014-11,8614.0
747,2014-12,11145.0
747,2015-01,8466.0
747,2015-02,7429.0
747,2015-03,8180.0
747,2015-04,8603.0
747,2015-05,8393.0
747,2015-06,7934.0
747,2015-07,8206.0
748,2013-01,5139.0
748,2013-02,5267.0
748,2013-03,5992.0
748,2013-04,5602.0
748,2013-05,6098.0
748,2013-06,5490.0
748,2013-07,5528.0
748,2013-08,5229.0
748,2013-09,4940.0
748,2013-10,5414.0
748,2013-11,5497.0
748,2013-12,7051.0
748,2014-01,5436.0
748,2014-02,5572.0
748,2014-03,5711.0
748,2014-04,6121.0
748,2014-05,5963.0
748,2014-06,6415.0
748,2014-07,5572.0
748,2014-08,5442.0
748,2014-09,5643.0
748,2014-10,5416.0
748,2014-11,6148.0
748,2014-12,6834.0
748,2015-01,5645.0
748,2015-02,5387.0
748,2015-03,5780.0
748,2015-04,6080.0
748,2015-05,5985.0
748,2015-06,6245.0
748,2015-07,5552.0
749,2013-01,5118.0
749,2013-02,5086.0
749,2013-03,5820.0
749,2013-04,5339.0
749,2013-05,5524.0
749,2013-06,5010.0
749,2013-07,5729.0
749,2013-08,5001.0
749,2013-09,4987.0
749,2013-10,5123.0
749,2013-11,5282.0
749,2013-12,6760.0
749,2014-01,5406.0
749,2014-02,5381.0
749,2014-03,5331.0
749,2014-04,5888.0
749,2014-05,5387.0
749,2014-06,5724.0
749,2014-07,5506.0
749,2014-08,4918.0
749,2014-09,5314.0
749,2014-10,4668.0
749,2014-11,4824.0
749,2014-12,5446.0
749,2015-01,4482.0
749,2015-02,4236.0
749,2015-03,4596.0
749,2015-04,4957.0
749,2015-05,4600.0
749,2015-06,4909.0
749,2015-07,4649.0
750,2013-01,4233.0
750,2013-02,4329.0
750,2013-03,4849.0
750,2013-04,4605.0
750,2013-05,5027.0
750,2013-06,4587.0
750,2013-07,4987.0
750,2013-08,4898.0
750,2013-09,4456.0
750,2013-10,4596.0
750,2013-11,4779.0
750,2013-12,6427.0
750,2014-01,4710.0
750,2014-02,4709.0
750,2014-03,4805.0
750,2014-04,5289.0
750,2014-05,5186.0
750,2014-06,5742.0
750,2015-01,5545.0
750,2015-02,5067.0
750,2015-03,5228.0
750,2015-04,5520.0
750,2015-05,5577.0
750,2015-06,5092.0
750,2015-07,4911.0
751,2013-01,3940.0
751,2013-02,3989.0
751,2013-03,4263.0
751,2013-04,4449.0
751,2013-05,4639.0
751,2013-06,4307.0
751,2013-07,4308.0
751,2013-08,3858.0
751,2013-09,3878.0
751,2013-10,4346.0
751,2013-11,4973.0
751,2013-12,4912.0
751,2014-01,4217.0
751,2014-02,4253.0
751,2014-03,4159.0
751,2014-04,4471.0
751,2014-05,4229.0
751,2014-06,4297.0
751,2014-07,3794.0
751,2014-08,3557.0
751,2014-09,3816.0
751,2014-10,3918.0
751,2014-11,4529.0
751,2014-12,4506.0
751,2015-01,4091.0
751,2015-02,3868.0
751,2015-03,3981.0
751,2015-04,4506.0
751,2015-05,4398.0
751,2015-06,4616.0
751,2015-07,3888.0
752,2013-01,6029.0
752,2013-02,6337.0
752,2013-03,5865.0
752,2013-04,4740.0
752,2013-05,5113.0
752,2013-06,4559.0
752,2013-07,5235.0
752,2013-08,4864.0
752,2013-09,4526.0
752,2013-10,4830.0
752,2013-11,5019.0
752,2013-12,6325.0
752,2014-01,5058.0
752,2014-02,5022.0
752,2014-03,4942.0
752,2014-04,5649.0
752,2014-05,5014.0
752,2014-06,5316.0
752,2014-07,5075.0
752,2014-08,4751.0
752,2014-09,4945.0
752,2014-10,5018.0
752,2014-11,5804.0
752,2014-12,6179.0
752,2015-01,5199.0
752,2015-02,5001.0
752,2015-03,5243.0
752,2015-04,5561.0
752,2015-05,5296.0
752,2015-06,5426.0
752,2015-07,5085.0
753,2013-01,8181.0
753,2013-02,8515.0
753,2013-03,9742.0
753,2013-04,8670.0
753,2013-05,9819.0
753,2013-06,8484.0
753,2013-07,9418.0
753,2013-08,8487.0
753,2013-09,8515.0
753,2013-10,8404.0
753,2013-11,9282.0
753,2013-12,10173.0
753,2014-01,7936.0
753,2014-02,8518.0
753,2014-03,8304.0
753,2014-04,8800.0
753,2014-05,8464.0
753,2014-06,8884.0
753,2014-07,7982.0
753,2014-08,8156.0
753,2014-09,8027.0
753,2014-10,7952.0
753,2014-11,9128.0
753,2014-12,10057.0
753,2015-01,8668.0
753,2015-02,8425.0
753,2015-03,8765.0
753,2015-04,9116.0
753,2015-05,9067.0
753,2015-06,8651.0
753,2015-07,7875.0
754,2013-01,8332.0
754,2013-02,8299.0
754,2013-03,10316.0
754,2013-04,8033.0
754,2013-05,8536.0
754,2013-06,7618.0
754,2013-07,8458.0
754,2013-08,8178.0
754,2013-09,7966.0
754,2013-10,8331.0
754,2013-11,9364.0
754,2013-12,13600.0
754,2014-01,8103.0
754,2014-02,6886.0
754,2014-03,6740.0
754,2014-04,7703.0
754,2014-05,7382.0
754,2014-06,7407.0
754,2014-07,7180.0
754,2014-08,7217.0
754,2014-09,6862.0
754,2014-10,7138.0
754,2014-11,8427.0
754,2014-12,11014.0
754,2015-01,7503.0
754,2015-02,7106.0
754,2015-03,7577.0
754,2015-04,7736.0
754,2015-05,7595.0
754,2015-06,7237.0
754,2015-07,7176.0
755,2013-01,9003.0
755,2013-02,9215.0
755,2013-03,11105.0
755,2013-04,9495.0
755,2013-05,10440.0
755,2013-06,9464.0
755,2013-07,10259.0
755,2013-08,10046.0
755,2013-09,9685.0
755,2013-10,9745.0
755,2013-11,10275.0
755,2013-12,13072.0
755,2014-01,9704.0
755,2014-02,9880.0
755,2014-03,9676.0
755,2014-04,10898.0
755,2014-05,10482.0
755,2014-06,10708.0
755,2014-07,10425.0
755,2014-08,10144.0
755,2014-09,10334.0
755,2014-10,10383.0
755,2014-11,11307.0
755,2014-12,13424.0
755,2015-01,10669.0
755,2015-02,10419.0
755,2015-03,10758.0
755,2015-04,11074.0
755,2015-05,11391.0
755,2015-06,10914.0
755,2015-07,10867.0
756,2013-01,14336.0
756,2013-02,14523.0
756,2013-03,16758.0
756,2013-04,15195.0
756,2013-05,16396.0
756,2013-06,15216.0
756,2013-07,15721.0
756,2013-08,15175.0
756,2013-09,15117.0
756,2013-10,15658.0
756,2013-11,16593.0
756,2013-12,22735.0
756,2014-01,15421.0
756,2014-02,15628.0
756,2014-03,15745.0
756,2014-04,17052.0
756,2014-05,16544.0
756,2014-06,17672.0
756,2014-07,16029.0
756,2014-08,16858.0
756,2014-09,16111.0
756,2014-10,15868.0
756,2014-11,17896.0
756,2014-12,21976.0
756,2015-01,15781.0
756,2015-02,15416.0
756,2015-03,16499.0
756,2015-04,17362.0
756,2015-05,18379.0
756,2015-06,18490.0
756,2015-07,16570.0
757,2013-01,5666.0
757,2013-02,5128.0
757,2013-03,5638.0
757,2013-04,5151.0
757,2013-05,5472.0
757,2013-06,5179.0
757,2013-07,5676.0
757,2013-08,5081.0
757,2013-09,5488.0
757,2013-10,5392.0
757,2013-11,6162.0
757,2013-12,7425.0
757,2014-01,5893.0
757,2014-02,5963.0
757,2014-03,6055.0
757,2014-04,6516.0
757,2014-05,6271.0
757,2014-06,6284.0
757,2014-07,6185.0
757,2014-08,5621.0
757,2014-09,6176.0
757,2014-10,6331.0
757,2014-11,7285.0
757,2014-12,8290.0
757,2015-01,6834.0
757,2015-02,6430.0
757,2015-03,6923.0
757,2015-04,7222.0
757,2015-05,7146.0
757,2015-06,7152.0
757,2015-07,7023.0
758,2013-01,4622.0
758,2013-02,4456.0
758,2013-03,4991.0
758,2013-04,4709.0
758,2013-05,4917.0
758,2013-06,4508.0
758,2013-07,4962.0
758,2013-08,4351.0
758,2013-09,4418.0
758,2013-10,4508.0
758,2013-11,4878.0
758,2013-12,6050.0
758,2014-01,4868.0
758,2014-02,4798.0
758,2014-03,4622.0
758,2014-04,5173.0
758,2014-05,4988.0
758,2014-06,4995.0
758,2014-07,4900.0
758,2014-08,4390.0
758,2014-09,4665.0
758,2014-10,4606.0
758,2014-11,5285.0
758,2014-12,5888.0
758,2015-01,4843.0
758,2015-02,4576.0
758,2015-03,4985.0
758,2015-04,5110.0
758,2015-05,4979.0
758,2015-06,4949.0
758,2015-07,5052.0
759,2013-01,5949.0
759,2013-02,6157.0
759,2013-03,7034.0
759,2013-04,6515.0
759,2013-05,7009.0
759,2013-06,6336.0
759,2013-07,6947.0
759,2013-08,6613.0
759,2013-09,6210.0
759,2013-10,6376.0
759,2013-11,6870.0
759,2013-12,8440.0
759,2014-01,6692.0
759,2014-02,6844.0
759,2014-03,6685.0
759,2014-04,7431.0
759,2014-05,7154.0
759,2014-06,7479.0
759,2014-07,6836.0
759,2014-08,6639.0
759,2014-09,6792.0
759,2014-10,6718.0
759,2014-11,7908.0
759,2014-12,8385.0
759,2015-01,7338.0
759,2015-02,6869.0
759,2015-03,7246.0
759,2015-04,7830.0
759,2015-05,7470.0
759,2015-06,7665.0
759,2015-07,7191.0
760,2013-01,7064.0
760,2013-02,7121.0
760,2013-03,7765.0
760,2013-04,7440.0
760,2013-05,7974.0
760,2013-06,7666.0
760,2013-07,7373.0
760,2013-08,7304.0
760,2013-09,7175.0
760,2013-10,7263.0
760,2013-11,7196.0
760,2013-12,8024.0
760,2014-01,7724.0
760,2014-02,7158.0
760,2014-03,7392.0
760,2014-04,8220.0
760,2014-05,8069.0
760,2014-06,8087.0
760,2014-07,7891.0
760,2014-08,7367.0
760,2014-09,7521.0
760,2014-10,7605.0
760,2014-11,7615.0
760,2014-12,8034.0
760,2015-01,7143.0
760,2015-02,7232.0
760,2015-03,7609.0
760,2015-04,8123.0
760,2015-05,8483.0
760,2015-06,8049.0
760,2015-07,8285.0
761,2013-01,8284.0
761,2013-02,8789.0
761,2013-03,9288.0
761,2013-04,8824.0
761,2013-05,9195.0
761,2013-06,8550.0
761,2013-07,8155.0
761,2013-08,8153.0
761,2013-09,7964.0
761,2013-10,7992.0
761,2013-11,7963.0
761,2013-12,9760.0
761,2014-01,7834.0
761,2014-02,8537.0
761,2014-03,8545.0
761,2014-04,9014.0
761,2014-05,8767.0
761,2014-06,9109.0
761,2014-07,8609.0
761,2014-08,8180.0
761,2014-09,8370.0
761,2014-10,8468.0
761,2014-11,8878.0
761,2014-12,9574.0
761,2015-01,8590.0
761,2015-02,8760.0
761,2015-03,9090.0
761,2015-04,9626.0
761,2015-05,9622.0
761,2015-06,9467.0
761,2015-07,9051.0
762,2013-01,6190.0
762,2013-02,3110.0
762,2013-03,3730.0
762,2013-04,3315.0
762,2013-05,3771.0
762,2013-06,3379.0
762,2013-07,3468.0
762,2013-08,3020.0
762,2013-09,3110.0
762,2013-10,3101.0
762,2013-11,3417.0
762,2013-12,4255.0
762,2014-01,3407.0
762,2014-02,3636.0
762,2014-03,3588.0
762,2014-04,3870.0
762,2014-05,3799.0
762,2014-06,4016.0
762,2014-07,3689.0
762,2014-08,3744.0
762,2014-09,3789.0
762,2014-10,4004.0
762,2014-11,4577.0
762,2014-12,5178.0
762,2015-01,4392.0
762,2015-02,4267.0
762,2015-03,4351.0
762,2015-04,4457.0
762,2015-05,4506.0
762,2015-06,4274.0
762,2015-07,4474.0
763,2013-01,5418.0
763,2013-02,5675.0
763,2013-03,6563.0
763,2013-04,5467.0
763,2013-05,6004.0
763,2013-06,5629.0
763,2013-07,5997.0
763,2013-08,6357.0
763,2013-09,5489.0
763,2013-10,5513.0
763,2013-11,6428.0
763,2013-12,7804.0
763,2014-01,5742.0
763,2014-02,5659.0
763,2014-03,5788.0
763,2014-04,6504.0
763,2014-05,6104.0
763,2014-06,6110.0
763,2014-07,6105.0
763,2014-08,6565.0
763,2014-09,5942.0
763,2014-10,5885.0
763,2014-11,6659.0
763,2014-12,7846.0
763,2015-01,5754.0
763,2015-02,5679.0
763,2015-03,6088.0
763,2015-04,6380.0
763,2015-05,6332.0
763,2015-06,6192.0
763,2015-07,6314.0
764,2013-01,1888.0
764,2013-02,1841.0
764,2013-03,1855.0
764,2013-04,5101.0
764,2013-05,3630.0
764,2013-06,3222.0
764,2013-07,3525.0
764,2013-08,3370.0
764,2013-09,3111.0
764,2013-10,3264.0
764,2013-11,3310.0
764,2013-12,4653.0
764,2014-01,3160.0
764,2014-02,3282.0
764,2014-03,3281.0
764,2014-04,3725.0
764,2014-05,3686.0
764,2014-06,3845.0
764,2014-07,3745.0
764,2014-08,3504.0
764,2014-09,3456.0
764,2014-10,3622.0
764,2014-11,3885.0
764,2014-12,4869.0
764,2015-01,3585.0
764,2015-02,3530.0
764,2015-03,3722.0
764,2015-04,3972.0
764,2015-05,4013.0
764,2015-06,4129.0
764,2015-07,4148.0
765,2013-01,7706.0
765,2013-02,7264.0
765,2013-03,8538.0
765,2013-04,7669.0
765,2013-05,8452.0
765,2013-06,7766.0
765,2013-07,8630.0
765,2013-08,8296.0
765,2013-09,7962.0
765,2013-10,7852.0
765,2013-11,8095.0
765,2013-12,10553.0
765,2014-01,8139.0
765,2014-02,8009.0
765,2014-03,7969.0
765,2014-04,8822.0
765,2014-05,8214.0
765,2014-06,8996.0
765,2014-07,8545.0
765,2014-08,8448.0
765,2014-09,8404.0
765,2014-10,8313.0
765,2014-11,8930.0
765,2014-12,10887.0
765,2015-01,8507.0
765,2015-02,8076.0
765,2015-03,8762.0
765,2015-04,9198.0
765,2015-05,9168.0
765,2015-06,8901.0
765,2015-07,8840.0
766,2013-01,5142.0
766,2013-02,5087.0
766,2013-03,6029.0
766,2013-04,5377.0
766,2013-05,5856.0
766,2013-06,5362.0
766,2013-07,5849.0
766,2013-08,5821.0
766,2013-09,5473.0
766,2013-10,5489.0
766,2013-11,5950.0
766,2013-12,7452.0
766,2014-01,5868.0
766,2014-02,5883.0
766,2014-03,5821.0
766,2014-04,6367.0
766,2014-05,6248.0
766,2014-06,6452.0
766,2015-01,6633.0
766,2015-02,6237.0
766,2015-03,6682.0
766,2015-04,7253.0
766,2015-05,7161.0
766,2015-06,6823.0
766,2015-07,6952.0
767,2013-01,5456.0
767,2013-02,5544.0
767,2013-03,6369.0
767,2013-04,5644.0
767,2013-05,5927.0
767,2013-06,5594.0
767,2013-07,6160.0
767,2013-08,6416.0
767,2013-09,5447.0
767,2013-10,5335.0
767,2013-11,6214.0
767,2013-12,7789.0
767,2014-01,5673.0
767,2014-02,5706.0
767,2014-03,5637.0
767,2014-04,6246.0
767,2014-05,5894.0
767,2014-06,6080.0
767,2014-07,6070.0
767,2014-08,6228.0
767,2014-09,5701.0
767,2014-10,5496.0
767,2014-11,6398.0
767,2014-12,7733.0
767,2015-01,5805.0
767,2015-02,5765.0
767,2015-03,6009.0
767,2015-04,6175.0
767,2015-05,6054.0
767,2015-06,5984.0
767,2015-07,6263.0
768,2013-01,11482.0
768,2013-02,11836.0
768,2013-03,13018.0
768,2013-04,12134.0
768,2013-05,12925.0
768,2013-06,12197.0
768,2013-07,12901.0
768,2013-08,13146.0
768,2013-09,11648.0
768,2013-10,11737.0
768,2013-11,12934.0
768,2013-12,15992.0
768,2014-01,12367.0
768,2014-02,12495.0
768,2014-03,12211.0
768,2014-04,13711.0
768,2014-05,13134.0
768,2014-06,13528.0
768,2014-07,12679.0
768,2014-08,13023.0
768,2014-09,12913.0
768,2014-10,12326.0
768,2014-11,13922.0
768,2014-12,15946.0
768,2015-01,13000.0
768,2015-02,12277.0
768,2015-03,12993.0
768,2015-04,13961.0
768,2015-05,13612.0
768,2015-06,13401.0
768,2015-07,13611.0
769,2013-01,7855.0
769,2013-02,8743.0
769,2013-03,9310.0
769,2013-04,9138.0
769,2013-05,9854.0
769,2013-06,9700.0
769,2013-07,9529.0
769,2013-08,9341.0
769,2013-09,10044.0
769,2013-10,10430.0
769,2013-11,10790.0
769,2013-12,11635.0
769,2014-01,9575.0
769,2014-02,10429.0
769,2014-03,10742.0
769,2014-04,11131.0
769,2014-05,11647.0
769,2014-06,11135.0
769,2014-07,11167.0
769,2014-08,10766.0
769,2014-09,11102.0
769,2014-10,11420.0
769,2014-11,12084.0
769,2014-12,12894.0
769,2015-01,11105.0
769,2015-02,12098.0
769,2015-03,11898.0
769,2015-04,12628.0
769,2015-05,12788.0
769,2015-06,12462.0
769,2015-07,12112.0
770,2013-01,6126.0
770,2013-02,6330.0
770,2013-03,7060.0
770,2013-04,6520.0
770,2013-05,6843.0
770,2013-06,6159.0
770,2013-07,6766.0
770,2013-08,6191.0
770,2013-09,6200.0
770,2013-10,6158.0
770,2013-11,6693.0
770,2013-12,8344.0
770,2014-01,6296.0
770,2014-02,6311.0
770,2014-03,6341.0
770,2014-04,6988.0
770,2014-05,6409.0
770,2014-06,7011.0
770,2014-07,6329.0
770,2014-08,6403.0
770,2014-09,6388.0
770,2014-10,6277.0
770,2014-11,7355.0
770,2014-12,8170.0
770,2015-01,6961.0
770,2015-02,6662.0
770,2015-03,6988.0
770,2015-04,5773.0
770,2015-05,5016.0
770,2015-06,5122.0
770,2015-07,4829.0
771,2013-01,6118.0
771,2013-02,6059.0
771,2013-03,6590.0
771,2013-04,6206.0
771,2013-05,6899.0
771,2013-06,6204.0
771,2013-07,6851.0
771,2013-08,6644.0
771,2013-09,6155.0
771,2013-10,6369.0
771,2013-11,6801.0
771,2013-12,8615.0
771,2014-01,6665.0
771,2014-02,6369.0
771,2014-03,6306.0
771,2014-04,6855.0
771,2014-05,6788.0
771,2014-06,7398.0
771,2015-01,6883.0
771,2015-02,6369.0
771,2015-03,6681.0
771,2015-04,7035.0
771,2015-05,7135.0
771,2015-06,7145.0
771,2015-07,7071.0
772,2013-01,2671.0
772,2013-02,2905.0
772,2013-03,3255.0
772,2013-04,2886.0
772,2013-05,3083.0
772,2013-06,3027.0
772,2013-07,2925.0
772,2013-08,3144.0
772,2013-09,3022.0
772,2013-10,3015.0
772,2013-11,3367.0
772,2013-12,4235.0
772,2014-01,3398.0
772,2014-02,3864.0
772,2014-03,3455.0
772,2014-04,3838.0
772,2014-05,3764.0
772,2014-06,3747.0
772,2014-07,3617.0
772,2014-08,3563.0
772,2014-09,3655.0
772,2014-10,3686.0
772,2014-11,4075.0
772,2014-12,4679.0
772,2015-01,3822.0
772,2015-02,3835.0
772,2015-03,3974.0
772,2015-04,4365.0
772,2015-05,4411.0
772,2015-06,3912.0
772,2015-07,4081.0
773,2013-01,6999.0
773,2013-02,6849.0
773,2013-03,6905.0
773,2013-04,6607.0
773,2013-05,6610.0
773,2013-06,6172.0
773,2013-07,6162.0
773,2013-08,5647.0
773,2013-09,5328.0
773,2013-10,5465.0
773,2013-11,5464.0
773,2013-12,5977.0
773,2014-01,5408.0
773,2014-02,5421.0
773,2014-03,5254.0
773,2014-04,5667.0
773,2014-05,5436.0
773,2014-06,5478.0
773,2014-07,5345.0
773,2014-08,5103.0
773,2014-09,5476.0
773,2014-10,5559.0
773,2014-11,5661.0
773,2014-12,5883.0
773,2015-01,5077.0
773,2015-02,5685.0
773,2015-03,5393.0
773,2015-04,5316.0
773,2015-05,5454.0
773,2015-06,5344.0
773,2015-07,5227.0
774,2013-01,5255.0
774,2013-02,5414.0
774,2013-03,5814.0
774,2013-04,5291.0
774,2013-05,5567.0
774,2013-06,5372.0
774,2013-07,5319.0
774,2013-08,5531.0
774,2013-09,5086.0
774,2013-10,5019.0
774,2013-11,5617.0
774,2013-12,6490.0
774,2014-01,5246.0
774,2014-02,5379.0
774,2014-03,5214.0
774,2014-04,5677.0
774,2014-05,5385.0
774,2014-06,5578.0
774,2014-07,5272.0
774,2014-08,5192.0
774,2014-09,5282.0
774,2014-10,5295.0
774,2014-11,5951.0
774,2014-12,6523.0
774,2015-01,5466.0
774,2015-02,5391.0
774,2015-03,5431.0
774,2015-04,5798.0
774,2015-05,5601.0
774,2015-06,5638.0
774,2015-07,5382.0
775,2013-01,7446.0
775,2013-02,7540.0
775,2013-03,8672.0
775,2013-04,8026.0
775,2013-05,8875.0
775,2013-06,8170.0
775,2013-07,8904.0
775,2013-08,8331.0
775,2013-09,8205.0
775,2013-10,8201.0
775,2013-11,8863.0
775,2013-12,10951.0
775,2014-01,8532.0
775,2014-02,8440.0
775,2014-03,8853.0
775,2014-04,9504.0
775,2014-05,9542.0
775,2014-06,10165.0
775,2015-01,8544.0
775,2015-02,7906.0
775,2015-03,8492.0
775,2015-04,8894.0
775,2015-05,9195.0
775,2015-06,8775.0
775,2015-07,8541.0
776,2013-01,4690.0
776,2013-02,4512.0
776,2013-03,5063.0
776,2013-04,4678.0
776,2013-05,4971.0
776,2013-06,4278.0
776,2013-07,4591.0
776,2013-08,4256.0
776,2013-09,4127.0
776,2013-10,4384.0
776,2013-11,4521.0
776,2013-12,5986.0
776,2014-01,4537.0
776,2014-02,4538.0
776,2014-03,4620.0
776,2014-04,4921.0
776,2014-05,4762.0
776,2014-06,5249.0
776,2014-07,4869.0
776,2014-08,4641.0
776,2014-09,4854.0
776,2014-10,4686.0
776,2014-11,5225.0
776,2014-12,5959.0
776,2015-01,4732.0
776,2015-02,4615.0
776,2015-03,4919.0
776,2015-04,5164.0
776,2015-05,4926.0
776,2015-06,5203.0
776,2015-07,4672.0
777,2013-01,2789.0
777,2013-02,2986.0
777,2013-03,3706.0
777,2013-04,3125.0
777,2013-05,3627.0
777,2013-06,3196.0
777,2013-07,3449.0
777,2013-08,3436.0
777,2013-09,3316.0
777,2013-10,3297.0
777,2013-11,3848.0
777,2013-12,4854.0
777,2014-01,3762.0
777,2014-02,3907.0
777,2014-03,3833.0
777,2014-04,4112.0
777,2014-05,4080.0
777,2014-06,4187.0
777,2014-07,3846.0
777,2014-08,4395.0
777,2014-09,4017.0
777,2014-10,3930.0
777,2014-11,4694.0
777,2014-12,5318.0
777,2015-01,4583.0
777,2015-02,4420.0
777,2015-03,4483.0
777,2015-04,4828.0
777,2015-05,4779.0
777,2015-06,4619.0
777,2015-07,4565.0
778,2013-01,5647.0
778,2013-02,5784.0
778,2013-03,6626.0
778,2013-04,5840.0
778,2013-05,6093.0
778,2013-06,5581.0
778,2013-07,6074.0
778,2013-08,5849.0
778,2013-09,5753.0
778,2013-10,5966.0
778,2013-11,6200.0
778,2013-12,7139.0
778,2014-01,5520.0
778,2014-02,5743.0
778,2014-03,5641.0
778,2014-04,5971.0
778,2014-05,5637.0
778,2014-06,5784.0
778,2015-01,5766.0
778,2015-02,5540.0
778,2015-03,6189.0
778,2015-04,5777.0
778,2015-05,5870.0
778,2015-06,5936.0
778,2015-07,5643.0
779,2013-01,6515.0
779,2013-02,6266.0
779,2013-03,7193.0
779,2013-04,6463.0
779,2013-05,6920.0
779,2013-06,6118.0
779,2013-07,6905.0
779,2013-08,6518.0
779,2013-09,6510.0
779,2013-10,6598.0
779,2013-11,7342.0
779,2013-12,10078.0
779,2014-01,6483.0
779,2014-02,6669.0
779,2014-03,6568.0
779,2014-04,7526.0
779,2014-05,7036.0
779,2014-06,7356.0
779,2014-07,7231.0
779,2014-08,6597.0
779,2014-09,7001.0
779,2014-10,6875.0
779,2014-11,8199.0
779,2014-12,10098.0
779,2015-01,6944.0
779,2015-02,6799.0
779,2015-03,7380.0
779,2015-04,7413.0
779,2015-05,7201.0
779,2015-06,7390.0
779,2015-07,7070.0
780,2013-01,6175.0
780,2013-02,6024.0
780,2013-03,6914.0
780,2013-04,6173.0
780,2013-05,6349.0
780,2013-06,5963.0
780,2013-07,6667.0
780,2013-08,5992.0
780,2013-09,5943.0
780,2013-10,6129.0
780,2013-11,6576.0
780,2013-12,8742.0
780,2014-01,6071.0
780,2014-02,6082.0
780,2014-03,6078.0
780,2014-04,6988.0
780,2014-05,6362.0
780,2014-06,6614.0
780,2014-07,6443.0
780,2014-08,5859.0
780,2014-09,6524.0
780,2014-10,6600.0
780,2014-11,7266.0
780,2014-12,8552.0
780,2015-01,6455.0
780,2015-02,6151.0
780,2015-03,6735.0
780,2015-04,6856.0
780,2015-05,6653.0
780,2015-06,6747.0
780,2015-07,6490.0
781,2013-01,4326.0
781,2013-02,4344.0
781,2013-03,4970.0
781,2013-04,4706.0
781,2013-05,4867.0
781,2013-06,4393.0
781,2013-07,4882.0
781,2013-08,4324.0
781,2013-09,4617.0
781,2013-10,4821.0
781,2013-11,5296.0
781,2013-12,6527.0
781,2014-01,4771.0
781,2014-02,4828.0
781,2014-03,4873.0
781,2014-04,5373.0
781,2014-05,4956.0
781,2014-06,4920.0
781,2014-07,4539.0
781,2014-08,4250.0
781,2014-09,4636.0
781,2014-10,4979.0
781,2014-11,5867.0
781,2014-12,6250.0
781,2015-01,5112.0
781,2015-02,4668.0
781,2015-03,4914.0
781,2015-04,5334.0
781,2015-05,4942.0
781,2015-06,4966.0
781,2015-07,4564.0
782,2013-01,4360.0
782,2013-02,4353.0
782,2013-03,5255.0
782,2013-04,4747.0
782,2013-05,4847.0
782,2013-06,4907.0
782,2013-07,5246.0
782,2013-08,5080.0
782,2013-09,4810.0
782,2013-10,4939.0
782,2013-11,5417.0
782,2013-12,7268.0
782,2014-01,5225.0
782,2014-02,5332.0
782,2014-03,5413.0
782,2014-04,5947.0
782,2014-05,5635.0
782,2014-06,6062.0
782,2014-07,5537.0
782,2014-08,5313.0
782,2014-09,5487.0
782,2014-10,5642.0
782,2014-11,6045.0
782,2014-12,7445.0
782,2015-01,5852.0
782,2015-02,5564.0
782,2015-03,5822.0
782,2015-04,5760.0
782,2015-05,5806.0
782,2015-06,5637.0
782,2015-07,5591.0
783,2013-01,6125.0
783,2013-02,6265.0
783,2013-03,7047.0
783,2013-04,6245.0
783,2013-05,6844.0
783,2013-06,6201.0
783,2013-07,6605.0
783,2013-08,6560.0
783,2013-09,6283.0
783,2013-10,6527.0
783,2013-11,6983.0
783,2013-12,8665.0
783,2014-01,6500.0
783,2014-02,6370.0
783,2014-03,6207.0
783,2014-04,7160.0
783,2014-05,6812.0
783,2014-06,6950.0
783,2014-07,6768.0
783,2014-08,6544.0
783,2014-09,6580.0
783,2014-10,6820.0
783,2014-11,7532.0
783,2014-12,8886.0
783,2015-01,6898.0
783,2015-02,6611.0
783,2015-03,6841.0
783,2015-04,7272.0
783,2015-05,7504.0
783,2015-06,7170.0
783,2015-07,7100.0
784,2013-01,6950.0
784,2013-02,7115.0
784,2013-03,7805.0
784,2013-04,7135.0
784,2013-05,7739.0
784,2013-06,7049.0
784,2013-07,8180.0
784,2013-08,7440.0
784,2013-09,7244.0
784,2013-10,7622.0
784,2013-11,7961.0
784,2013-12,9876.0
784,2014-01,7854.0
784,2014-02,8086.0
784,2014-03,8911.0
784,2014-04,8887.0
784,2014-05,8644.0
784,2014-06,9467.0
784,2014-07,8424.0
784,2014-08,8118.0
784,2014-09,8835.0
784,2014-10,7084.0
784,2014-11,7528.0
784,2014-12,8373.0
784,2015-01,6674.0
784,2015-02,6542.0
784,2015-03,7035.0
784,2015-04,7014.0
784,2015-05,6982.0
784,2015-06,7452.0
784,2015-07,6443.0
785,2013-01,4502.0
785,2013-02,4747.0
785,2013-03,5796.0
785,2013-04,5223.0
785,2013-05,6125.0
785,2013-06,5102.0
785,2013-07,5523.0
785,2013-08,5492.0
785,2013-09,5503.0
785,2013-10,5710.0
785,2013-11,6114.0
785,2013-12,7250.0
785,2014-01,5987.0
785,2014-02,6357.0
785,2014-03,6546.0
785,2014-04,7070.0
785,2014-05,6587.0
785,2014-06,7128.0
785,2014-07,6649.0
785,2014-08,6575.0
785,2014-09,6520.0
785,2014-10,6814.0
785,2014-11,7388.0
785,2014-12,8336.0
785,2015-01,8128.0
785,2015-02,6894.0
785,2015-03,7299.0
785,2015-04,8027.0
785,2015-05,7621.0
785,2015-06,7840.0
785,2015-07,7305.0
786,2013-01,3224.0
786,2013-02,3250.0
786,2013-03,3600.0
786,2013-04,3690.0
786,2013-05,3682.0
786,2013-06,3278.0
786,2013-07,3673.0
786,2013-08,3081.0
786,2013-09,3402.0
786,2013-10,3585.0
786,2013-11,3766.0
786,2013-12,4264.0
786,2014-01,3629.0
786,2014-02,3323.0
786,2014-03,3441.0
786,2014-04,3995.0
786,2014-05,3689.0
786,2014-06,3653.0
786,2014-07,3691.0
786,2014-08,3539.0
786,2014-09,3216.0
786,2014-10,3598.0
786,2014-11,3885.0
786,2014-12,4060.0
786,2015-01,3641.0
786,2015-02,3295.0
786,2015-03,3497.0
786,2015-04,3803.0
786,2015-05,3408.0
786,2015-06,3538.0
786,2015-07,3176.0
787,2013-01,9144.0
787,2013-02,9236.0
787,2013-03,10745.0
787,2013-04,9113.0
787,2013-05,10056.0
787,2013-06,9188.0
787,2013-07,9693.0
787,2013-08,9215.0
787,2013-09,9067.0
787,2013-10,9548.0
787,2013-11,10714.0
787,2013-12,13532.0
787,2014-01,9479.0
787,2014-02,9577.0
787,2014-03,9644.0
787,2014-04,10697.0
787,2014-05,9986.0
787,2014-06,10233.0
787,2014-07,9740.0
787,2014-08,9632.0
787,2014-09,9730.0
787,2014-10,10203.0
787,2014-11,11773.0
787,2014-12,13884.0
787,2015-01,10293.0
787,2015-02,10029.0
787,2015-03,10640.0
787,2015-04,10988.0
787,2015-05,10832.0
787,2015-06,10481.0
787,2015-07,10420.0
788,2013-01,16944.0
788,2013-02,17321.0
788,2013-03,18414.0
788,2013-04,17183.0
788,2013-05,18113.0
788,2013-06,17219.0
788,2013-07,16733.0
788,2013-08,17071.0
788,2013-09,16679.0
788,2013-10,17204.0
788,2013-11,18189.0
788,2013-12,20608.0
788,2014-01,17096.0
788,2014-02,17818.0
788,2014-03,17938.0
788,2014-04,19227.0
788,2014-05,18486.0
788,2014-06,18918.0
788,2014-07,17787.0
788,2014-08,16972.0
788,2014-09,17557.0
788,2014-10,17446.0
788,2014-11,18745.0
788,2014-12,20469.0
788,2015-01,17487.0
788,2015-02,17247.0
788,2015-03,18419.0
788,2015-04,18889.0
788,2015-05,19152.0
788,2015-06,18327.0
788,2015-07,17793.0
789,2013-01,2699.0
789,2013-02,2717.0
789,2013-03,2956.0
789,2013-04,2936.0
789,2013-05,3191.0
789,2013-06,3092.0
789,2013-07,3228.0
789,2013-08,3029.0
789,2013-09,3031.0
789,2013-10,3093.0
789,2013-11,3246.0
789,2013-12,3779.0
789,2014-01,3209.0
789,2014-02,3122.0
789,2014-03,3060.0
789,2014-04,3489.0
789,2014-05,3325.0
789,2014-06,3543.0
789,2014-07,3349.0
789,2014-08,3345.0
789,2014-09,3317.0
789,2014-10,3497.0
789,2014-11,3763.0
789,2014-12,4364.0
789,2015-01,3714.0
789,2015-02,3500.0
789,2015-03,3734.0
789,2015-04,3956.0
789,2015-05,3915.0
789,2015-06,3750.0
789,2015-07,3934.0
790,2013-01,6691.0
790,2013-02,6903.0
790,2013-03,7622.0
790,2013-04,6902.0
790,2013-05,7868.0
790,2013-06,7061.0
790,2013-07,7477.0
790,2013-08,7273.0
790,2013-09,6835.0
790,2013-10,6737.0
790,2013-11,7241.0
790,2013-12,9680.0
790,2014-01,6870.0
790,2014-02,7180.0
790,2014-03,7200.0
790,2014-04,7633.0
790,2014-05,7557.0
790,2014-06,7885.0
790,2014-07,7175.0
790,2014-08,7121.0
790,2014-09,7223.0
790,2014-10,7037.0
790,2014-11,7743.0
790,2014-12,9346.0
790,2015-01,7278.0
790,2015-02,7171.0
790,2015-03,7391.0
790,2015-04,7888.0
790,2015-05,7931.0
790,2015-06,7827.0
790,2015-07,7644.0
791,2013-01,5956.0
791,2013-02,6343.0
791,2013-03,6909.0
791,2013-04,6573.0
791,2013-05,7348.0
791,2013-06,6585.0
791,2013-07,7967.0
791,2013-08,6719.0
791,2013-09,6523.0
791,2013-10,6437.0
791,2013-11,6886.0
791,2013-12,8710.0
791,2014-01,7037.0
791,2014-02,7514.0
791,2014-03,7466.0
791,2014-04,8018.0
791,2014-05,7725.0
791,2014-06,8151.0
791,2014-07,7588.0
791,2014-08,7562.0
791,2014-09,7578.0
791,2014-10,7609.0
791,2014-11,8489.0
791,2014-12,9536.0
791,2015-01,8107.0
791,2015-02,8296.0
791,2015-03,8312.0
791,2015-04,9037.0
791,2015-05,9249.0
791,2015-06,9424.0
791,2015-07,8440.0
792,2013-01,7369.0
792,2013-02,7084.0
792,2013-03,8093.0
792,2013-04,7485.0
792,2013-05,8062.0
792,2013-06,6872.0
792,2013-07,7991.0
792,2013-08,7016.0
792,2013-09,6750.0
792,2013-10,7148.0
792,2013-11,7298.0
792,2013-12,9226.0
792,2014-01,7170.0
792,2014-02,7209.0
792,2014-03,6849.0
792,2014-04,7802.0
792,2014-05,7134.0
792,2014-06,7823.0
792,2014-07,7341.0
792,2014-08,6814.0
792,2014-09,7148.0
792,2014-10,7165.0
792,2014-11,7902.0
792,2014-12,8784.0
792,2015-01,7164.0
792,2015-02,6550.0
792,2015-03,6983.0
792,2015-04,7527.0
792,2015-05,7053.0
792,2015-06,7559.0
792,2015-07,6952.0
793,2013-01,4098.0
793,2013-02,4165.0
793,2013-03,4881.0
793,2013-04,4478.0
793,2013-05,5167.0
793,2013-06,4710.0
793,2013-07,5002.0
793,2013-08,4725.0
793,2013-09,4494.0
793,2013-10,4336.0
793,2013-11,4268.0
793,2013-12,5865.0
793,2014-01,4480.0
793,2014-02,4457.0
793,2014-03,4621.0
793,2014-04,5005.0
793,2014-05,4778.0
793,2014-06,5363.0
793,2014-07,4659.0
793,2014-08,4678.0
793,2014-09,4772.0
793,2014-10,4630.0
793,2014-11,5086.0
793,2014-12,5656.0
793,2015-01,4906.0
793,2015-02,4747.0
793,2015-03,4994.0
793,2015-04,5477.0
793,2015-05,5172.0
793,2015-06,5515.0
793,2015-07,4836.0
794,2013-01,2749.0
794,2013-02,2791.0
794,2013-03,2961.0
794,2013-04,2831.0
794,2013-05,3078.0
794,2013-06,2766.0
794,2013-07,2798.0
794,2013-08,2755.0
794,2013-09,2718.0
794,2013-10,2907.0
794,2013-11,3038.0
794,2013-12,3511.0
794,2014-01,2861.0
794,2014-02,2889.0
794,2014-03,2806.0
794,2014-04,3154.0
794,2014-05,3142.0
794,2014-06,3193.0
794,2014-07,2964.0
794,2014-08,2751.0
794,2014-09,2941.0
794,2014-10,3103.0
794,2014-11,3471.0
794,2014-12,3941.0
794,2015-01,3159.0
794,2015-02,3129.0
794,2015-03,3434.0
794,2015-04,3681.0
794,2015-05,3615.0
794,2015-06,3306.0
794,2015-07,3310.0
795,2013-01,4246.0
795,2013-02,4561.0
795,2013-03,5121.0
795,2013-04,4290.0
795,2013-05,4873.0
795,2013-06,4245.0
795,2013-07,4615.0
795,2013-08,4152.0
795,2013-09,4016.0
795,2013-10,3946.0
795,2013-11,4475.0
795,2013-12,5570.0
795,2014-01,4235.0
795,2014-02,4560.0
795,2014-03,4350.0
795,2014-04,4678.0
795,2014-05,4520.0
795,2014-06,4878.0
795,2014-07,4187.0
795,2014-08,4204.0
795,2014-09,4195.0
795,2014-10,4284.0
795,2014-11,5079.0
795,2014-12,5396.0
795,2015-01,4671.0
795,2015-02,4489.0
795,2015-03,4738.0
795,2015-04,4806.0
795,2015-05,4761.0
795,2015-06,5012.0
795,2015-07,4315.0
796,2013-01,6134.0
796,2013-02,6434.0
796,2013-03,7190.0
796,2013-04,6444.0
796,2013-05,7062.0
796,2013-06,6403.0
796,2013-07,7237.0
796,2013-08,6624.0
796,2013-09,6529.0
796,2013-10,6541.0
796,2013-11,6961.0
796,2013-12,8822.0
796,2014-01,6861.0
796,2014-02,6882.0
796,2014-03,6829.0
796,2014-04,7348.0
796,2014-05,7227.0
796,2014-06,7883.0
796,2014-07,7233.0
796,2014-08,7070.0
796,2014-09,7313.0
796,2014-10,7082.0
796,2014-11,7965.0
796,2014-12,9052.0
796,2015-01,7328.0
796,2015-02,7340.0
796,2015-03,7672.0
796,2015-04,7849.0
796,2015-05,7793.0
796,2015-06,8179.0
796,2015-07,7579.0
797,2013-01,3387.0
797,2013-02,3273.0
797,2013-03,3840.0
797,2013-04,3625.0
797,2013-05,4046.0
797,2013-06,3544.0
797,2013-07,3819.0
797,2013-08,3523.0
797,2013-09,3302.0
797,2013-10,3186.0
797,2013-11,3645.0
797,2013-12,4220.0
797,2014-01,3477.0
797,2014-02,3595.0
797,2014-03,4225.0
797,2014-04,4839.0
797,2014-05,4845.0
797,2014-06,5117.0
797,2015-01,4986.0
797,2015-02,4688.0
797,2015-03,4980.0
797,2015-04,5449.0
797,2015-05,5284.0
797,2015-06,5397.0
797,2015-07,5118.0
798,2013-01,7081.0
798,2013-02,7060.0
798,2013-03,7817.0
798,2013-04,7155.0
798,2013-05,7424.0
798,2013-06,6626.0
798,2013-07,7454.0
798,2013-08,6891.0
798,2013-09,6980.0
798,2013-10,6936.0
798,2013-11,7659.0
798,2013-12,9972.0
798,2014-01,7040.0
798,2014-02,7213.0
798,2014-03,6972.0
798,2014-04,7875.0
798,2014-05,7043.0
798,2014-06,7524.0
798,2014-07,7283.0
798,2014-08,6701.0
798,2014-09,7205.0
798,2014-10,7115.0
798,2014-11,8454.0
798,2014-12,9844.0
798,2015-01,7433.0
798,2015-02,7037.0
798,2015-03,7686.0
798,2015-04,7747.0
798,2015-05,7518.0
798,2015-06,7657.0
798,2015-07,7388.0
799,2013-01,8402.0
799,2013-02,8826.0
799,2013-03,9656.0
799,2013-04,8921.0
799,2013-05,9864.0
799,2013-06,9037.0
799,2013-07,9554.0
799,2013-08,9224.0
799,2013-09,9371.0
799,2013-10,9332.0
799,2013-11,10174.0
799,2013-12,12231.0
799,2014-01,9791.0
799,2014-02,10163.0
799,2014-03,9960.0
799,2014-04,10944.0
799,2014-05,10517.0
799,2014-06,10890.0
799,2014-07,9263.0
799,2014-08,9482.0
799,2014-09,9324.0
799,2014-10,9347.0
799,2014-11,10511.0
799,2014-12,12059.0
799,2015-01,9942.0
799,2015-02,9736.0
799,2015-03,10032.0
799,2015-04,10204.0
799,2015-05,10548.0
799,2015-06,10297.0
799,2015-07,9693.0
800,2013-01,5268.0
800,2013-02,5338.0
800,2013-03,6007.0
800,2013-04,5641.0
800,2013-05,6140.0
800,2013-06,5399.0
800,2013-07,5735.0
800,2013-08,5437.0
800,2013-09,5088.0
800,2013-10,5329.0
800,2013-11,5816.0
800,2013-12,7305.0
800,2014-01,5444.0
800,2014-02,5625.0
800,2014-03,5515.0
800,2014-04,6248.0
800,2014-05,6012.0
800,2014-06,6263.0
800,2014-07,4764.0
800,2014-08,4298.0
800,2014-09,4385.0
800,2014-10,4338.0
800,2014-11,5056.0
800,2014-12,5903.0
800,2015-01,4702.0
800,2015-02,4419.0
800,2015-03,4710.0
800,2015-04,5074.0
800,2015-05,4921.0
800,2015-06,4883.0
800,2015-07,4782.0
801,2013-01,3976.0
801,2013-02,4161.0
801,2013-03,4650.0
801,2013-04,4537.0
801,2013-05,5009.0
801,2013-06,4585.0
801,2013-07,5606.0
801,2013-08,4819.0
801,2013-09,4319.0
801,2013-10,4138.0
801,2013-11,4527.0
801,2013-12,5586.0
801,2014-01,4027.0
801,2014-02,4140.0
801,2014-03,4238.0
801,2014-04,5222.0
801,2014-05,4861.0
801,2014-06,5236.0
801,2014-07,5561.0
801,2014-08,5175.0
801,2014-09,4739.0
801,2014-10,4664.0
801,2014-11,5115.0
801,2014-12,5870.0
801,2015-01,4519.0
801,2015-02,4295.0
801,2015-03,4818.0
801,2015-04,5336.0
801,2015-05,5414.0
801,2015-06,5254.0
801,2015-07,5796.0
802,2013-01,6281.0
802,2013-02,6631.0
802,2013-03,7048.0
802,2013-04,6588.0
802,2013-05,6782.0
802,2013-06,6468.0
802,2013-07,6714.0
802,2013-08,6937.0
802,2013-09,6199.0
802,2013-10,6314.0
802,2013-11,7046.0
802,2013-12,8398.0
802,2014-01,6472.0
802,2014-02,6532.0
802,2014-03,6438.0
802,2014-04,7190.0
802,2014-05,6647.0
802,2014-06,6875.0
802,2014-07,6569.0
802,2014-08,6611.0
802,2014-09,6367.0
802,2014-10,6357.0
802,2014-11,7472.0
802,2014-12,8158.0
802,2015-01,6962.0
802,2015-02,6629.0
802,2015-03,6816.0
802,2015-04,7450.0
802,2015-05,7250.0
802,2015-06,6958.0
802,2015-07,7124.0
803,2013-01,5696.0
803,2013-02,5982.0
803,2013-03,6847.0
803,2013-04,6148.0
803,2013-05,6798.0
803,2013-06,6107.0
803,2013-07,6591.0
803,2013-08,6195.0
803,2013-09,5847.0
803,2013-10,5918.0
803,2013-11,6208.0
803,2013-12,7679.0
803,2014-01,5348.0
803,2014-02,5108.0
803,2014-03,5161.0
803,2014-04,5814.0
803,2014-05,5492.0
803,2014-06,5725.0
803,2014-07,5473.0
803,2014-08,8374.0
803,2014-09,5683.0
803,2014-10,5372.0
803,2014-11,6244.0
803,2014-12,7255.0
803,2015-01,5605.0
803,2015-02,5490.0
803,2015-03,5849.0
803,2015-04,6019.0
803,2015-05,6311.0
803,2015-06,6077.0
803,2015-07,5853.0
804,2013-01,4506.0
804,2013-02,4660.0
804,2013-03,5273.0
804,2013-04,4500.0
804,2013-05,4838.0
804,2013-06,4398.0
804,2013-07,4689.0
804,2013-08,4450.0
804,2013-09,4365.0
804,2013-10,4556.0
804,2013-11,4918.0
804,2013-12,5995.0
804,2014-01,5292.0
804,2014-02,5345.0
804,2014-03,4847.0
804,2014-04,4832.0
804,2014-05,4879.0
804,2014-06,4896.0
804,2015-01,5237.0
804,2015-02,4792.0
804,2015-03,5084.0
804,2015-04,5080.0
804,2015-05,5234.0
804,2015-06,5280.0
804,2015-07,5215.0
805,2013-01,6460.0
805,2013-02,6434.0
805,2013-03,7227.0
805,2013-04,6694.0
805,2013-05,7388.0
805,2013-06,6578.0
805,2013-07,7083.0
805,2013-08,7037.0
805,2013-09,6424.0
805,2013-10,6337.0
805,2013-11,5746.0
805,2013-12,6794.0
805,2014-01,4932.0
805,2014-02,4854.0
805,2014-03,5257.0
805,2014-04,5753.0
805,2014-05,5651.0
805,2014-06,5984.0
805,2015-01,5541.0
805,2015-02,5292.0
805,2015-03,5520.0
805,2015-04,5912.0
805,2015-05,5846.0
805,2015-06,5681.0
805,2015-07,5645.0
806,2013-01,6278.0
806,2013-02,6288.0
806,2013-03,6998.0
806,2013-04,6545.0
806,2013-05,7079.0
806,2013-06,6170.0
806,2013-07,6959.0
806,2013-08,6866.0
806,2013-09,6162.0
806,2013-10,6361.0
806,2013-11,6709.0
806,2013-12,8134.0
806,2014-01,6652.0
806,2014-02,6661.0
806,2014-03,6337.0
806,2014-04,6983.0
806,2014-05,6975.0
806,2014-06,7077.0
806,2015-01,7187.0
806,2015-02,6477.0
806,2015-03,6955.0
806,2015-04,7216.0
806,2015-05,7232.0
806,2015-06,7103.0
806,2015-07,6942.0
807,2013-01,8822.0
807,2013-02,9193.0
807,2013-03,10073.0
807,2013-04,9441.0
807,2013-05,10160.0
807,2013-06,9595.0
807,2013-07,9816.0
807,2013-08,9112.0
807,2013-09,8973.0
807,2013-10,9169.0
807,2013-11,9583.0
807,2013-12,11320.0
807,2014-01,9197.0
807,2014-02,9617.0
807,2014-03,9709.0
807,2014-04,10425.0
807,2014-05,10148.0
807,2014-06,10651.0
807,2014-07,10137.0
807,2014-08,9219.0
807,2014-09,9488.0
807,2014-10,9773.0
807,2014-11,10212.0
807,2014-12,10931.0
807,2015-01,9448.0
807,2015-02,9267.0
807,2015-03,9861.0
807,2015-04,10395.0
807,2015-05,10681.0
807,2015-06,10327.0
807,2015-07,10062.0
808,2013-01,6849.0
808,2013-02,6386.0
808,2013-03,7342.0
808,2013-04,6922.0
808,2013-05,7173.0
808,2013-06,6481.0
808,2013-07,7324.0
808,2013-08,6739.0
808,2013-09,6477.0
808,2013-10,6945.0
808,2013-11,7236.0
808,2013-12,9057.0
808,2014-01,6830.0
808,2014-02,6825.0
808,2014-03,6693.0
808,2014-04,7574.0
808,2014-05,7213.0
808,2014-06,7460.0
808,2014-07,7300.0
808,2014-08,6716.0
808,2014-09,7140.0
808,2014-10,7246.0
808,2014-11,8160.0
808,2014-12,9144.0
808,2015-01,7572.0
808,2015-02,6991.0
808,2015-03,7426.0
808,2015-04,7893.0
808,2015-05,7666.0
808,2015-06,7690.0
808,2015-07,7724.0
809,2013-01,8790.0
809,2013-02,8833.0
809,2013-03,9741.0
809,2013-04,8979.0
809,2013-05,9821.0
809,2013-06,8863.0
809,2013-07,10024.0
809,2013-08,8732.0
809,2013-09,8377.0
809,2013-10,8969.0
809,2013-11,9061.0
809,2013-12,11939.0
809,2014-01,8894.0
809,2014-02,8973.0
809,2014-03,8703.0
809,2014-04,9718.0
809,2014-05,9291.0
809,2014-06,10241.0
809,2014-07,9163.0
809,2014-08,8660.0
809,2014-09,8974.0
809,2014-10,8805.0
809,2014-11,9824.0
809,2014-12,11376.0
809,2015-01,9448.0
809,2015-02,8533.0
809,2015-03,9150.0
809,2015-04,9746.0
809,2015-05,9884.0
809,2015-06,10708.0
809,2015-07,9382.0
810,2013-01,5488.0
810,2013-02,5567.0
810,2013-03,6374.0
810,2013-04,5545.0
810,2013-05,6270.0
810,2013-06,5683.0
810,2013-07,5936.0
810,2013-08,5916.0
810,2013-09,5376.0
810,2013-10,5532.0
810,2013-11,5954.0
810,2013-12,7583.0
810,2014-01,5624.0
810,2014-02,5702.0
810,2014-03,5571.0
810,2014-04,6178.0
810,2014-05,5958.0
810,2014-06,6139.0
810,2014-07,5706.0
810,2014-08,5554.0
810,2014-09,5697.0
810,2014-10,5659.0
810,2014-11,6180.0
810,2014-12,7287.0
810,2015-01,5973.0
810,2015-02,5616.0
810,2015-03,5781.0
810,2015-04,6097.0
810,2015-05,6077.0
810,2015-06,6062.0
810,2015-07,5986.0
811,2013-01,3744.0
811,2013-02,3934.0
811,2013-03,4216.0
811,2013-04,4086.0
811,2013-05,4238.0
811,2013-06,4129.0
811,2013-07,4067.0
811,2013-08,4081.0
811,2013-09,3962.0
811,2013-10,3621.0
811,2013-11,4064.0
811,2013-12,5486.0
811,2014-01,3780.0
811,2014-02,3959.0
811,2014-03,3858.0
811,2014-04,4304.0
811,2014-05,4250.0
811,2014-06,4360.0
811,2014-07,4140.0
811,2014-08,3989.0
811,2014-09,3982.0
811,2014-10,3974.0
811,2014-11,4343.0
811,2014-12,5585.0
811,2015-01,3810.0
811,2015-02,3749.0
811,2015-03,3825.0
811,2015-04,4108.0
811,2015-05,4227.0
811,2015-06,4093.0
811,2015-07,4286.0
812,2013-01,6179.0
812,2013-02,6140.0
812,2013-03,6568.0
812,2013-04,6215.0
812,2013-05,6506.0
812,2013-06,5751.0
812,2013-07,6524.0
812,2013-08,5888.0
812,2013-09,6098.0
812,2013-10,6128.0
812,2013-11,6523.0
812,2013-12,7794.0
812,2014-01,6136.0
812,2014-02,6077.0
812,2014-03,6091.0
812,2014-04,6732.0
812,2014-05,6314.0
812,2014-06,6572.0
812,2014-07,6155.0
812,2014-08,5674.0
812,2014-09,6206.0
812,2014-10,6219.0
812,2014-11,6876.0
812,2014-12,7615.0
812,2015-01,6254.0
812,2015-02,5925.0
812,2015-03,6310.0
812,2015-04,6731.0
812,2015-05,6495.0
812,2015-06,6472.0
812,2015-07,6398.0
813,2013-01,5458.0
813,2013-02,5488.0
813,2013-03,5932.0
813,2013-04,5696.0
813,2013-05,5805.0
813,2013-06,5423.0
813,2013-07,5898.0
813,2013-08,4945.0
813,2013-09,5177.0
813,2013-10,5588.0
813,2013-11,6031.0
813,2013-12,6929.0
813,2014-01,5681.0
813,2014-02,5843.0
813,2014-03,5951.0
813,2014-04,5716.0
813,2014-05,5772.0
813,2014-06,5915.0
813,2014-07,5600.0
813,2014-08,5022.0
813,2014-09,5283.0
813,2014-10,5906.0
813,2014-11,6623.0
813,2014-12,6890.0
813,2015-01,5919.0
813,2015-02,5587.0
813,2015-03,6025.0
813,2015-04,6056.0
813,2015-05,6037.0
813,2015-06,5971.0
813,2015-07,6160.0
814,2013-01,7557.0
814,2013-02,7589.0
814,2013-03,8961.0
814,2013-04,7781.0
814,2013-05,8671.0
814,2013-06,7656.0
814,2013-07,8475.0
814,2013-08,8218.0
814,2013-09,7842.0
814,2013-10,8036.0
814,2013-11,8469.0
814,2013-12,11369.0
814,2014-01,7982.0
814,2014-02,8028.0
814,2014-03,7902.0
814,2014-04,8858.0
814,2014-05,8399.0
814,2014-06,8795.0
814,2014-07,8400.0
814,2014-08,7894.0
814,2014-09,8201.0
814,2014-10,8386.0
814,2014-11,9214.0
814,2014-12,10891.0
814,2015-01,7974.0
814,2015-02,8002.0
814,2015-03,8583.0
814,2015-04,8722.0
814,2015-05,8719.0
814,2015-06,8732.0
814,2015-07,8709.0
815,2013-01,8765.0
815,2013-02,8520.0
815,2013-03,9712.0
815,2013-04,9390.0
815,2013-05,9811.0
815,2013-06,9124.0
815,2013-07,9755.0
815,2013-08,9188.0
815,2013-09,8770.0
815,2013-10,9525.0
815,2013-11,9460.0
815,2013-12,11024.0
815,2014-01,9320.0
815,2014-02,9352.0
815,2014-03,9518.0
815,2014-04,10240.0
815,2014-05,6925.0
815,2014-06,6869.0
815,2015-01,6400.0
815,2015-02,5832.0
815,2015-03,6323.0
815,2015-04,6564.0
815,2015-05,6615.0
815,2015-06,6433.0
815,2015-07,6355.0
816,2013-01,5529.0
816,2013-02,5876.0
816,2013-03,6542.0
816,2013-04,6010.0
816,2013-05,6497.0
816,2013-06,5031.0
816,2013-07,4613.0
816,2013-08,4268.0
816,2013-09,4447.0
816,2013-10,4855.0
816,2013-11,5272.0
816,2013-12,6101.0
816,2014-01,4624.0
816,2014-02,4804.0
816,2014-03,4762.0
816,2014-04,5198.0
816,2014-05,5034.0
816,2014-06,5186.0
816,2014-07,4575.0
816,2014-08,4710.0
816,2014-09,4754.0
816,2014-10,4877.0
816,2014-11,5481.0
816,2014-12,5979.0
816,2015-01,4734.0
816,2015-02,4797.0
816,2015-03,5157.0
816,2015-04,5132.0
816,2015-05,5147.0
816,2015-06,4982.0
816,2015-07,4607.0
817,2013-01,23710.0
817,2013-02,23394.0
817,2013-03,24617.0
817,2013-04,24268.0
817,2013-05,25743.0
817,2013-06,24382.0
817,2013-07,22578.0
817,2013-08,21770.0
817,2013-09,20319.0
817,2013-10,21406.0
817,2013-11,21586.0
817,2013-12,24269.0
817,2014-01,20116.0
817,2014-02,21010.0
817,2014-03,20668.0
817,2014-04,22746.0
817,2014-05,21430.0
817,2014-06,22812.0
817,2014-07,21198.0
817,2014-08,19450.0
817,2014-09,20211.0
817,2014-10,20971.0
817,2014-11,21495.0
817,2014-12,23458.0
817,2015-01,19030.0
817,2015-02,18888.0
817,2015-03,19404.0
817,2015-04,20721.0
817,2015-05,20642.0
817,2015-06,21930.0
817,2015-07,20873.0
818,2013-01,4884.0
818,2013-02,5198.0
818,2013-03,5599.0
818,2013-04,5305.0
818,2013-05,5885.0
818,2013-06,5338.0
818,2013-07,5959.0
818,2013-08,5551.0
818,2013-09,5529.0
818,2013-10,5562.0
818,2013-11,5874.0
818,2013-12,7052.0
818,2014-01,5864.0
818,2014-02,6088.0
818,2014-03,6017.0
818,2014-04,6375.0
818,2014-05,6456.0
818,2014-06,6796.0
818,2014-07,6221.0
818,2014-08,5950.0
818,2014-09,5820.0
818,2014-10,6151.0
818,2014-11,7036.0
818,2014-12,7186.0
818,2015-01,6459.0
818,2015-02,6372.0
818,2015-03,6515.0
818,2015-04,6722.0
818,2015-05,6869.0
818,2015-06,6965.0
818,2015-07,6102.0
819,2013-01,5598.0
819,2013-02,5833.0
819,2013-03,6335.0
819,2013-04,5814.0
819,2013-05,6226.0
819,2013-06,5980.0
819,2013-07,5779.0
819,2013-08,6040.0
819,2013-09,5533.0
819,2013-10,5557.0
819,2013-11,6105.0
819,2013-12,7560.0
819,2014-01,5753.0
819,2014-02,5937.0
819,2014-03,5897.0
819,2014-04,6569.0
819,2014-05,6339.0
819,2014-06,6604.0
819,2014-07,6313.0
819,2014-08,6350.0
819,2014-09,6247.0
819,2014-10,6082.0
819,2014-11,6022.0
819,2014-12,7042.0
819,2015-01,5731.0
819,2015-02,5618.0
819,2015-03,5927.0
819,2015-04,6170.0
819,2015-05,6059.0
819,2015-06,5915.0
819,2015-07,6047.0
820,2013-01,11557.0
820,2013-02,11272.0
820,2013-03,12408.0
820,2013-04,11674.0
820,2013-05,12544.0
820,2013-06,11604.0
820,2013-07,12476.0
820,2013-08,11819.0
820,2013-09,11355.0
820,2013-10,11724.0
820,2013-11,12332.0
820,2013-12,14804.0
820,2014-01,11887.0
820,2014-02,11975.0
820,2014-03,11923.0
820,2014-04,12751.0
820,2014-05,12638.0
820,2014-06,12786.0
820,2015-01,11441.0
820,2015-02,10909.0
820,2015-03,12027.0
820,2015-04,11879.0
820,2015-05,12274.0
820,2015-06,12405.0
820,2015-07,11874.0
821,2013-01,6400.0
821,2013-02,6856.0
821,2013-03,7420.0
821,2013-04,7143.0
821,2013-05,7234.0
821,2013-06,6619.0
821,2013-07,7040.0
821,2013-08,6856.0
821,2013-09,6299.0
821,2013-10,6487.0
821,2013-11,6599.0
821,2013-12,8108.0
821,2014-01,6278.0
821,2014-02,6944.0
821,2014-03,6673.0
821,2014-04,7052.0
821,2014-05,6778.0
821,2014-06,7086.0
821,2014-07,6652.0
821,2014-08,6546.0
821,2014-09,6816.0
821,2014-10,6710.0
821,2014-11,7189.0
821,2014-12,8077.0
821,2015-01,6694.0
821,2015-02,6930.0
821,2015-03,6972.0
821,2015-04,7250.0
821,2015-05,7423.0
821,2015-06,7212.0
821,2015-07,6971.0
822,2013-01,6826.0
822,2013-02,7189.0
822,2013-03,8307.0
822,2013-04,7349.0
822,2013-05,7879.0
822,2013-06,7380.0
822,2013-07,8237.0
822,2013-08,8355.0
822,2013-09,7118.0
822,2013-10,6739.0
822,2013-11,8239.0
822,2013-12,10400.0
822,2014-01,7209.0
822,2014-02,7412.0
822,2014-03,7291.0
822,2014-04,8082.0
822,2014-05,7463.0
822,2014-06,7612.0
822,2014-07,7577.0
822,2014-08,8453.0
822,2014-09,7141.0
822,2014-10,7096.0
822,2014-11,8585.0
822,2014-12,9875.0
822,2015-01,7408.0
822,2015-02,6919.0
822,2015-03,7375.0
822,2015-04,7838.0
822,2015-05,7688.0
822,2015-06,7278.0
822,2015-07,7688.0
823,2013-01,4843.0
823,2013-02,5005.0
823,2013-03,5766.0
823,2013-04,5109.0
823,2013-05,5513.0
823,2013-06,5210.0
823,2013-07,5029.0
823,2013-08,5674.0
823,2013-09,5205.0
823,2013-10,5109.0
823,2013-11,5937.0
823,2013-12,7665.0
823,2014-01,5290.0
823,2014-02,5460.0
823,2014-03,5323.0
823,2014-04,6095.0
823,2014-05,5750.0
823,2014-06,5930.0
823,2014-07,5765.0
823,2014-08,5992.0
823,2014-09,5794.0
823,2014-10,5651.0
823,2014-11,6619.0
823,2014-12,7918.0
823,2015-01,5841.0
823,2015-02,5777.0
823,2015-03,5843.0
823,2015-04,6391.0
823,2015-05,6272.0
823,2015-06,6275.0
823,2015-07,6050.0
824,2013-01,4845.0
824,2013-02,4955.0
824,2013-03,5410.0
824,2013-04,4986.0
824,2013-05,5511.0
824,2013-06,4849.0
824,2013-07,5132.0
824,2013-08,5857.0
824,2013-09,6812.0
824,2013-10,6594.0
824,2013-11,7539.0
824,2013-12,10013.0
824,2014-01,6660.0
824,2014-02,7032.0
824,2014-03,6737.0
824,2014-04,7538.0
824,2014-05,7294.0
824,2014-06,7516.0
824,2014-07,7453.0
824,2014-08,7213.0
824,2014-09,7106.0
824,2014-10,6824.0
824,2014-11,7971.0
824,2014-12,9652.0
824,2015-01,6720.0
824,2015-02,6728.0
824,2015-03,7098.0
824,2015-04,7688.0
824,2015-05,7361.0
824,2015-06,7542.0
824,2015-07,7485.0
825,2013-01,4122.0
825,2013-02,4285.0
825,2013-03,4702.0
825,2013-04,4549.0
825,2013-05,4696.0
825,2013-06,4380.0
825,2013-07,4686.0
825,2013-08,4314.0
825,2013-09,4223.0
825,2013-10,4380.0
825,2013-11,4338.0
825,2013-12,4765.0
825,2014-01,3983.0
825,2014-02,4121.0
825,2014-03,4057.0
825,2014-04,4379.0
825,2014-05,4167.0
825,2014-06,4363.0
825,2015-01,5064.0
825,2015-02,4616.0
825,2015-03,5259.0
825,2015-04,5178.0
825,2015-05,5226.0
825,2015-06,5170.0
825,2015-07,5071.0
826,2013-01,7726.0
826,2013-02,8453.0
826,2013-03,9070.0
826,2013-04,8246.0
826,2013-05,8959.0
826,2013-06,8222.0
826,2013-07,8729.0
826,2013-08,8528.0
826,2013-09,7828.0
826,2013-10,8148.0
826,2013-11,8914.0
826,2013-12,10918.0
826,2014-01,8262.0
826,2014-02,8472.0
826,2014-03,8610.0
826,2014-04,9037.0
826,2014-05,8741.0
826,2014-06,9427.0
826,2014-07,8508.0
826,2014-08,8632.0
826,2014-09,8264.0
826,2014-10,8697.0
826,2014-11,9623.0
826,2014-12,10899.0
826,2015-01,8753.0
826,2015-02,8772.0
826,2015-03,9149.0
826,2015-04,9250.0
826,2015-05,9357.0
826,2015-06,9657.0
826,2015-07,8554.0
827,2013-01,8894.0
827,2013-02,9132.0
827,2013-03,11662.0
827,2013-04,10799.0
827,2013-05,11901.0
827,2013-06,10469.0
827,2013-07,11484.0
827,2013-08,11889.0
827,2013-09,11387.0
827,2013-10,12164.0
827,2013-11,11952.0
827,2013-12,14888.0
827,2014-01,9962.0
827,2014-02,10964.0
827,2014-03,12017.0
827,2014-04,14614.0
827,2014-05,14535.0
827,2014-06,14859.0
827,2014-07,13213.0
827,2014-08,13690.0
827,2014-09,13068.0
827,2014-10,13829.0
827,2014-11,13098.0
827,2014-12,15830.0
827,2015-01,11144.0
827,2015-02,11861.0
827,2015-03,13641.0
827,2015-04,16076.0
827,2015-05,16354.0
827,2015-06,14826.0
827,2015-07,16208.0
828,2013-01,4449.0
828,2013-02,4600.0
828,2013-03,5409.0
828,2013-04,4789.0
828,2013-05,5108.0
828,2013-06,4535.0
828,2013-07,5077.0
828,2013-08,4916.0
828,2013-09,4658.0
828,2013-10,4872.0
828,2013-11,5303.0
828,2013-12,6753.0
828,2014-01,5054.0
828,2014-02,5033.0
828,2014-03,5074.0
828,2014-04,5671.0
828,2014-05,5194.0
828,2014-06,5341.0
828,2014-07,5086.0
828,2014-08,4591.0
828,2014-09,5037.0
828,2014-10,5142.0
828,2014-11,5762.0
828,2014-12,6521.0
828,2015-01,5383.0
828,2015-02,4884.0
828,2015-03,5362.0
828,2015-04,5749.0
828,2015-05,5407.0
828,2015-06,5372.0
828,2015-07,5232.0
829,2013-01,5188.0
829,2013-02,5261.0
829,2013-03,6222.0
829,2013-04,5916.0
829,2013-05,6051.0
829,2013-06,5665.0
829,2013-07,5995.0
829,2013-08,5756.0
829,2013-09,5736.0
829,2013-10,5880.0
829,2013-11,6193.0
829,2013-12,7675.0
829,2014-01,5591.0
829,2014-02,5736.0
829,2014-03,5694.0
829,2014-04,6249.0
829,2014-05,5832.0
829,2014-06,6049.0
829,2014-07,5655.0
829,2014-08,5544.0
829,2014-09,5525.0
829,2014-10,5686.0
829,2014-11,6583.0
829,2014-12,7221.0
829,2015-01,5772.0
829,2015-02,5227.0
829,2015-03,5971.0
829,2015-04,6126.0
829,2015-05,6103.0
829,2015-06,5829.0
829,2015-07,5802.0
830,2013-01,5456.0
830,2013-02,5194.0
830,2013-03,6135.0
830,2013-04,5556.0
830,2013-05,5874.0
830,2013-06,5376.0
830,2013-07,6018.0
830,2013-08,5489.0
830,2013-09,5523.0
830,2013-10,5760.0
830,2013-11,6252.0
830,2013-12,7886.0
830,2014-01,5961.0
830,2014-02,5694.0
830,2014-03,5907.0
830,2014-04,6583.0
830,2014-05,6074.0
830,2014-06,6528.0
830,2014-07,6023.0
830,2014-08,5853.0
830,2014-09,6255.0
830,2014-10,6143.0
830,2014-11,7031.0
830,2014-12,8118.0
830,2015-01,6369.0
830,2015-02,6015.0
830,2015-03,6671.0
830,2015-04,6481.0
830,2015-05,6341.0
830,2015-06,6714.0
830,2015-07,6299.0
831,2013-01,11686.0
831,2013-02,11803.0
831,2013-03,13457.0
831,2013-04,12449.0
831,2013-05,13025.0
831,2013-06,11728.0
831,2013-07,12944.0
831,2013-08,11137.0
831,2013-09,11633.0
831,2013-10,11646.0
831,2013-11,12379.0
831,2013-12,14909.0
831,2014-01,12389.0
831,2014-02,13013.0
831,2014-03,12698.0
831,2014-04,13783.0
831,2014-05,12949.0
831,2014-06,13323.0
831,2014-07,12433.0
831,2014-08,12248.0
831,2014-09,11651.0
831,2014-10,12171.0
831,2014-11,14051.0
831,2014-12,14445.0
831,2015-01,12537.0
831,2015-02,11809.0
831,2015-03,13008.0
831,2015-04,13535.0
831,2015-05,13200.0
831,2015-06,13912.0
831,2015-07,12033.0
832,2013-01,6131.0
832,2013-02,6391.0
832,2013-03,7178.0
832,2013-04,6620.0
832,2013-05,6951.0
832,2013-06,6326.0
832,2013-07,6889.0
832,2013-08,5992.0
832,2013-09,6010.0
832,2013-10,5926.0
832,2013-11,6418.0
832,2013-12,8051.0
832,2014-01,6064.0
832,2014-02,6066.0
832,2014-03,6160.0
832,2014-04,6806.0
832,2014-05,6434.0
832,2014-06,6735.0
832,2014-07,6429.0
832,2014-08,6040.0
832,2014-09,6056.0
832,2014-10,6291.0
832,2014-11,6778.0
832,2014-12,7742.0
832,2015-01,6512.0
832,2015-02,6049.0
832,2015-03,6590.0
832,2015-04,6961.0
832,2015-05,6940.0
832,2015-06,6957.0
832,2015-07,6824.0
833,2013-01,5156.0
833,2013-02,5316.0
833,2013-03,6011.0
833,2013-04,5184.0
833,2013-05,5846.0
833,2013-06,4930.0
833,2013-07,5278.0
833,2013-08,5484.0
833,2013-09,4893.0
833,2013-10,5072.0
833,2013-11,5541.0
833,2013-12,7173.0
833,2014-01,5082.0
833,2014-02,5548.0
833,2014-03,5286.0
833,2014-04,5796.0
833,2014-05,6114.0
833,2014-06,6199.0
833,2014-07,5375.0
833,2014-08,5094.0
833,2014-09,5141.0
833,2014-10,4899.0
833,2014-11,5689.0
833,2014-12,6594.0
833,2015-01,5260.0
833,2015-02,5196.0
833,2015-03,5531.0
833,2015-04,5646.0
833,2015-05,5738.0
833,2015-06,5700.0
833,2015-07,5416.0
834,2013-01,5633.0
834,2013-02,5739.0
834,2013-03,6306.0
834,2013-04,5858.0
834,2013-05,6119.0
834,2013-06,5811.0
834,2013-07,5799.0
834,2013-08,5685.0
834,2013-09,5466.0
834,2013-10,5695.0
834,2013-11,5796.0
834,2013-12,6891.0
834,2014-01,5297.0
834,2014-02,5495.0
834,2014-03,5491.0
834,2014-04,5883.0
834,2014-05,5639.0
834,2014-06,6082.0
834,2014-07,5622.0
834,2014-08,5396.0
834,2014-09,5549.0
834,2014-10,5709.0
834,2014-11,6280.0
834,2014-12,6941.0
834,2015-01,5657.0
834,2015-02,5774.0
834,2015-03,6023.0
834,2015-04,6194.0
834,2015-05,6040.0
834,2015-06,6182.0
834,2015-07,6047.0
835,2013-01,4728.0
835,2013-02,4826.0
835,2013-03,5253.0
835,2013-04,4729.0
835,2013-05,5168.0
835,2013-06,4552.0
835,2013-07,4922.0
835,2013-08,4493.0
835,2013-09,4595.0
835,2013-10,4492.0
835,2013-11,4765.0
835,2013-12,5949.0
835,2014-01,4778.0
835,2014-02,4832.0
835,2014-03,5044.0
835,2014-04,5374.0
835,2014-05,5354.0
835,2014-06,5461.0
835,2014-07,4922.0
835,2014-08,5590.0
835,2014-09,5112.0
835,2014-10,4900.0
835,2014-11,5594.0
835,2014-12,6163.0
835,2015-01,5331.0
835,2015-02,5514.0
835,2015-03,5538.0
835,2015-04,5759.0
835,2015-05,5854.0
835,2015-06,5791.0
835,2015-07,5310.0
836,2013-01,5467.0
836,2013-02,5592.0
836,2013-03,5928.0
836,2013-04,5704.0
836,2013-05,5932.0
836,2013-06,5483.0
836,2013-07,5806.0
836,2013-08,5368.0
836,2013-09,5537.0
836,2013-10,5557.0
836,2013-11,5788.0
836,2013-12,6948.0
836,2014-01,5505.0
836,2014-02,5665.0
836,2014-03,5658.0
836,2014-04,6094.0
836,2014-05,5796.0
836,2014-06,6186.0
836,2014-07,5858.0
836,2014-08,5299.0
836,2014-09,5849.0
836,2014-10,5842.0
836,2014-11,6397.0
836,2014-12,6943.0
836,2015-01,5935.0
836,2015-02,5838.0
836,2015-03,6132.0
836,2015-04,6423.0
836,2015-05,6202.0
836,2015-06,6291.0
836,2015-07,6236.0
837,2013-01,2182.0
837,2013-02,2254.0
837,2013-03,2281.0
837,2013-04,2309.0
837,2013-05,2511.0
837,2013-06,2338.0
837,2013-07,2467.0
837,2013-08,2289.0
837,2013-09,2252.0
837,2013-10,2259.0
837,2013-11,2303.0
837,2013-12,2881.0
837,2014-01,4520.0
837,2014-02,7274.0
837,2014-03,3949.0
837,2014-04,4299.0
837,2014-05,4048.0
837,2014-06,4246.0
837,2014-07,4276.0
837,2014-08,3683.0
837,2014-09,3907.0
837,2014-10,4151.0
837,2014-11,4362.0
837,2014-12,5140.0
837,2015-01,4025.0
837,2015-02,4046.0
837,2015-03,4067.0
837,2015-04,4349.0
837,2015-05,4127.0
837,2015-06,4228.0
837,2015-07,4048.0
838,2013-01,6708.0
838,2013-02,7157.0
838,2013-03,7375.0
838,2013-04,7100.0
838,2013-05,7485.0
838,2013-06,6802.0
838,2013-07,7240.0
838,2013-08,7051.0
838,2013-09,6816.0
838,2013-10,7222.0
838,2013-11,7919.0
838,2013-12,9544.0
838,2014-01,7511.0
838,2014-02,7747.0
838,2014-03,7635.0
838,2014-04,8434.0
838,2014-05,8177.0
838,2014-06,8207.0
838,2014-07,7791.0
838,2014-08,7732.0
838,2014-09,7847.0
838,2014-10,8177.0
838,2014-11,9215.0
838,2014-12,9864.0
838,2015-01,8786.0
838,2015-02,8450.0
838,2015-03,8571.0
838,2015-04,8969.0
838,2015-05,9262.0
838,2015-06,8740.0
838,2015-07,8392.0
839,2013-01,5155.0
839,2013-02,5427.0
839,2013-03,5782.0
839,2013-04,5376.0
839,2013-05,5637.0
839,2013-06,5184.0
839,2013-07,5392.0
839,2013-08,5116.0
839,2013-09,5025.0
839,2013-10,5006.0
839,2013-11,5149.0
839,2013-12,6535.0
839,2014-01,5073.0
839,2014-02,5269.0
839,2014-03,5247.0
839,2014-04,5763.0
839,2014-05,5396.0
839,2014-06,5585.0
839,2014-07,5333.0
839,2014-08,5095.0
839,2014-09,5302.0
839,2014-10,5280.0
839,2014-11,5775.0
839,2014-12,6499.0
839,2015-01,4724.0
839,2015-02,3706.0
839,2015-03,4094.0
839,2015-04,4342.0
839,2015-05,3996.0
839,2015-06,3982.0
839,2015-07,3818.0
840,2013-01,7146.0
840,2013-02,7148.0
840,2013-03,7722.0
840,2013-04,7407.0
840,2013-05,7586.0
840,2013-06,7170.0
840,2013-07,7370.0
840,2013-08,6951.0
840,2013-09,6944.0
840,2013-10,7310.0
840,2013-11,7682.0
840,2013-12,9052.0
840,2014-01,7185.0
840,2014-02,7403.0
840,2014-03,7392.0
840,2014-04,7440.0
840,2014-05,7099.0
840,2014-06,7236.0
840,2014-07,7191.0
840,2014-08,6823.0
840,2014-09,6977.0
840,2014-10,7431.0
840,2014-11,7773.0
840,2014-12,8577.0
840,2015-01,7005.0
840,2015-02,6992.0
840,2015-03,7300.0
840,2015-04,7588.0
840,2015-05,7301.0
840,2015-06,6586.0
840,2015-07,6358.0
841,2013-01,2876.0
841,2013-02,2751.0
841,2013-03,3196.0
841,2013-04,2931.0
841,2013-05,3172.0
841,2013-06,2920.0
841,2013-07,3379.0
841,2013-08,3051.0
841,2013-09,2927.0
841,2013-10,2906.0
841,2013-11,2965.0
841,2013-12,3977.0
841,2014-01,2768.0
841,2014-02,2873.0
841,2014-03,2833.0
841,2014-04,3099.0
841,2014-05,3000.0
841,2014-06,3104.0
841,2014-07,2987.0
841,2014-08,2794.0
841,2014-09,2904.0
841,2014-10,2872.0
841,2014-11,3168.0
841,2014-12,3695.0
841,2015-01,2812.0
841,2015-02,2708.0
841,2015-03,2817.0
841,2015-04,2889.0
841,2015-05,2585.0
841,2015-06,2652.0
841,2015-07,2590.0
842,2013-01,15879.0
842,2013-02,16099.0
842,2013-03,18114.0
842,2013-04,16354.0
842,2013-05,18986.0
842,2013-06,16496.0
842,2013-07,18339.0
842,2013-08,18118.0
842,2013-09,16691.0
842,2013-10,17173.0
842,2013-11,18776.0
842,2013-12,23220.0
842,2014-01,17779.0
842,2014-02,17725.0
842,2014-03,17013.0
842,2014-04,19025.0
842,2014-05,19105.0
842,2014-06,20168.0
842,2015-01,20222.0
842,2015-02,18724.0
842,2015-03,18707.0
842,2015-04,19991.0
842,2015-05,20967.0
842,2015-06,20409.0
842,2015-07,20849.0
843,2013-01,9427.0
843,2013-02,9735.0
843,2013-03,10976.0
843,2013-04,9713.0
843,2013-05,10503.0
843,2013-06,10031.0
843,2013-07,8944.0
843,2013-08,9386.0
843,2013-09,9229.0
843,2013-10,11916.0
843,2013-11,8872.0
843,2013-12,12484.0
843,2014-01,8402.0
843,2014-02,8830.0
843,2014-03,8496.0
843,2014-04,9761.0
843,2014-05,9345.0
843,2014-06,9780.0
843,2014-07,9218.0
843,2014-08,8489.0
843,2014-09,8280.0
843,2014-10,8411.0
843,2014-11,9058.0
843,2014-12,11351.0
843,2015-01,8306.0
843,2015-02,8292.0
843,2015-03,8891.0
843,2015-04,9554.0
843,2015-05,9316.0
843,2015-06,9121.0
843,2015-07,9793.0
844,2013-01,3843.0
844,2013-02,3993.0
844,2013-03,4285.0
844,2013-04,4265.0
844,2013-05,4443.0
844,2013-06,3848.0
844,2013-07,4557.0
844,2013-08,3756.0
844,2013-09,3869.0
844,2013-10,4111.0
844,2013-11,4057.0
844,2013-12,5105.0
844,2014-01,4194.0
844,2014-02,4083.0
844,2014-03,4106.0
844,2014-04,4525.0
844,2014-05,4233.0
844,2014-06,4490.0
844,2014-07,4090.0
844,2014-08,3748.0
844,2014-09,4006.0
844,2014-10,4200.0
844,2014-11,4335.0
844,2014-12,4497.0
844,2015-01,3860.0
844,2015-02,3933.0
844,2015-03,4140.0
844,2015-04,4465.0
844,2015-05,4177.0
844,2015-06,4475.0
844,2015-07,4022.0
845,2013-01,3900.0
845,2013-02,4215.0
845,2013-03,4608.0
845,2013-04,4540.0
845,2013-05,4985.0
845,2013-06,4842.0
845,2013-07,5058.0
845,2013-08,4666.0
845,2013-09,4450.0
845,2013-10,4581.0
845,2013-11,4540.0
845,2013-12,5773.0
845,2014-01,4495.0
845,2014-02,4565.0
845,2014-03,4752.0
845,2014-04,4878.0
845,2014-05,5101.0
845,2014-06,5402.0
845,2014-07,4875.0
845,2014-08,4756.0
845,2014-09,4750.0
845,2014-10,4632.0
845,2014-11,5052.0
845,2014-12,5730.0
845,2015-01,4589.0
845,2015-02,4644.0
845,2015-03,4707.0
845,2015-04,5151.0
845,2015-05,5275.0
845,2015-06,5202.0
845,2015-07,5109.0
846,2013-01,8361.0
846,2013-02,8766.0
846,2013-03,9530.0
846,2013-04,8608.0
846,2013-05,9375.0
846,2013-06,8433.0
846,2013-07,9455.0
846,2013-08,8476.0
846,2013-09,8374.0
846,2013-10,8029.0
846,2013-11,8813.0
846,2013-12,11326.0
846,2014-01,8733.0
846,2014-02,8673.0
846,2014-03,8982.0
846,2014-04,9391.0
846,2014-05,9198.0
846,2014-06,10204.0
846,2014-07,9474.0
846,2014-08,9935.0
846,2014-09,9686.0
846,2014-10,8305.0
846,2014-11,9958.0
846,2014-12,11289.0
846,2015-01,9038.0
846,2015-02,8767.0
846,2015-03,9307.0
846,2015-04,9530.0
846,2015-05,9383.0
846,2015-06,10124.0
846,2015-07,8778.0
847,2013-01,6241.0
847,2013-02,6938.0
847,2013-03,7756.0
847,2013-04,6796.0
847,2013-05,7314.0
847,2013-06,6378.0
847,2013-07,6647.0
847,2013-08,6592.0
847,2013-09,6481.0
847,2013-10,6673.0
847,2013-11,7615.0
847,2013-12,10466.0
847,2014-01,6855.0
847,2014-02,7087.0
847,2014-03,6919.0
847,2014-04,7574.0
847,2014-05,7322.0
847,2014-06,7271.0
847,2014-07,6780.0
847,2014-08,7270.0
847,2014-09,6796.0
847,2014-10,6272.0
847,2014-11,7544.0
847,2014-12,9453.0
847,2015-01,6967.0
847,2015-02,6743.0
847,2015-03,6778.0
847,2015-04,7131.0
847,2015-05,6877.0
847,2015-06,6815.0
847,2015-07,6526.0
848,2013-01,5287.0
848,2013-02,5434.0
848,2013-03,6480.0
848,2013-04,5862.0
848,2013-05,6116.0
848,2013-06,5779.0
848,2013-07,6244.0
848,2013-08,5834.0
848,2013-09,5893.0
848,2013-10,5803.0
848,2013-11,6159.0
848,2013-12,8059.0
848,2014-01,6181.0
848,2014-02,6213.0
848,2014-03,6324.0
848,2014-04,6764.0
848,2014-05,6525.0
848,2014-06,6909.0
848,2014-07,6643.0
848,2014-08,9056.0
848,2014-09,9389.0
848,2014-10,6358.0
848,2014-11,7175.0
848,2014-12,8205.0
848,2015-01,6864.0
848,2015-02,6548.0
848,2015-03,7005.0
848,2015-04,6885.0
848,2015-05,6955.0
848,2015-06,7138.0
848,2015-07,6993.0
849,2013-01,7193.0
849,2013-02,7405.0
849,2013-03,8543.0
849,2013-04,7675.0
849,2013-05,7999.0
849,2013-06,7857.0
849,2013-07,7458.0
849,2013-08,7200.0
849,2013-09,7047.0
849,2013-10,7130.0
849,2013-11,8337.0
849,2013-12,10245.0
849,2014-01,7888.0
849,2014-02,8060.0
849,2014-03,7803.0
849,2014-04,8423.0
849,2014-05,8279.0
849,2014-06,8386.0
849,2014-07,7874.0
849,2014-08,7864.0
849,2014-09,7943.0
849,2014-10,8013.0
849,2014-11,8979.0
849,2014-12,10468.0
849,2015-01,8241.0
849,2015-02,8033.0
849,2015-03,8507.0
849,2015-04,8798.0
849,2015-05,8646.0
849,2015-06,8332.0
849,2015-07,8529.0
850,2013-01,5296.0
850,2013-02,5560.0
850,2013-03,6198.0
850,2013-04,5577.0
850,2013-05,5980.0
850,2013-06,5389.0
850,2013-07,5748.0
850,2013-08,5562.0
850,2013-09,5683.0
850,2013-10,5833.0
850,2013-11,6143.0
850,2013-12,7578.0
850,2014-01,6088.0
850,2014-02,6140.0
850,2014-03,6527.0
850,2014-04,7009.0
850,2014-05,6237.0
850,2014-06,6812.0
850,2014-07,6084.0
850,2014-08,5915.0
850,2014-09,6352.0
850,2014-10,6000.0
850,2014-11,6575.0
850,2014-12,7203.0
850,2015-01,6403.0
850,2015-02,6024.0
850,2015-03,6485.0
850,2015-04,6520.0
850,2015-05,6669.0
850,2015-06,6835.0
850,2015-07,5960.0
851,2013-01,4482.0
851,2013-02,4626.0
851,2013-03,5286.0
851,2013-04,4682.0
851,2013-05,5327.0
851,2013-06,4833.0
851,2013-07,5043.0
851,2013-08,5166.0
851,2013-09,4875.0
851,2013-10,5409.0
851,2013-11,5710.0
851,2013-12,7215.0
851,2014-01,5534.0
851,2014-02,5786.0
851,2014-03,5815.0
851,2014-04,6471.0
851,2014-05,6403.0
851,2014-06,6643.0
851,2015-01,5250.0
851,2015-02,5090.0
851,2015-03,5201.0
851,2015-04,5371.0
851,2015-05,5597.0
851,2015-06,5405.0
851,2015-07,5376.0
852,2013-01,4397.0
852,2013-02,4372.0
852,2013-03,5073.0
852,2013-04,4460.0
852,2013-05,4825.0
852,2013-06,4290.0
852,2013-07,4667.0
852,2013-08,4332.0
852,2013-09,4288.0
852,2013-10,4298.0
852,2013-11,4685.0
852,2013-12,6592.0
852,2014-01,4387.0
852,2014-02,4396.0
852,2014-03,4241.0
852,2014-04,4686.0
852,2014-05,4513.0
852,2014-06,4791.0
852,2014-07,4458.0
852,2014-08,4143.0
852,2014-09,4436.0
852,2014-10,4278.0
852,2014-11,4853.0
852,2014-12,6129.0
852,2015-01,4459.0
852,2015-02,4252.0
852,2015-03,4638.0
852,2015-04,4609.0
852,2015-05,4483.0
852,2015-06,4637.0
852,2015-07,4339.0
853,2013-01,8192.0
853,2013-02,8173.0
853,2013-03,9285.0
853,2013-04,8537.0
853,2013-05,9256.0
853,2013-06,8333.0
853,2013-07,9422.0
853,2013-08,8782.0
853,2013-09,8331.0
853,2013-10,8279.0
853,2013-11,8997.0
853,2013-12,11944.0
853,2014-01,8774.0
853,2014-02,8706.0
853,2014-03,8750.0
853,2014-04,9652.0
853,2014-05,9307.0
853,2014-06,9657.0
853,2014-07,9278.0
853,2014-08,8897.0
853,2014-09,8805.0
853,2014-10,8804.0
853,2014-11,9936.0
853,2014-12,11492.0
853,2015-01,9359.0
853,2015-02,8824.0
853,2015-03,9518.0
853,2015-04,9850.0
853,2015-05,10002.0
853,2015-06,9637.0
853,2015-07,10042.0
854,2013-01,6492.0
854,2013-02,6401.0
854,2013-03,7662.0
854,2013-04,6462.0
854,2013-05,7058.0
854,2013-06,6253.0
854,2013-07,6350.0
854,2013-08,6181.0
854,2013-09,6415.0
854,2013-10,6372.0
854,2013-11,7036.0
854,2013-12,8854.0
854,2014-01,6273.0
854,2014-02,6489.0
854,2014-03,6377.0
854,2014-04,6695.0
854,2014-05,6568.0
854,2014-06,6674.0
854,2014-07,5917.0
854,2014-08,5832.0
854,2014-09,6182.0
854,2014-10,6313.0
854,2014-11,7144.0
854,2014-12,8246.0
854,2015-01,6498.0
854,2015-02,5896.0
854,2015-03,6426.0
854,2015-04,6401.0
854,2015-05,6561.0
854,2015-06,6404.0
854,2015-07,5805.0
855,2013-01,5207.0
855,2013-02,5129.0
855,2013-03,5679.0
855,2013-04,5528.0
855,2013-05,5675.0
855,2013-06,5199.0
855,2013-07,6058.0
855,2013-08,5069.0
855,2013-09,4966.0
855,2013-10,5514.0
855,2013-11,5518.0
855,2013-12,6900.0
855,2014-01,5552.0
855,2014-02,5582.0
855,2014-03,5407.0
855,2014-04,6118.0
855,2014-05,5740.0
855,2014-06,6002.0
855,2014-07,5849.0
855,2014-08,5312.0
855,2014-09,5389.0
855,2014-10,5831.0
855,2014-11,6299.0
855,2014-12,6877.0
855,2015-01,5882.0
855,2015-02,5571.0
855,2015-03,6011.0
855,2015-04,6364.0
855,2015-05,6173.0
855,2015-06,6080.0
855,2015-07,6317.0
856,2013-01,6789.0
856,2013-02,7214.0
856,2013-03,7671.0
856,2013-04,7517.0
856,2013-05,7695.0
856,2013-06,7113.0
856,2013-07,7293.0
856,2013-08,7444.0
856,2013-09,6809.0
856,2013-10,6623.0
856,2013-11,6944.0
856,2013-12,8311.0
856,2014-01,6544.0
856,2014-02,6977.0
856,2014-03,6655.0
856,2014-04,7343.0
856,2014-05,6899.0
856,2014-06,7188.0
856,2014-07,6591.0
856,2014-08,6522.0
856,2014-09,6794.0
856,2014-10,6867.0
856,2014-11,7383.0
856,2014-12,7957.0
856,2015-01,6684.0
856,2015-02,6763.0
856,2015-03,7109.0
856,2015-04,7721.0
856,2015-05,7567.0
856,2015-06,7271.0
856,2015-07,7410.0
857,2013-01,6242.0
857,2013-02,6491.0
857,2013-03,7396.0
857,2013-04,6810.0
857,2013-05,7048.0
857,2013-06,6462.0
857,2013-07,6675.0
857,2013-08,6307.0
857,2013-09,6292.0
857,2013-10,6417.0
857,2013-11,7033.0
857,2013-12,9169.0
857,2014-01,6612.0
857,2014-02,6874.0
857,2014-03,6682.0
857,2014-04,7506.0
857,2014-05,7441.0
857,2014-06,7780.0
857,2014-07,7565.0
857,2014-08,7787.0
857,2014-09,7326.0
857,2014-10,7516.0
857,2014-11,8345.0
857,2014-12,10114.0
857,2015-01,7848.0
857,2015-02,7583.0
857,2015-03,8044.0
857,2015-04,8490.0
857,2015-05,8694.0
857,2015-06,8123.0
857,2015-07,8494.0
858,2013-01,4275.0
858,2013-02,4340.0
858,2013-03,4772.0
858,2013-04,4585.0
858,2013-05,5043.0
858,2013-06,4587.0
858,2013-07,5054.0
858,2013-08,4306.0
858,2013-09,4219.0
858,2013-10,4573.0
858,2013-11,4720.0
858,2013-12,5217.0
858,2014-01,4522.0
858,2014-02,4511.0
858,2014-03,4482.0
858,2014-04,4802.0
858,2014-05,4818.0
858,2014-06,4966.0
858,2015-01,4706.0
858,2015-02,4514.0
858,2015-03,5041.0
858,2015-04,5268.0
858,2015-05,5224.0
858,2015-06,5175.0
858,2015-07,5234.0
859,2013-01,6742.0
859,2013-02,6789.0
859,2013-03,7306.0
859,2013-04,6918.0
859,2013-05,7595.0
859,2013-06,6913.0
859,2013-07,7584.0
859,2013-08,7633.0
859,2013-09,6695.0
859,2013-10,7138.0
859,2013-11,7307.0
859,2013-12,8699.0
859,2014-01,7354.0
859,2014-02,7079.0
859,2014-03,7069.0
859,2014-04,7666.0
859,2014-05,7752.0
859,2014-06,8171.0
859,2015-01,7906.0
859,2015-02,7465.0
859,2015-03,7456.0
859,2015-04,8104.0
859,2015-05,8258.0
859,2015-06,8122.0
859,2015-07,8037.0
860,2013-01,4563.0
860,2013-02,4911.0
860,2013-03,5519.0
860,2013-04,4974.0
860,2013-05,5414.0
860,2013-06,4899.0
860,2013-07,5064.0
860,2013-08,5254.0
860,2013-09,4764.0
860,2013-10,4944.0
860,2013-11,5532.0
860,2013-12,7426.0
860,2014-01,5122.0
860,2014-02,5450.0
860,2014-03,5213.0
860,2014-04,5874.0
860,2014-05,5867.0
860,2014-06,5736.0
860,2014-07,5557.0
860,2014-08,5729.0
860,2014-09,5827.0
860,2014-10,5858.0
860,2014-11,6786.0
860,2014-12,8297.0
860,2015-01,6004.0
860,2015-02,6173.0
860,2015-03,6228.0
860,2015-04,6750.0
860,2015-05,6935.0
860,2015-06,6279.0
860,2015-07,6655.0
861,2013-01,1782.0
861,2013-02,1795.0
861,2013-03,4457.0
861,2013-04,3208.0
861,2013-05,3268.0
861,2013-06,3035.0
861,2013-07,3233.0
861,2013-08,3278.0
861,2013-09,3204.0
861,2013-10,3065.0
861,2013-11,3234.0
861,2013-12,4515.0
861,2014-01,3197.0
861,2014-02,3285.0
861,2014-03,3406.0
861,2014-04,3686.0
861,2014-05,3633.0
861,2014-06,3785.0
861,2014-07,3526.0
861,2014-08,3594.0
861,2014-09,3502.0
861,2014-10,3484.0
861,2014-11,3938.0
861,2014-12,4728.0
861,2015-01,3578.0
861,2015-02,3623.0
861,2015-03,3908.0
861,2015-04,3974.0
861,2015-05,4096.0
861,2015-06,4000.0
861,2015-07,4028.0
862,2013-01,8157.0
862,2013-02,8477.0
862,2013-03,9335.0
862,2013-04,8350.0
862,2013-05,8795.0
862,2013-06,8306.0
862,2013-07,8664.0
862,2013-08,9018.0
862,2013-09,8047.0
862,2013-10,7707.0
862,2013-11,8880.0
862,2013-12,12167.0
862,2014-01,8001.0
862,2014-02,8143.0
862,2014-03,8008.0
862,2014-04,8552.0
862,2014-05,8130.0
862,2014-06,8432.0
862,2014-07,8081.0
862,2014-08,8677.0
862,2014-09,8186.0
862,2014-10,7654.0
862,2014-11,9027.0
862,2014-12,11526.0
862,2015-01,7649.0
862,2015-02,7864.0
862,2015-03,8279.0
862,2015-04,8590.0
862,2015-05,8355.0
862,2015-06,8337.0
862,2015-07,8401.0
863,2013-01,7140.0
863,2013-02,7394.0
863,2013-03,7939.0
863,2013-04,6827.0
863,2013-05,7114.0
863,2013-06,7103.0
863,2013-07,8448.0
863,2013-08,8233.0
863,2013-09,6897.0
863,2013-10,6595.0
863,2013-11,8458.0
863,2013-12,10311.0
863,2014-01,7287.0
863,2014-02,7759.0
863,2014-03,6993.0
863,2014-04,7525.0
863,2014-05,7191.0
863,2014-06,7263.0
863,2014-07,8151.0
863,2014-08,8253.0
863,2014-09,7355.0
863,2014-10,6856.0
863,2014-11,8623.0
863,2014-12,10206.0
863,2015-01,7717.0
863,2015-02,7863.0
863,2015-03,7318.0
863,2015-04,7602.0
863,2015-05,7151.0
863,2015-06,7770.0
863,2015-07,8428.0
864,2013-01,4221.0
864,2013-02,4258.0
864,2013-03,4677.0
864,2013-04,4332.0
864,2013-05,4421.0
864,2013-06,3980.0
864,2013-07,4314.0
864,2013-08,3726.0
864,2013-09,4023.0
864,2013-10,4287.0
864,2013-11,4140.0
864,2013-12,4545.0
864,2014-01,4080.0
864,2014-02,4128.0
864,2014-03,4127.0
864,2014-04,4534.0
864,2014-05,4450.0
864,2014-06,4359.0
864,2014-07,4201.0
864,2014-08,3815.0
864,2014-09,4027.0
864,2014-10,4247.0
864,2014-11,4428.0
864,2014-12,4480.0
864,2015-01,3984.0
864,2015-02,3986.0
864,2015-03,4332.0
864,2015-04,4538.0
864,2015-05,4627.0
864,2015-06,4624.0
864,2015-07,4557.0
865,2013-01,6267.0
865,2013-02,6724.0
865,2013-03,7491.0
865,2013-04,6802.0
865,2013-05,7587.0
865,2013-06,6927.0
865,2013-07,7170.0
865,2013-08,6931.0
865,2013-09,6856.0
865,2013-10,6848.0
865,2013-11,7371.0
865,2013-12,8688.0
865,2014-01,7460.0
865,2014-02,8174.0
865,2014-03,7583.0
865,2014-04,7847.0
865,2014-05,7620.0
865,2014-06,7813.0
865,2014-07,6759.0
865,2014-08,7021.0
865,2014-09,6983.0
865,2014-10,7247.0
865,2014-11,8321.0
865,2014-12,8915.0
865,2015-01,7896.0
865,2015-02,8013.0
865,2015-03,8283.0
865,2015-04,8271.0
865,2015-05,8701.0
865,2015-06,8648.0
865,2015-07,7812.0
866,2013-01,5622.0
866,2013-02,6242.0
866,2013-03,6770.0
866,2013-04,6325.0
866,2013-05,7043.0
866,2013-06,6267.0
866,2013-07,6834.0
866,2013-08,6310.0
866,2013-09,5891.0
866,2013-10,6131.0
866,2013-11,6541.0
866,2013-12,8648.0
866,2014-01,6466.0
866,2014-02,6814.0
866,2014-03,6568.0
866,2014-04,7297.0
866,2014-05,6999.0
866,2014-06,7376.0
866,2014-07,7153.0
866,2014-08,6645.0
866,2014-09,6376.0
866,2014-10,6868.0
866,2014-11,7451.0
866,2014-12,8606.0
866,2015-01,7158.0
866,2015-02,6731.0
866,2015-03,6984.0
866,2015-04,7567.0
866,2015-05,7484.0
866,2015-06,7016.0
866,2015-07,7212.0
867,2013-01,3868.0
867,2013-02,3957.0
867,2013-03,4647.0
867,2013-04,3578.0
867,2013-05,3927.0
867,2013-06,3959.0
867,2013-07,4656.0
867,2013-08,4663.0
867,2013-09,3784.0
867,2013-10,3670.0
867,2013-11,4527.0
867,2013-12,5921.0
867,2014-01,4021.0
867,2014-02,3951.0
867,2014-03,3718.0
867,2014-04,4132.0
867,2014-05,3935.0
867,2014-06,4084.0
867,2014-07,4551.0
867,2014-08,4913.0
867,2014-09,4181.0
867,2014-10,4038.0
867,2014-11,5027.0
867,2014-12,6125.0
867,2015-01,4486.0
867,2015-02,4197.0
867,2015-03,4250.0
867,2015-04,4438.0
867,2015-05,4123.0
867,2015-06,4451.0
867,2015-07,4902.0
868,2013-01,8965.0
868,2013-02,9506.0
868,2013-03,10181.0
868,2013-04,9821.0
868,2013-05,10754.0
868,2013-06,9975.0
868,2013-07,9980.0
868,2013-08,9634.0
868,2013-09,9201.0
868,2013-10,8924.0
868,2013-11,8738.0
868,2013-12,10447.0
868,2014-01,8510.0
868,2014-02,8732.0
868,2014-03,9701.0
868,2014-04,9755.0
868,2014-05,9379.0
868,2014-06,10317.0
868,2014-07,9080.0
868,2014-08,8395.0
868,2014-09,9057.0
868,2014-10,8739.0
868,2014-11,9771.0
868,2014-12,10863.0
868,2015-01,9370.0
868,2015-02,9016.0
868,2015-03,10097.0
868,2015-04,10047.0
868,2015-05,10192.0
868,2015-06,10365.0
868,2015-07,9817.0
869,2013-01,5322.0
869,2013-02,5442.0
869,2013-03,6469.0
869,2013-04,5504.0
869,2013-05,6579.0
869,2013-06,6287.0
869,2013-07,5519.0
869,2013-08,5422.0
869,2013-09,5648.0
869,2013-10,5492.0
869,2013-11,6098.0
869,2013-12,7781.0
869,2014-01,5757.0
869,2014-02,5708.0
869,2014-03,5835.0
869,2014-04,6074.0
869,2014-05,5659.0
869,2014-06,6059.0
869,2014-07,5605.0
869,2014-08,5327.0
869,2014-09,5850.0
869,2014-10,5731.0
869,2014-11,6727.0
869,2014-12,7548.0
869,2015-01,6038.0
869,2015-02,5744.0
869,2015-03,6249.0
869,2015-04,6184.0
869,2015-05,6152.0
869,2015-06,6086.0
869,2015-07,5589.0
870,2013-01,6919.0
870,2013-02,6856.0
870,2013-03,7393.0
870,2013-04,6807.0
870,2013-05,6941.0
870,2013-06,6452.0
870,2013-07,6405.0
870,2013-08,6413.0
870,2013-09,6380.0
870,2013-10,6639.0
870,2013-11,6685.0
870,2013-12,7716.0
870,2014-01,6614.0
870,2014-02,6747.0
870,2014-03,6880.0
870,2014-04,7261.0
870,2014-05,6895.0
870,2014-06,7366.0
870,2014-07,6838.0
870,2014-08,8207.0
870,2014-09,6487.0
870,2014-10,6700.0
870,2014-11,7054.0
870,2014-12,7453.0
870,2015-01,6643.0
870,2015-02,6608.0
870,2015-03,6966.0
870,2015-04,7266.0
870,2015-05,7332.0
870,2015-06,7032.0
870,2015-07,6995.0
871,2013-01,4607.0
871,2013-02,4816.0
871,2013-03,5687.0
871,2013-04,4959.0
871,2013-05,5590.0
871,2013-06,5259.0
871,2013-07,5568.0
871,2013-08,5838.0
871,2013-09,5265.0
871,2013-10,5946.0
871,2013-11,6067.0
871,2013-12,8118.0
871,2014-01,5541.0
871,2014-02,5877.0
871,2014-03,5868.0
871,2014-04,6532.0
871,2014-05,6424.0
871,2014-06,6606.0
871,2014-07,6314.0
871,2014-08,6183.0
871,2014-09,6352.0
871,2014-10,6377.0
871,2014-11,6788.0
871,2014-12,8713.0
871,2015-01,6644.0
871,2015-02,6477.0
871,2015-03,6774.0
871,2015-04,7440.0
871,2015-05,7473.0
871,2015-06,7142.0
871,2015-07,7081.0
872,2013-01,7931.0
872,2013-02,8285.0
872,2013-03,9246.0
872,2013-04,8440.0
872,2013-05,9214.0
872,2013-06,8334.0
872,2013-07,9184.0
872,2013-08,8254.0
872,2013-09,8221.0
872,2013-10,8349.0
872,2013-11,9393.0
872,2013-12,11190.0
872,2014-01,8540.0
872,2014-02,8859.0
872,2014-03,8635.0
872,2014-04,9459.0
872,2014-05,9074.0
872,2014-06,9498.0
872,2014-07,8651.0
872,2014-08,8959.0
872,2014-09,8128.0
872,2014-10,7207.0
872,2014-11,8469.0
872,2014-12,9658.0
872,2015-01,7542.0
872,2015-02,7300.0
872,2015-03,7583.0
872,2015-04,7929.0
872,2015-05,7779.0
872,2015-06,8407.0
872,2015-07,7273.0
873,2013-01,3764.0
873,2013-02,3519.0
873,2013-03,3885.0
873,2013-04,3665.0
873,2013-05,3958.0
873,2013-06,3641.0
873,2013-07,3821.0
873,2013-08,3253.0
873,2013-09,3516.0
873,2013-10,3568.0
873,2013-11,4107.0
873,2013-12,5025.0
873,2014-01,3630.0
873,2014-02,3559.0
873,2014-03,3576.0
873,2014-04,4066.0
873,2014-05,3807.0
873,2014-06,4054.0
873,2014-07,3843.0
873,2014-08,3422.0
873,2014-09,3736.0
873,2014-10,3854.0
873,2014-11,4447.0
873,2014-12,5052.0
873,2015-01,3739.0
873,2015-02,3579.0
873,2015-03,3785.0
873,2015-04,3885.0
873,2015-05,3823.0
873,2015-06,3760.0
873,2015-07,3668.0
874,2013-01,4037.0
874,2013-02,4200.0
874,2013-03,4558.0
874,2013-04,4460.0
874,2013-05,4554.0
874,2013-06,4485.0
874,2013-07,4284.0
874,2013-08,4231.0
874,2013-09,4064.0
874,2013-10,3997.0
874,2013-11,4014.0
874,2013-12,5185.0
874,2014-01,4164.0
874,2014-02,4318.0
874,2014-03,4428.0
874,2014-04,4769.0
874,2014-05,4696.0
874,2014-06,4766.0
874,2014-07,4580.0
874,2014-08,4302.0
874,2014-09,4575.0
874,2014-10,4513.0
874,2014-11,5169.0
874,2014-12,5595.0
874,2015-01,4559.0
874,2015-02,4617.0
874,2015-03,4742.0
874,2015-04,5226.0
874,2015-05,5271.0
874,2015-06,5019.0
874,2015-07,4918.0
875,2013-01,4641.0
875,2013-02,4982.0
875,2013-03,5483.0
875,2013-04,4833.0
875,2013-05,5463.0
875,2013-06,4755.0
875,2013-07,5329.0
875,2013-08,5007.0
875,2013-09,4707.0
875,2013-10,4990.0
875,2013-11,5285.0
875,2013-12,7045.0
875,2014-01,5072.0
875,2014-02,5299.0
875,2014-03,5114.0
875,2014-04,4933.0
875,2014-05,4659.0
875,2014-06,4915.0
875,2014-07,4738.0
875,2014-08,4461.0
875,2014-09,4571.0
875,2014-10,4720.0
875,2014-11,5278.0
875,2014-12,6151.0
875,2015-01,4770.0
875,2015-02,4599.0
875,2015-03,4769.0
875,2015-04,5152.0
875,2015-05,5342.0
875,2015-06,5169.0
875,2015-07,4916.0
876,2013-01,8228.0
876,2013-02,8379.0
876,2013-03,9360.0
876,2013-04,8489.0
876,2013-05,8951.0
876,2013-06,8121.0
876,2013-07,9146.0
876,2013-08,8118.0
876,2013-09,8116.0
876,2013-10,8224.0
876,2013-11,8864.0
876,2013-12,12437.0
876,2014-01,8605.0
876,2014-02,8756.0
876,2014-03,8682.0
876,2014-04,9826.0
876,2014-05,8930.0
876,2014-06,9483.0
876,2014-07,9524.0
876,2014-08,8559.0
876,2014-09,9149.0
876,2014-10,9237.0
876,2014-11,9895.0
876,2014-12,12121.0
876,2015-01,9333.0
876,2015-02,8652.0
876,2015-03,9084.0
876,2015-04,9797.0
876,2015-05,9364.0
876,2015-06,9553.0
876,2015-07,13386.0
877,2013-01,5727.0
877,2013-02,5679.0
877,2013-03,6296.0
877,2013-04,5719.0
877,2013-05,6005.0
877,2013-06,5892.0
877,2013-07,6716.0
877,2013-08,6891.0
877,2013-09,5711.0
877,2013-10,5829.0
877,2013-11,6421.0
877,2013-12,8753.0
877,2014-01,6056.0
877,2014-02,5827.0
877,2014-03,5683.0
877,2014-04,6408.0
877,2014-05,5939.0
877,2014-06,6216.0
877,2014-07,6499.0
877,2014-08,6939.0
877,2014-09,6028.0
877,2014-10,5918.0
877,2014-11,6663.0
877,2014-12,8517.0
877,2015-01,6148.0
877,2015-02,5816.0
877,2015-03,6193.0
877,2015-04,6583.0
877,2015-05,6335.0
877,2015-06,6221.0
877,2015-07,6678.0
878,2013-01,7428.0
878,2013-02,7810.0
878,2013-03,8780.0
878,2013-04,7833.0
878,2013-05,8727.0
878,2013-06,7830.0
878,2013-07,9005.0
878,2013-08,8173.0
878,2013-09,7904.0
878,2013-10,8470.0
878,2013-11,8955.0
878,2013-12,10836.0
878,2014-01,8522.0
878,2014-02,8703.0
878,2014-03,8823.0
878,2014-04,9720.0
878,2014-05,9090.0
878,2014-06,9257.0
878,2014-07,8859.0
878,2014-08,8204.0
878,2014-09,8786.0
878,2014-10,9152.0
878,2014-11,9837.0
878,2014-12,10011.0
878,2015-01,8582.0
878,2015-02,7877.0
878,2015-03,8474.0
878,2015-04,8911.0
878,2015-05,8764.0
878,2015-06,8731.0
878,2015-07,8454.0
879,2013-01,3170.0
879,2013-02,3402.0
879,2013-03,3650.0
879,2013-04,3626.0
879,2013-05,3848.0
879,2013-06,3429.0
879,2013-07,3806.0
879,2013-08,3667.0
879,2013-09,3309.0
879,2013-10,3489.0
879,2013-11,3721.0
879,2013-12,4661.0
879,2014-01,3767.0
879,2014-02,3541.0
879,2014-03,3456.0
879,2014-04,3837.0
879,2014-05,3779.0
879,2014-06,3971.0
879,2015-01,4091.0
879,2015-02,3562.0
879,2015-03,3719.0
879,2015-04,4123.0
879,2015-05,4133.0
879,2015-06,4122.0
879,2015-07,4280.0
880,2013-01,6320.0
880,2013-02,6508.0
880,2013-03,7184.0
880,2013-04,6773.0
880,2013-05,7390.0
880,2013-06,6881.0
880,2013-07,7539.0
880,2013-08,6576.0
880,2013-09,6581.0
880,2013-10,6983.0
880,2013-11,7564.0
880,2013-12,9118.0
880,2014-01,7336.0
880,2014-02,7312.0
880,2014-03,7245.0
880,2014-04,7817.0
880,2014-05,7702.0
880,2014-06,7972.0
880,2014-07,7737.0
880,2014-08,7024.0
880,2014-09,7015.0
880,2014-10,7455.0
880,2014-11,8402.0
880,2014-12,8944.0
880,2015-01,7570.0
880,2015-02,7400.0
880,2015-03,7807.0
880,2015-04,8280.0
880,2015-05,8220.0
880,2015-06,7981.0
880,2015-07,8354.0
881,2013-01,3683.0
881,2013-02,3873.0
881,2013-03,4370.0
881,2013-04,3988.0
881,2013-05,4232.0
881,2013-06,3668.0
881,2013-07,4093.0
881,2013-08,3880.0
881,2013-09,3657.0
881,2013-10,3910.0
881,2013-11,4198.0
881,2013-12,5454.0
881,2014-01,4047.0
881,2014-02,4152.0
881,2014-03,4173.0
881,2014-04,4534.0
881,2014-05,4390.0
881,2014-06,4505.0
881,2014-07,4167.0
881,2014-08,4076.0
881,2014-09,4083.0
881,2014-10,4022.0
881,2014-11,4566.0
881,2014-12,5102.0
881,2015-01,4049.0
881,2015-02,3980.0
881,2015-03,4303.0
881,2015-04,4580.0
881,2015-05,4372.0
881,2015-06,4370.0
881,2015-07,4035.0
882,2013-01,9010.0
882,2013-02,9110.0
882,2013-03,9793.0
882,2013-04,7609.0
882,2013-05,6337.0
882,2013-06,5829.0
882,2013-07,6178.0
882,2013-08,5673.0
882,2013-09,5733.0
882,2013-10,5990.0
882,2013-11,6314.0
882,2013-12,7369.0
882,2014-01,5931.0
882,2014-02,6082.0
882,2014-03,6063.0
882,2014-04,6482.0
882,2014-05,6147.0
882,2014-06,6174.0
882,2014-07,7170.0
882,2014-08,5801.0
882,2014-09,6119.0
882,2014-10,6067.0
882,2014-11,6802.0
882,2014-12,7106.0
882,2015-01,6114.0
882,2015-02,6046.0
882,2015-03,6411.0
882,2015-04,6652.0
882,2015-05,6615.0
882,2015-06,6445.0
882,2015-07,6100.0
883,2013-01,4464.0
883,2013-02,4720.0
883,2013-03,4937.0
883,2013-04,4779.0
883,2013-05,4893.0
883,2013-06,4585.0
883,2013-07,5051.0
883,2013-08,4220.0
883,2013-09,4269.0
883,2013-10,4496.0
883,2013-11,4906.0
883,2013-12,6051.0
883,2014-01,4623.0
883,2014-02,4571.0
883,2014-03,4596.0
883,2014-04,4943.0
883,2014-05,4783.0
883,2014-06,5046.0
883,2014-07,4402.0
883,2014-08,4264.0
883,2014-09,4542.0
883,2014-10,4491.0
883,2014-11,5222.0
883,2014-12,5805.0
883,2015-01,4668.0
883,2015-02,4594.0
883,2015-03,4865.0
883,2015-04,4874.0
883,2015-05,5044.0
883,2015-06,4975.0
883,2015-07,4426.0
884,2013-01,4521.0
884,2013-02,4657.0
884,2013-03,5219.0
884,2013-04,4591.0
884,2013-05,5340.0
884,2013-06,4612.0
884,2013-07,5209.0
884,2013-08,5315.0
884,2013-09,4794.0
884,2013-10,5532.0
884,2013-11,5102.0
884,2013-12,6890.0
884,2014-01,5236.0
884,2014-02,5214.0
884,2014-03,5162.0
884,2014-04,5908.0
884,2014-05,5716.0
884,2014-06,6095.0
884,2015-01,6001.0
884,2015-02,5822.0
884,2015-03,6004.0
884,2015-04,6432.0
884,2015-05,6404.0
884,2015-06,6525.0
884,2015-07,6300.0
885,2013-01,4200.0
885,2013-02,4261.0
885,2013-03,4726.0
885,2013-04,4510.0
885,2013-05,4649.0
885,2013-06,4282.0
885,2013-07,4424.0
885,2013-08,4138.0
885,2013-09,4362.0
885,2013-10,4730.0
885,2013-11,5055.0
885,2013-12,5724.0
885,2014-01,4591.0
885,2014-02,4645.0
885,2014-03,4540.0
885,2014-04,4909.0
885,2014-05,6496.0
885,2014-06,6737.0
885,2014-07,6130.0
885,2014-08,6026.0
885,2014-09,6031.0
885,2014-10,6104.0
885,2014-11,7018.0
885,2014-12,7154.0
885,2015-01,6144.0
885,2015-02,6256.0
885,2015-03,6643.0
885,2015-04,6630.0
885,2015-05,6417.0
885,2015-06,6259.0
885,2015-07,5660.0
886,2013-01,5670.0
886,2013-02,5538.0
886,2013-03,6354.0
886,2013-04,5982.0
886,2013-05,6530.0
886,2013-06,6000.0
886,2013-07,7329.0
886,2013-08,5897.0
886,2013-09,5792.0
886,2013-10,5735.0
886,2013-11,6036.0
886,2013-12,7514.0
886,2014-01,6146.0
886,2014-02,6228.0
886,2014-03,6031.0
886,2014-04,6438.0
886,2014-05,6419.0
886,2014-06,7072.0
886,2014-07,6609.0
886,2014-08,6225.0
886,2014-09,6192.0
886,2014-10,6185.0
886,2014-11,6820.0
886,2014-12,7825.0
886,2015-01,6417.0
886,2015-02,6203.0
886,2015-03,6579.0
886,2015-04,6983.0
886,2015-05,7066.0
886,2015-06,7482.0
886,2015-07,6617.0
887,2013-01,6325.0
887,2013-02,6290.0
887,2013-03,7487.0
887,2013-04,6682.0
887,2013-05,7277.0
887,2013-06,6470.0
887,2013-07,7351.0
887,2013-08,6411.0
887,2013-09,6329.0
887,2013-10,6136.0
887,2013-11,6507.0
887,2013-12,9014.0
887,2014-01,6372.0
887,2014-02,6443.0
887,2014-03,6488.0
887,2014-04,6973.0
887,2014-05,6654.0
887,2014-06,7389.0
887,2014-07,7638.0
887,2014-08,6570.0
887,2014-09,6453.0
887,2014-10,6457.0
887,2014-11,7150.0
887,2014-12,8778.0
887,2015-01,6663.0
887,2015-02,6430.0
887,2015-03,6834.0
887,2015-04,7107.0
887,2015-05,7015.0
887,2015-06,7318.0
887,2015-07,6982.0
888,2013-01,6380.0
888,2013-02,7107.0
888,2013-03,7694.0
888,2013-04,7112.0
888,2013-05,7725.0
888,2013-06,7400.0
888,2013-07,7238.0
888,2013-08,7416.0
888,2013-09,6800.0
888,2013-10,6636.0
888,2013-11,7459.0
888,2013-12,8998.0
888,2014-01,7184.0
888,2014-02,7535.0
888,2014-03,7583.0
888,2014-04,8497.0
888,2014-05,8393.0
888,2014-06,8475.0
888,2014-07,8122.0
888,2014-08,7915.0
888,2014-09,7868.0
888,2014-10,8042.0
888,2014-11,9107.0
888,2014-12,9989.0
888,2015-01,8179.0
888,2015-02,8323.0
888,2015-03,8578.0
888,2015-04,9245.0
888,2015-05,9391.0
888,2015-06,8865.0
888,2015-07,9038.0
889,2013-01,3715.0
889,2013-02,3860.0
889,2013-03,4151.0
889,2013-04,3862.0
889,2013-05,4197.0
889,2013-06,3728.0
889,2013-07,4107.0
889,2013-08,3867.0
889,2013-09,3862.0
889,2013-10,3926.0
889,2013-11,4139.0
889,2013-12,5285.0
889,2014-01,3991.0
889,2014-02,3862.0
889,2014-03,3787.0
889,2014-04,4255.0
889,2014-05,4247.0
889,2014-06,4314.0
889,2014-07,4128.0
889,2014-08,3895.0
889,2014-09,4106.0
889,2014-10,4145.0
889,2014-11,4543.0
889,2014-12,5225.0
889,2015-01,4271.0
889,2015-02,3875.0
889,2015-03,4092.0
889,2015-04,4438.0
889,2015-05,4284.0
889,2015-06,4227.0
889,2015-07,4204.0
890,2013-01,4935.0
890,2013-02,4881.0
890,2013-03,5789.0
890,2013-04,5270.0
890,2013-05,5780.0
890,2013-06,5254.0
890,2013-07,5719.0
890,2013-08,5509.0
890,2013-09,5073.0
890,2013-10,5110.0
890,2013-11,5390.0
890,2013-12,6872.0
890,2014-01,5386.0
890,2014-02,5179.0
890,2014-03,5433.0
890,2014-04,5838.0
890,2014-05,5782.0
890,2014-06,6421.0
890,2015-01,6183.0
890,2015-02,5670.0
890,2015-03,6227.0
890,2015-04,6282.0
890,2015-05,6469.0
890,2015-06,6551.0
890,2015-07,6375.0
891,2013-01,7091.0
891,2013-02,7546.0
891,2013-03,8647.0
891,2013-04,7801.0
891,2013-05,8359.0
891,2013-06,7535.0
891,2013-07,8018.0
891,2013-08,7672.0
891,2013-09,7362.0
891,2013-10,7648.0
891,2013-11,7945.0
891,2013-12,10646.0
891,2014-01,7412.0
891,2014-02,7811.0
891,2014-03,8076.0
891,2014-04,8692.0
891,2014-05,8371.0
891,2014-06,8667.0
891,2014-07,8002.0
891,2014-08,8227.0
891,2014-09,7825.0
891,2014-10,7328.0
891,2014-11,8053.0
891,2014-12,9416.0
891,2015-01,7667.0
891,2015-02,7465.0
891,2015-03,7594.0
891,2015-04,8178.0
891,2015-05,7681.0
891,2015-06,7443.0
891,2015-07,7404.0
892,2013-01,7119.0
892,2013-02,6981.0
892,2013-03,8086.0
892,2013-04,7138.0
892,2013-05,7676.0
892,2013-06,6950.0
892,2013-07,7874.0
892,2013-08,7188.0
892,2013-09,6915.0
892,2013-10,7201.0
892,2013-11,7769.0
892,2013-12,10125.0
892,2014-01,7105.0
892,2014-02,7241.0
892,2014-03,6973.0
892,2014-04,7916.0
892,2014-05,7545.0
892,2014-06,7812.0
892,2014-07,7704.0
892,2014-08,7071.0
892,2014-09,7343.0
892,2014-10,7440.0
892,2014-11,8350.0
892,2014-12,9886.0
892,2015-01,7367.0
892,2015-02,7021.0
892,2015-03,7645.0
892,2015-04,7761.0
892,2015-05,7673.0
892,2015-06,7517.0
892,2015-07,7410.0
893,2013-01,5973.0
893,2013-02,5796.0
893,2013-03,6689.0
893,2013-04,6224.0
893,2013-05,6133.0
893,2013-06,6093.0
893,2013-07,6409.0
893,2013-08,6037.0
893,2013-09,5871.0
893,2013-10,6094.0
893,2013-11,6680.0
893,2013-12,8618.0
893,2014-01,6358.0
893,2014-02,6333.0
893,2014-03,6167.0
893,2014-04,6662.0
893,2014-05,6213.0
893,2014-06,6569.0
893,2015-01,6628.0
893,2015-02,6033.0
893,2015-03,6375.0
893,2015-04,6687.0
893,2015-05,6515.0
893,2015-06,6658.0
893,2015-07,6237.0
894,2013-01,7583.0
894,2013-02,8274.0
894,2013-03,9146.0
894,2013-04,8306.0
894,2013-05,9459.0
894,2013-06,10384.0
894,2013-07,9031.0
894,2013-08,7881.0
894,2013-09,7802.0
894,2013-10,7815.0
894,2013-11,7912.0
894,2013-12,10153.0
894,2014-01,7797.0
894,2014-02,7974.0
894,2014-03,8033.0
894,2014-04,8605.0
894,2014-05,8423.0
894,2014-06,8986.0
894,2014-07,8303.0
894,2014-08,8110.0
894,2014-09,7896.0
894,2014-10,7876.0
894,2014-11,8816.0
894,2014-12,9554.0
894,2015-01,8177.0
894,2015-02,7980.0
894,2015-03,8276.0
894,2015-04,8683.0
894,2015-05,8843.0
894,2015-06,9135.0
894,2015-07,8332.0
895,2013-01,8102.0
895,2013-02,8310.0
895,2013-03,9174.0
895,2013-04,8738.0
895,2013-05,9174.0
895,2013-06,8421.0
895,2013-07,9206.0
895,2013-08,7938.0
895,2013-09,8484.0
895,2013-10,8793.0
895,2013-11,9431.0
895,2013-12,10950.0
895,2014-01,8914.0
895,2014-02,9142.0
895,2014-03,8999.0
895,2014-04,9738.0
895,2014-05,9541.0
895,2014-06,9817.0
895,2014-07,9168.0
895,2014-08,8464.0
895,2014-09,8793.0
895,2014-10,9256.0
895,2014-11,10168.0
895,2014-12,11232.0
895,2015-01,9481.0
895,2015-02,9123.0
895,2015-03,9835.0
895,2015-04,10271.0
895,2015-05,10372.0
895,2015-06,10085.0
895,2015-07,10460.0
896,2013-01,6020.0
896,2013-02,6379.0
896,2013-03,7079.0
896,2013-04,6403.0
896,2013-05,6914.0
896,2013-06,6553.0
896,2013-07,6531.0
896,2013-08,7192.0
896,2013-09,6386.0
896,2013-10,6356.0
896,2013-11,7459.0
896,2013-12,9775.0
896,2014-01,6569.0
896,2014-02,6570.0
896,2014-03,6305.0
896,2014-04,7136.0
896,2014-05,6612.0
896,2014-06,6593.0
896,2014-07,6704.0
896,2014-08,7235.0
896,2014-09,6574.0
896,2014-10,6550.0
896,2014-11,7588.0
896,2014-12,9307.0
896,2015-01,6580.0
896,2015-02,6628.0
896,2015-03,6835.0
896,2015-04,7030.0
896,2015-05,7163.0
896,2015-06,6853.0
896,2015-07,7381.0
897,2013-01,2493.0
897,2013-02,2892.0
897,2013-03,3489.0
897,2013-04,3436.0
897,2013-05,3760.0
897,2013-06,3290.0
897,2013-07,3179.0
897,2013-08,4503.0
897,2013-09,4019.0
897,2013-10,5044.0
897,2013-11,3787.0
897,2013-12,4372.0
897,2014-01,3035.0
897,2014-02,3075.0
897,2014-03,2944.0
897,2014-04,3226.0
897,2014-05,3040.0
897,2014-06,3147.0
897,2014-07,3205.0
897,2014-08,3444.0
897,2014-09,3022.0
897,2014-10,3243.0
897,2014-11,3759.0
897,2014-12,4719.0
897,2015-01,3850.0
897,2015-02,3449.0
897,2015-03,3334.0
897,2015-04,3423.0
897,2015-05,3563.0
897,2015-06,3262.0
897,2015-07,3300.0
898,2013-01,6458.0
898,2013-02,6584.0
898,2013-03,7285.0
898,2013-04,6316.0
898,2013-05,6644.0
898,2013-06,5976.0
898,2013-07,6693.0
898,2013-08,6067.0
898,2013-09,5894.0
898,2013-10,5766.0
898,2013-11,6468.0
898,2013-12,9027.0
898,2014-01,6188.0
898,2014-02,6324.0
898,2014-03,6082.0
898,2014-04,6689.0
898,2014-05,6278.0
898,2014-06,6689.0
898,2014-07,6453.0
898,2014-08,5844.0
898,2014-09,6517.0
898,2014-10,6289.0
898,2014-11,7279.0
898,2014-12,8562.0
898,2015-01,6559.0
898,2015-02,6351.0
898,2015-03,6775.0
898,2015-04,6907.0
898,2015-05,6778.0
898,2015-06,6771.0
898,2015-07,6783.0
899,2013-01,4844.0
899,2013-02,4830.0
899,2013-03,5592.0
899,2013-04,5172.0
899,2013-05,5351.0
899,2013-06,4862.0
899,2013-07,5175.0
899,2013-08,4728.0
899,2013-09,5053.0
899,2013-10,5050.0
899,2013-11,5354.0
899,2013-12,6754.0
899,2014-01,5086.0
899,2014-02,5142.0
899,2014-03,5364.0
899,2014-04,5540.0
899,2014-05,5236.0
899,2014-06,5663.0
899,2014-07,4937.0
899,2014-08,4673.0
899,2014-09,5270.0
899,2014-10,5027.0
899,2014-11,5737.0
899,2014-12,6380.0
899,2015-01,5270.0
899,2015-02,4860.0
899,2015-03,5517.0
899,2015-04,5431.0
899,2015-05,5290.0
899,2015-06,5451.0
899,2015-07,4891.0
900,2013-01,5084.0
900,2013-02,5056.0
900,2013-03,5684.0
900,2013-04,5517.0
900,2013-05,5857.0
900,2013-06,5383.0
900,2013-07,5887.0
900,2013-08,5400.0
900,2013-09,5201.0
900,2013-10,5515.0
900,2013-11,5800.0
900,2013-12,6789.0
900,2014-01,5452.0
900,2014-02,5599.0
900,2014-03,5470.0
900,2014-04,5974.0
900,2014-05,6002.0
900,2014-06,6186.0
900,2015-01,6130.0
900,2015-02,5879.0
900,2015-03,6395.0
900,2015-04,6260.0
900,2015-05,6674.0
900,2015-06,6583.0
900,2015-07,6454.0
901,2013-01,6699.0
901,2013-02,6894.0
901,2013-03,7700.0
901,2013-04,7045.0
901,2013-05,7265.0
901,2013-06,6760.0
901,2013-07,7182.0
901,2013-08,7633.0
901,2013-09,6753.0
901,2013-10,6584.0
901,2013-11,7673.0
901,2013-12,9372.0
901,2014-01,7127.0
901,2014-02,7203.0
901,2014-03,7149.0
901,2014-04,7567.0
901,2014-05,6750.0
901,2014-06,7160.0
901,2014-07,6879.0
901,2014-08,6945.0
901,2014-09,6829.0
901,2014-10,6591.0
901,2014-11,7652.0
901,2014-12,8929.0
901,2015-01,7003.0
901,2015-02,6779.0
901,2015-03,7374.0
901,2015-04,7506.0
901,2015-05,7016.0
901,2015-06,7168.0
901,2015-07,7137.0
902,2013-01,4741.0
902,2013-02,4745.0
902,2013-03,5023.0
902,2013-04,4765.0
902,2013-05,4983.0
902,2013-06,4923.0
902,2013-07,5209.0
902,2013-08,5627.0
902,2013-09,5344.0
902,2013-10,5222.0
902,2013-11,5042.0
902,2013-12,5375.0
902,2014-01,4724.0
902,2014-02,4720.0
902,2014-03,4655.0
902,2014-04,4794.0
902,2014-05,4909.0
902,2014-06,4903.0
902,2015-01,4932.0
902,2015-02,4840.0
902,2015-03,5027.0
902,2015-04,5011.0
902,2015-05,4567.0
902,2015-06,4098.0
902,2015-07,3984.0
903,2013-01,10765.0
903,2013-02,10734.0
903,2013-03,11639.0
903,2013-04,10706.0
903,2013-05,12261.0
903,2013-06,10961.0
903,2013-07,11513.0
903,2013-08,11666.0
903,2013-09,11109.0
903,2013-10,10926.0
903,2013-11,12058.0
903,2013-12,14593.0
903,2014-01,11760.0
903,2014-02,11350.0
903,2014-03,11242.0
903,2014-04,12147.0
903,2014-05,12332.0
903,2014-06,12625.0
903,2015-01,12668.0
903,2015-02,11506.0
903,2015-03,11622.0
903,2015-04,11675.0
903,2015-05,11680.0
903,2015-06,11789.0
903,2015-07,12355.0
904,2013-01,5780.0
904,2013-02,6036.0
904,2013-03,6989.0
904,2013-04,6084.0
904,2013-05,6757.0
904,2013-06,6433.0
904,2013-07,5752.0
904,2013-08,5456.0
904,2013-09,5505.0
904,2013-10,5472.0
904,2013-11,5928.0
904,2013-12,7516.0
904,2014-01,5542.0
904,2014-02,5552.0
904,2014-03,5874.0
904,2014-04,6032.0
904,2014-05,5935.0
904,2014-06,6177.0
904,2015-01,6254.0
904,2015-02,5708.0
904,2015-03,6269.0
904,2015-04,6035.0
904,2015-05,6073.0
904,2015-06,5560.0
904,2015-07,5889.0
905,2013-01,9433.0
905,2013-02,9555.0
905,2013-03,11127.0
905,2013-04,10537.0
905,2013-05,10966.0
905,2013-06,9640.0
905,2013-07,10963.0
905,2013-08,9680.0
905,2013-09,9288.0
905,2013-10,9501.0
905,2013-11,9651.0
905,2013-12,12950.0
905,2014-01,9893.0
905,2014-02,9747.0
905,2014-03,7757.0
905,2014-04,8157.0
905,2014-05,7762.0
905,2014-06,8276.0
905,2014-07,6457.0
905,2014-08,6440.0
905,2014-09,6422.0
905,2014-10,6407.0
905,2014-11,7794.0
905,2014-12,8571.0
905,2015-01,6497.0
905,2015-02,6489.0
905,2015-03,6873.0
905,2015-04,7205.0
905,2015-05,7254.0
905,2015-06,7242.0
905,2015-07,6413.0
906,2013-01,11251.0
906,2013-02,11093.0
906,2013-03,12092.0
906,2013-04,11299.0
906,2013-05,12518.0
906,2013-06,11064.0
906,2013-07,11309.0
906,2013-08,10942.0
906,2013-09,10326.0
906,2013-10,11455.0
906,2013-11,10389.0
906,2013-12,12567.0
906,2014-01,9934.0
906,2014-02,10624.0
906,2014-03,10416.0
906,2014-04,11443.0
906,2014-05,10781.0
906,2014-06,11783.0
906,2014-07,11156.0
906,2014-08,9881.0
906,2014-09,10359.0
906,2014-10,10398.0
906,2014-11,10478.0
906,2014-12,11666.0
906,2015-01,9736.0
906,2015-02,10248.0
906,2015-03,10567.0
906,2015-04,10776.0
906,2015-05,10923.0
906,2015-06,10974.0
906,2015-07,10761.0
907,2013-01,4973.0
907,2013-02,4923.0
907,2013-03,5840.0
907,2013-04,5424.0
907,2013-05,5806.0
907,2013-06,5315.0
907,2013-07,5702.0
907,2013-08,5527.0
907,2013-09,5308.0
907,2013-10,5837.0
907,2013-11,6212.0
907,2013-12,7932.0
907,2014-01,5682.0
907,2014-02,6008.0
907,2014-03,6052.0
907,2014-04,6677.0
907,2014-05,6476.0
907,2014-06,6675.0
907,2014-07,6100.0
907,2014-08,6322.0
907,2014-09,6232.0
907,2014-10,6269.0
907,2014-11,7150.0
907,2014-12,8278.0
907,2015-01,6365.0
907,2015-02,6347.0
907,2015-03,6839.0
907,2015-04,7251.0
907,2015-05,7309.0
907,2015-06,7351.0
907,2015-07,6555.0
908,2013-01,3913.0
908,2013-02,4179.0
908,2013-03,4717.0
908,2013-04,4270.0
908,2013-05,4674.0
908,2013-06,4111.0
908,2013-07,4550.0
908,2013-08,4285.0
908,2013-09,4194.0
908,2013-10,4133.0
908,2013-11,4281.0
908,2013-12,5290.0
908,2014-01,3968.0
908,2014-02,3997.0
908,2014-03,4279.0
908,2014-04,4413.0
908,2014-05,4088.0
908,2014-06,4496.0
908,2014-07,3989.0
908,2014-08,3726.0
908,2014-09,3935.0
908,2014-10,3940.0
908,2014-11,4267.0
908,2014-12,4939.0
908,2015-01,3925.0
908,2015-02,3833.0
908,2015-03,4291.0
908,2015-04,4334.0
908,2015-05,4048.0
908,2015-06,4440.0
908,2015-07,3932.0
909,2013-01,9652.0
909,2013-02,9425.0
909,2013-03,10557.0
909,2013-04,10255.0
909,2013-05,10508.0
909,2013-06,9593.0
909,2013-07,11155.0
909,2013-08,10274.0
909,2013-09,9675.0
909,2013-10,10083.0
909,2013-11,10014.0
909,2013-12,12249.0
909,2014-01,10430.0
909,2014-02,10335.0
909,2014-03,10642.0
909,2014-04,11198.0
909,2014-05,10315.0
909,2014-06,10622.0
909,2015-01,11164.0
909,2015-02,10018.0
909,2015-03,10739.0
909,2015-04,11508.0
909,2015-05,11291.0
909,2015-06,13846.0
909,2015-07,14612.0
910,2013-01,5081.0
910,2013-02,5207.0
910,2013-03,6157.0
910,2013-04,5169.0
910,2013-05,5528.0
910,2013-06,5141.0
910,2013-07,5517.0
910,2013-08,5295.0
910,2013-09,5291.0
910,2013-10,5285.0
910,2013-11,5556.0
910,2013-12,7326.0
910,2014-01,5310.0
910,2014-02,5247.0
910,2014-03,5463.0
910,2014-04,5947.0
910,2014-05,5524.0
910,2014-06,5851.0
910,2014-07,5466.0
910,2014-08,5283.0
910,2014-09,5690.0
910,2014-10,5649.0
910,2014-11,6071.0
910,2014-12,7522.0
910,2015-01,6019.0
910,2015-02,5481.0
910,2015-03,5869.0
910,2015-04,6063.0
910,2015-05,6143.0
910,2015-06,6131.0
910,2015-07,5856.0
911,2013-01,9104.0
911,2013-02,9343.0
911,2013-03,10438.0
911,2013-04,9179.0
911,2013-05,9602.0
911,2013-06,9354.0
911,2013-07,9500.0
911,2013-08,9932.0
911,2013-09,8842.0
911,2013-10,8985.0
911,2013-11,10109.0
911,2013-12,12676.0
911,2014-01,9179.0
911,2014-02,9387.0
911,2014-03,9278.0
911,2014-04,10326.0
911,2014-05,9835.0
911,2014-06,10105.0
911,2014-07,9757.0
911,2014-08,10126.0
911,2014-09,9464.0
911,2014-10,9589.0
911,2014-11,10905.0
911,2014-12,12658.0
911,2015-01,9609.0
911,2015-02,9502.0
911,2015-03,9748.0
911,2015-04,10111.0
911,2015-05,9982.0
911,2015-06,10073.0
911,2015-07,9991.0
912,2013-01,5260.0
912,2013-02,5505.0
912,2013-03,6232.0
912,2013-04,5413.0
912,2013-05,5921.0
912,2013-06,6146.0
912,2013-07,4754.0
912,2013-08,5304.0
912,2013-09,4910.0
912,2013-10,5233.0
912,2013-11,6154.0
912,2013-12,8244.0
912,2014-01,5206.0
912,2014-02,5160.0
912,2014-03,5202.0
912,2014-04,5936.0
912,2014-05,5678.0
912,2014-06,5601.0
912,2014-07,5510.0
912,2014-08,5846.0
912,2014-09,5218.0
912,2014-10,5514.0
912,2014-11,6519.0
912,2014-12,8285.0
912,2015-01,5567.0
912,2015-02,5452.0
912,2015-03,5677.0
912,2015-04,5991.0
912,2015-05,6134.0
912,2015-06,5546.0
912,2015-07,5966.0
913,2013-01,8298.0
913,2013-02,8543.0
913,2013-03,10199.0
913,2013-04,9693.0
913,2013-05,9618.0
913,2013-06,8758.0
913,2013-07,9556.0
913,2013-08,8680.0
913,2013-09,8276.0
913,2013-10,8469.0
913,2013-11,8854.0
913,2013-12,10873.0
913,2014-01,8400.0
913,2014-02,8752.0
913,2014-03,8394.0
913,2014-04,9181.0
913,2014-05,8577.0
913,2014-06,8878.0
913,2014-07,8641.0
913,2014-08,8243.0
913,2014-09,7958.0
913,2014-10,8377.0
913,2014-11,9781.0
913,2014-12,10062.0
913,2015-01,8317.0
913,2015-02,7657.0
913,2015-03,8719.0
913,2015-04,9117.0
913,2015-05,9128.0
913,2015-06,9048.0
913,2015-07,8852.0
914,2013-01,8703.0
914,2013-02,9281.0
914,2013-03,10405.0
914,2013-04,9137.0
914,2013-05,9413.0
914,2013-06,8650.0
914,2013-07,8896.0
914,2013-08,9432.0
914,2013-09,8485.0
914,2013-10,8591.0
914,2013-11,9777.0
914,2013-12,12059.0
914,2014-01,8706.0
914,2014-02,9228.0
914,2014-03,8965.0
914,2014-04,9961.0
914,2014-05,9552.0
914,2014-06,9343.0
914,2014-07,9212.0
914,2014-08,9785.0
914,2014-09,9186.0
914,2014-10,9099.0
914,2014-11,10596.0
914,2014-12,12014.0
914,2015-01,9298.0
914,2015-02,9401.0
914,2015-03,9799.0
914,2015-04,10027.0
914,2015-05,9631.0
914,2015-06,8976.0
914,2015-07,9446.0
915,2013-01,6403.0
915,2013-02,6520.0
915,2013-03,6481.0
915,2013-04,5806.0
915,2013-05,6547.0
915,2013-06,5795.0
915,2013-07,6047.0
915,2013-08,5999.0
915,2013-09,5811.0
915,2013-10,5820.0
915,2013-11,6254.0
915,2013-12,7279.0
915,2014-01,5992.0
915,2014-02,5918.0
915,2014-03,6044.0
915,2014-04,6167.0
915,2014-05,6324.0
915,2014-06,6275.0
915,2015-01,6779.0
915,2015-02,5989.0
915,2015-03,6769.0
915,2015-04,6876.0
915,2015-05,7074.0
915,2015-06,6852.0
915,2015-07,6745.0
916,2013-01,4894.0
916,2013-02,5112.0
916,2013-03,5693.0
916,2013-04,5274.0
916,2013-05,5567.0
916,2013-06,4809.0
916,2013-07,5252.0
916,2013-08,4838.0
916,2013-09,4951.0
916,2013-10,4919.0
916,2013-11,5294.0
916,2013-12,6519.0
916,2014-01,5063.0
916,2014-02,5148.0
916,2014-03,5258.0
916,2014-04,5761.0
916,2014-05,5418.0
916,2014-06,5283.0
916,2014-07,5229.0
916,2014-08,5053.0
916,2014-09,5061.0
916,2014-10,5257.0
916,2014-11,5997.0
916,2014-12,6463.0
916,2015-01,5262.0
916,2015-02,5330.0
916,2015-03,5516.0
916,2015-04,5778.0
916,2015-05,5748.0
916,2015-06,5814.0
916,2015-07,5529.0
917,2013-01,6323.0
917,2013-02,6555.0
917,2013-03,7107.0
917,2013-04,6611.0
917,2013-05,7017.0
917,2013-06,6491.0
917,2013-07,7149.0
917,2013-08,6297.0
917,2013-09,6344.0
917,2013-10,6216.0
917,2013-11,6495.0
917,2013-12,8503.0
917,2014-01,6383.0
917,2014-02,6447.0
917,2014-03,6324.0
917,2014-04,6872.0
917,2014-05,6746.0
917,2014-06,7057.0
917,2014-07,6602.0
917,2014-08,6138.0
917,2014-09,6415.0
917,2014-10,6355.0
917,2014-11,7240.0
917,2014-12,8180.0
917,2015-01,6555.0
917,2015-02,6094.0
917,2015-03,6551.0
917,2015-04,6823.0
917,2015-05,6815.0
917,2015-06,7038.0
917,2015-07,6331.0
918,2013-01,4714.0
918,2013-02,4610.0
918,2013-03,5219.0
918,2013-04,4728.0
918,2013-05,5070.0
918,2013-06,4632.0
918,2013-07,5217.0
918,2013-08,4824.0
918,2013-09,4801.0
918,2013-10,4886.0
918,2013-11,5468.0
918,2013-12,6715.0
918,2014-01,4800.0
918,2014-02,4912.0
918,2014-03,4850.0
918,2014-04,5469.0
918,2014-05,5158.0
918,2014-06,5444.0
918,2014-07,5083.0
918,2014-08,4862.0
918,2014-09,5159.0
918,2014-10,5223.0
918,2014-11,5822.0
918,2014-12,6683.0
918,2015-01,5106.0
918,2015-02,4825.0
918,2015-03,5293.0
918,2015-04,5509.0
918,2015-05,5329.0
918,2015-06,5312.0
918,2015-07,5247.0
919,2013-01,5212.0
919,2013-02,5315.0
919,2013-03,5709.0
919,2013-04,5549.0
919,2013-05,5656.0
919,2013-06,5166.0
919,2013-07,5955.0
919,2013-08,5318.0
919,2013-09,5070.0
919,2013-10,5357.0
919,2013-11,5353.0
919,2013-12,6487.0
919,2014-01,5401.0
919,2014-02,5397.0
919,2014-03,5523.0
919,2014-04,5753.0
919,2014-05,5380.0
919,2014-06,5586.0
919,2015-01,5577.0
919,2015-02,5327.0
919,2015-03,5505.0
919,2015-04,5872.0
919,2015-05,5555.0
919,2015-06,5643.0
919,2015-07,5768.0
920,2013-01,4731.0
920,2013-02,4958.0
920,2013-03,5484.0
920,2013-04,5251.0
920,2013-05,5570.0
920,2013-06,5264.0
920,2013-07,5661.0
920,2013-08,4809.0
920,2013-09,5024.0
920,2013-10,5415.0
920,2013-11,5441.0
920,2013-12,6225.0
920,2014-01,5361.0
920,2014-02,5388.0
920,2014-03,5511.0
920,2014-04,5942.0
920,2014-05,5640.0
920,2014-06,5934.0
920,2015-01,7215.0
920,2015-02,7587.0
920,2015-03,6427.0
920,2015-04,6365.0
920,2015-05,6474.0
920,2015-06,6258.0
920,2015-07,6341.0
921,2013-01,10076.0
921,2013-02,9789.0
921,2013-03,10536.0
921,2013-04,10309.0
921,2013-05,10165.0
921,2013-06,9530.0
921,2013-07,10063.0
921,2013-08,8920.0
921,2013-09,9542.0
921,2013-10,9888.0
921,2013-11,10314.0
921,2013-12,11457.0
921,2014-01,9179.0
921,2014-02,8974.0
921,2014-03,9130.0
921,2014-04,9632.0
921,2014-05,9058.0
921,2014-06,9582.0
921,2014-07,8938.0
921,2014-08,7786.0
921,2014-09,8842.0
921,2014-10,8815.0
921,2014-11,9542.0
921,2014-12,10504.0
921,2015-01,9211.0
921,2015-02,8775.0
921,2015-03,9123.0
921,2015-04,9510.0
921,2015-05,9222.0
921,2015-06,9282.0
921,2015-07,8320.0
922,2013-01,6563.0
922,2013-02,6818.0
922,2013-03,7544.0
922,2013-04,6974.0
922,2013-05,7699.0
922,2013-06,6823.0
922,2013-07,7226.0
922,2013-08,6939.0
922,2013-09,6623.0
922,2013-10,6701.0
922,2013-11,7370.0
922,2013-12,8981.0
922,2014-01,7295.0
922,2014-02,7592.0
922,2014-03,7157.0
922,2014-04,8473.0
922,2014-05,7647.0
922,2014-06,7731.0
922,2014-07,7092.0
922,2014-08,7011.0
922,2014-09,7009.0
922,2014-10,7019.0
922,2014-11,8038.0
922,2014-12,8603.0
922,2015-01,7237.0
922,2015-02,7113.0
922,2015-03,7434.0
922,2015-04,7850.0
922,2015-05,8206.0
922,2015-06,8177.0
922,2015-07,7260.0
923,2013-01,5011.0
923,2013-02,5183.0
923,2013-03,5627.0
923,2013-04,5237.0
923,2013-05,5640.0
923,2013-06,5277.0
923,2013-07,4878.0
923,2013-08,4974.0
923,2013-09,5189.0
923,2013-10,5230.0
923,2013-11,5222.0
923,2013-12,5834.0
923,2014-01,4835.0
923,2014-02,5082.0
923,2014-03,5019.0
923,2014-04,5464.0
923,2014-05,5362.0
923,2014-06,5613.0
923,2014-07,5291.0
923,2014-08,4934.0
923,2014-09,5236.0
923,2014-10,5271.0
923,2014-11,5486.0
923,2014-12,5866.0
923,2015-01,5206.0
923,2015-02,5187.0
923,2015-03,5515.0
923,2015-04,5699.0
923,2015-05,5641.0
923,2015-06,5630.0
923,2015-07,5327.0
924,2013-01,4434.0
924,2013-02,4574.0
924,2013-03,5109.0
924,2013-04,4604.0
924,2013-05,5115.0
924,2013-06,4577.0
924,2013-07,5030.0
924,2013-08,4343.0
924,2013-09,4488.0
924,2013-10,4455.0
924,2013-11,4978.0
924,2013-12,5989.0
924,2014-01,4509.0
924,2014-02,4530.0
924,2014-03,4678.0
924,2014-04,4742.0
924,2014-05,4715.0
924,2014-06,5319.0
924,2014-07,4610.0
924,2014-08,4358.0
924,2014-09,4616.0
924,2014-10,4484.0
924,2014-11,5203.0
924,2014-12,5767.0
924,2015-01,4523.0
924,2015-02,4443.0
924,2015-03,4671.0
924,2015-04,4748.0
924,2015-05,4596.0
924,2015-06,5051.0
924,2015-07,4320.0
925,2013-01,4903.0
925,2013-02,5164.0
925,2013-03,6709.0
925,2013-04,6066.0
925,2013-05,6201.0
925,2013-06,5694.0
925,2013-07,5889.0
925,2013-08,6106.0
925,2013-09,6647.0
925,2013-10,6614.0
925,2013-11,7147.0
925,2013-12,8993.0
925,2014-01,6368.0
925,2014-02,6607.0
925,2014-03,6748.0
925,2014-04,7269.0
925,2014-05,7006.0
925,2014-06,7184.0
925,2014-07,6798.0
925,2014-08,6939.0
925,2014-09,6514.0
925,2014-10,6180.0
925,2014-11,7077.0
925,2014-12,8543.0
925,2015-01,6345.0
925,2015-02,6080.0
925,2015-03,6919.0
925,2015-04,7249.0
925,2015-05,7338.0
925,2015-06,7278.0
925,2015-07,7306.0
926,2013-01,6327.0
926,2013-02,6519.0
926,2013-03,7541.0
926,2013-04,6712.0
926,2013-05,7386.0
926,2013-06,6697.0
926,2013-07,6736.0
926,2013-08,6463.0
926,2013-09,6347.0
926,2013-10,6299.0
926,2013-11,6937.0
926,2013-12,8672.0
926,2014-01,7584.0
926,2014-02,6756.0
926,2014-03,7182.0
926,2014-04,7651.0
926,2014-05,7294.0
926,2014-06,8305.0
926,2014-07,6958.0
926,2014-08,6971.0
926,2014-09,7282.0
926,2014-10,6904.0
926,2014-11,7797.0
926,2014-12,8792.0
926,2015-01,7397.0
926,2015-02,6979.0
926,2015-03,8045.0
926,2015-04,7764.0
926,2015-05,7918.0
926,2015-06,8347.0
926,2015-07,6927.0
927,2013-01,5704.0
927,2013-02,6068.0
927,2013-03,6536.0
927,2013-04,6418.0
927,2013-05,6433.0
927,2013-06,5643.0
927,2013-07,6088.0
927,2013-08,8142.0
927,2013-09,5704.0
927,2013-10,7211.0
927,2013-11,6784.0
927,2013-12,8148.0
927,2014-01,6150.0
927,2014-02,6196.0
927,2014-03,6226.0
927,2014-04,6761.0
927,2014-05,6361.0
927,2014-06,6988.0
927,2014-07,6230.0
927,2014-08,6068.0
927,2014-09,6245.0
927,2014-10,6104.0
927,2014-11,7040.0
927,2014-12,7904.0
927,2015-01,6362.0
927,2015-02,6056.0
927,2015-03,6852.0
927,2015-04,7019.0
927,2015-05,6985.0
927,2015-06,7040.0
927,2015-07,6220.0
928,2013-01,7154.0
928,2013-02,7490.0
928,2013-03,8262.0
928,2013-04,7357.0
928,2013-05,7945.0
928,2013-06,6971.0
928,2013-07,7782.0
928,2013-08,7462.0
928,2013-09,6966.0
928,2013-10,6983.0
928,2013-11,7509.0
928,2013-12,9819.0
928,2014-01,7688.0
928,2014-02,8085.0
928,2014-03,7985.0
928,2014-04,8738.0
928,2014-05,8272.0
928,2014-06,8628.0
928,2014-07,7920.0
928,2014-08,7753.0
928,2014-09,7720.0
928,2014-10,7792.0
928,2014-11,8799.0
928,2014-12,9624.0
928,2015-01,8386.0
928,2015-02,7887.0
928,2015-03,8321.0
928,2015-04,8803.0
928,2015-05,8441.0
928,2015-06,8495.0
928,2015-07,7817.0
929,2013-01,5149.0
929,2013-02,5505.0
929,2013-03,6065.0
929,2013-04,5566.0
929,2013-05,5703.0
929,2013-06,5299.0
929,2013-07,5538.0
929,2013-08,6009.0
929,2013-09,5447.0
929,2013-10,5363.0
929,2013-11,5807.0
929,2013-12,7368.0
929,2014-01,5360.0
929,2014-02,5669.0
929,2014-03,5697.0
929,2014-04,6103.0
929,2014-05,5701.0
929,2014-06,5952.0
929,2014-07,5607.0
929,2014-08,5769.0
929,2014-09,5595.0
929,2014-10,5440.0
929,2014-11,6216.0
929,2014-12,7262.0
929,2015-01,5532.0
929,2015-02,5593.0
929,2015-03,5875.0
929,2015-04,6193.0
929,2015-05,6057.0
929,2015-06,6014.0
929,2015-07,6008.0
930,2013-01,6549.0
930,2013-02,6687.0
930,2013-03,7878.0
930,2013-04,7147.0
930,2013-05,7843.0
930,2013-06,7039.0
930,2013-07,7455.0
930,2013-08,8769.0
930,2013-09,7117.0
930,2013-10,6666.0
930,2013-11,6927.0
930,2013-12,8961.0
930,2014-01,6486.0
930,2014-02,6535.0
930,2014-03,6646.0
930,2014-04,7123.0
930,2014-05,7319.0
930,2014-06,7520.0
930,2014-07,6977.0
930,2014-08,6878.0
930,2014-09,6440.0
930,2014-10,6645.0
930,2014-11,7601.0
930,2014-12,8575.0
930,2015-01,6460.0
930,2015-02,6504.0
930,2015-03,6604.0
930,2015-04,6988.0
930,2015-05,7304.0
930,2015-06,7561.0
930,2015-07,6663.0
931,2013-01,2912.0
931,2013-02,2993.0
931,2013-03,3441.0
931,2013-04,2881.0
931,2013-05,3328.0
931,2013-06,3545.0
931,2013-07,4869.0
931,2013-08,4557.0
931,2013-09,3150.0
931,2013-10,2940.0
931,2013-11,3269.0
931,2013-12,4242.0
931,2014-01,2950.0
931,2014-02,3080.0
931,2014-03,3206.0
931,2014-04,3437.0
931,2014-05,3300.0
931,2014-06,3861.0
931,2014-07,4549.0
931,2014-08,4755.0
931,2014-09,3562.0
931,2014-10,3090.0
931,2014-11,3560.0
931,2014-12,4054.0
931,2015-01,2944.0
931,2015-02,3017.0
931,2015-03,3467.0
931,2015-04,3490.0
931,2015-05,3305.0
931,2015-06,3997.0
931,2015-07,4832.0
932,2013-01,6928.0
932,2013-02,7035.0
932,2013-03,7739.0
932,2013-04,7021.0
932,2013-05,7628.0
932,2013-06,7262.0
932,2013-07,7654.0
932,2013-08,6901.0
932,2013-09,6995.0
932,2013-10,6974.0
932,2013-11,7420.0
932,2013-12,9497.0
932,2014-01,7046.0
932,2014-02,7018.0
932,2014-03,7157.0
932,2014-04,7398.0
932,2014-05,7152.0
932,2014-06,7689.0
932,2015-01,7617.0
932,2015-02,7071.0
932,2015-03,7543.0
932,2015-04,7455.0
932,2015-05,7581.0
932,2015-06,7812.0
932,2015-07,7441.0
933,2013-01,6505.0
933,2013-02,6733.0
933,2013-03,7696.0
933,2013-04,6654.0
933,2013-05,7040.0
933,2013-06,6469.0
933,2013-07,7208.0
933,2013-08,6858.0
933,2013-09,6787.0
933,2013-10,7021.0
933,2013-11,7659.0
933,2013-12,10289.0
933,2014-01,6804.0
933,2014-02,6830.0
933,2014-03,6750.0
933,2014-04,7711.0
933,2014-05,6919.0
933,2014-06,7265.0
933,2014-07,7001.0
933,2014-08,6703.0
933,2014-09,6968.0
933,2014-10,7199.0
933,2014-11,8165.0
933,2014-12,10032.0
933,2015-01,7218.0
933,2015-02,7061.0
933,2015-03,7658.0
933,2015-04,7718.0
933,2015-05,7648.0
933,2015-06,7538.0
933,2015-07,7471.0
934,2013-01,6054.0
934,2013-02,6396.0
934,2013-03,7079.0
934,2013-04,6542.0
934,2013-05,6861.0
934,2013-06,6347.0
934,2013-07,6798.0
934,2013-08,6286.0
934,2013-09,6380.0
934,2013-10,6193.0
934,2013-11,6523.0
934,2013-12,8371.0
934,2014-01,6466.0
934,2014-02,6502.0
934,2014-03,6528.0
934,2014-04,6878.0
934,2014-05,6565.0
934,2014-06,7504.0
934,2014-07,6538.0
934,2014-08,6521.0
934,2014-09,6718.0
934,2014-10,6577.0
934,2014-11,7264.0
934,2014-12,8356.0
934,2015-01,6542.0
934,2015-02,6526.0
934,2015-03,6916.0
934,2015-04,6941.0
934,2015-05,7024.0
934,2015-06,7280.0
934,2015-07,6514.0
935,2013-01,4874.0
935,2013-02,5118.0
935,2013-03,5818.0
935,2013-04,5071.0
935,2013-05,5422.0
935,2013-06,5032.0
935,2013-07,5474.0
935,2013-08,5805.0
935,2013-09,4943.0
935,2013-10,5041.0
935,2013-11,5711.0
935,2013-12,7768.0
935,2014-01,5107.0
935,2014-02,5347.0
935,2014-03,5144.0
935,2014-04,5838.0
935,2014-05,5392.0
935,2014-06,5654.0
935,2014-07,5496.0
935,2014-08,6052.0
935,2014-09,5525.0
935,2014-10,5316.0
935,2014-11,6218.0
935,2014-12,7934.0
935,2015-01,5539.0
935,2015-02,5411.0
935,2015-03,5695.0
935,2015-04,6023.0
935,2015-05,5660.0
935,2015-06,5807.0
935,2015-07,6069.0
936,2013-01,7540.0
936,2013-02,7985.0
936,2013-03,8275.0
936,2013-04,7713.0
936,2013-05,7945.0
936,2013-06,7291.0
936,2013-07,7449.0
936,2013-08,6338.0
936,2013-09,6336.0
936,2013-10,6675.0
936,2013-11,7043.0
936,2013-12,8218.0
936,2014-01,6679.0
936,2014-02,6722.0
936,2014-03,6800.0
936,2014-04,7402.0
936,2014-05,6792.0
936,2014-06,6920.0
936,2014-07,6555.0
936,2014-08,6300.0
936,2014-09,6343.0
936,2014-10,6586.0
936,2014-11,7450.0
936,2014-12,7857.0
936,2015-01,6570.0
936,2015-02,6394.0
936,2015-03,7135.0
936,2015-04,7222.0
936,2015-05,7106.0
936,2015-06,7050.0
936,2015-07,6430.0
937,2013-01,6128.0
937,2013-02,6470.0
937,2013-03,7372.0
937,2013-04,6834.0
937,2013-05,7749.0
937,2013-06,7165.0
937,2013-07,8130.0
937,2013-08,6853.0
937,2013-09,6333.0
937,2013-10,6576.0
937,2013-11,6348.0
937,2013-12,7833.0
937,2014-01,6158.0
937,2014-02,6489.0
937,2014-03,7341.0
937,2014-04,7683.0
937,2014-05,7370.0
937,2014-06,7691.0
937,2014-07,7471.0
937,2014-08,6300.0
937,2014-09,6936.0
937,2014-10,6703.0
937,2014-11,7683.0
937,2014-12,8255.0
937,2015-01,6901.0
937,2015-02,6598.0
937,2015-03,8928.0
937,2015-04,8747.0
937,2015-05,7727.0
937,2015-06,8097.0
937,2015-07,7561.0
938,2013-01,8491.0
938,2013-02,8741.0
938,2013-03,9409.0
938,2013-04,9191.0
938,2013-05,9467.0
938,2013-06,9486.0
938,2013-07,9339.0
938,2013-08,9024.0
938,2013-09,8802.0
938,2013-10,9090.0
938,2013-11,9748.0
938,2013-12,11321.0
938,2014-01,9032.0
938,2014-02,9292.0
938,2014-03,9075.0
938,2014-04,9570.0
938,2014-05,9374.0
938,2014-06,9732.0
938,2014-07,9431.0
938,2014-08,8748.0
938,2014-09,9054.0
938,2014-10,9252.0
938,2014-11,10035.0
938,2014-12,10725.0
938,2015-01,9104.0
938,2015-02,8937.0
938,2015-03,9283.0
938,2015-04,9964.0
938,2015-05,9760.0
938,2015-06,9679.0
938,2015-07,9721.0
939,2013-01,5457.0
939,2013-02,5484.0
939,2013-03,6059.0
939,2013-04,5646.0
939,2013-05,6219.0
939,2013-06,5650.0
939,2013-07,5906.0
939,2013-08,5840.0
939,2013-09,5586.0
939,2013-10,5822.0
939,2013-11,5965.0
939,2013-12,7044.0
939,2014-01,5514.0
939,2014-02,5788.0
939,2014-03,5694.0
939,2014-04,6254.0
939,2014-05,6213.0
939,2014-06,6494.0
939,2014-07,5804.0
939,2014-08,5783.0
939,2014-09,5640.0
939,2014-10,5800.0
939,2014-11,6548.0
939,2014-12,7129.0
939,2015-01,5998.0
939,2015-02,5662.0
939,2015-03,6024.0
939,2015-04,6073.0
939,2015-05,6321.0
939,2015-06,6354.0
939,2015-07,5796.0
940,2013-01,5732.0
940,2013-02,6672.0
940,2013-03,6700.0
940,2013-04,5918.0
940,2013-05,6734.0
940,2013-06,5939.0
940,2013-07,7851.0
940,2013-08,7517.0
940,2013-09,6487.0
940,2013-10,6647.0
940,2013-11,7356.0
940,2013-12,9056.0
940,2014-01,6678.0
940,2014-02,6684.0
940,2014-03,6796.0
940,2014-04,7642.0
940,2014-05,7334.0
940,2014-06,7355.0
940,2014-07,7216.0
940,2014-08,6980.0
940,2014-09,7100.0
940,2014-10,7242.0
940,2014-11,8489.0
940,2014-12,9414.0
940,2015-01,7429.0
940,2015-02,7126.0
940,2015-03,7588.0
940,2015-04,7942.0
940,2015-05,7911.0
940,2015-06,7716.0
940,2015-07,7706.0
941,2013-01,4539.0
941,2013-02,4497.0
941,2013-03,4954.0
941,2013-04,4629.0
941,2013-05,4911.0
941,2013-06,4500.0
941,2013-07,4932.0
941,2013-08,4902.0
941,2013-09,4688.0
941,2013-10,4861.0
941,2013-11,4871.0
941,2013-12,5880.0
941,2014-01,4822.0
941,2014-02,4815.0
941,2014-03,4986.0
941,2014-04,5166.0
941,2014-05,5012.0
941,2014-06,5312.0
941,2015-01,5452.0
941,2015-02,4952.0
941,2015-03,5470.0
941,2015-04,5511.0
941,2015-05,5233.0
941,2015-06,5657.0
941,2015-07,5272.0
942,2013-01,5249.0
942,2013-02,5379.0
942,2013-03,6345.0
942,2013-04,5582.0
942,2013-05,6066.0
942,2013-06,5681.0
942,2013-07,5533.0
942,2013-08,5542.0
942,2013-09,5365.0
942,2013-10,5265.0
942,2013-11,5741.0
942,2013-12,7428.0
942,2014-01,5621.0
942,2014-02,5797.0
942,2014-03,5769.0
942,2014-04,6294.0
942,2014-05,6201.0
942,2014-06,6624.0
942,2014-07,5952.0
942,2014-08,5886.0
942,2014-09,5925.0
942,2014-10,5773.0
942,2014-11,6333.0
942,2014-12,7516.0
942,2015-01,6317.0
942,2015-02,5906.0
942,2015-03,6517.0
942,2015-04,6540.0
942,2015-05,6596.0
942,2015-06,6933.0
942,2015-07,6423.0
943,2013-01,5950.0
943,2013-02,6216.0
943,2013-03,7354.0
943,2013-04,6308.0
943,2013-05,7027.0
943,2013-06,6361.0
943,2013-07,6697.0
943,2013-08,6476.0
943,2013-09,6331.0
943,2013-10,6211.0
943,2013-11,6982.0
943,2013-12,8997.0
943,2014-01,6324.0
943,2014-02,6615.0
943,2014-03,6538.0
943,2014-04,7243.0
943,2014-05,6942.0
943,2014-06,7315.0
943,2014-07,7346.0
943,2014-08,6925.0
943,2014-09,6650.0
943,2014-10,6500.0
943,2014-11,7538.0
943,2014-12,9102.0
943,2015-01,7032.0
943,2015-02,6718.0
943,2015-03,6946.0
943,2015-04,7599.0
943,2015-05,7413.0
943,2015-06,7510.0
943,2015-07,7191.0
944,2013-01,7311.0
944,2013-02,7457.0
944,2013-03,9076.0
944,2013-04,7548.0
944,2013-05,8216.0
944,2013-06,7667.0
944,2013-07,7835.0
944,2013-08,7757.0
944,2013-09,7512.0
944,2013-10,7568.0
944,2013-11,8330.0
944,2013-12,13218.0
944,2014-01,7330.0
944,2014-02,7335.0
944,2014-03,7343.0
944,2014-04,8404.0
944,2014-05,7704.0
944,2014-06,7341.0
944,2014-07,7199.0
944,2014-08,7660.0
944,2014-09,6894.0
944,2014-10,7425.0
944,2014-11,8324.0
944,2014-12,12276.0
944,2015-01,7325.0
944,2015-02,6990.0
944,2015-03,7327.0
944,2015-04,7866.0
944,2015-05,7823.0
944,2015-06,6978.0
944,2015-07,7294.0
945,2013-01,3928.0
945,2013-02,4083.0
945,2013-03,4492.0
945,2013-04,4047.0
945,2013-05,4347.0
945,2013-06,4155.0
945,2013-07,4268.0
945,2013-08,4675.0
945,2013-09,4121.0
945,2013-10,4305.0
945,2013-11,4566.0
945,2013-12,5951.0
945,2014-01,3988.0
945,2014-02,4027.0
945,2014-03,3966.0
945,2014-04,4516.0
945,2014-05,4332.0
945,2014-06,4282.0
945,2014-07,4275.0
945,2014-08,4235.0
945,2014-09,4225.0
945,2014-10,4148.0
945,2014-11,4687.0
945,2014-12,5860.0
945,2015-01,4139.0
945,2015-02,4138.0
945,2015-03,4302.0
945,2015-04,4517.0
945,2015-05,4422.0
945,2015-06,4342.0
945,2015-07,4393.0
946,2013-01,4058.0
946,2013-02,4180.0
946,2013-03,4672.0
946,2013-04,4408.0
946,2013-05,4605.0
946,2013-06,4213.0
946,2013-07,4496.0
946,2013-08,3940.0
946,2013-09,3901.0
946,2013-10,3886.0
946,2013-11,4028.0
946,2013-12,5014.0
946,2014-01,3885.0
946,2014-02,3946.0
946,2014-03,3948.0
946,2014-04,4453.0
946,2014-05,4117.0
946,2014-06,4333.0
946,2014-07,4106.0
946,2014-08,3627.0
946,2014-09,3912.0
946,2014-10,3934.0
946,2014-11,4384.0
946,2014-12,4766.0
946,2015-01,3991.0
946,2015-02,3911.0
946,2015-03,4161.0
946,2015-04,4465.0
946,2015-05,4356.0
946,2015-06,4481.0
946,2015-07,4316.0
947,2013-01,7747.0
947,2013-02,7654.0
947,2013-03,9114.0
947,2013-04,8693.0
947,2013-05,8901.0
947,2013-06,8508.0
947,2013-07,8570.0
947,2013-08,8349.0
947,2013-09,8228.0
947,2013-10,8563.0
947,2013-11,8974.0
947,2013-12,11142.0
947,2014-01,8268.0
947,2014-02,8566.0
947,2014-03,8858.0
947,2014-04,8258.0
947,2014-05,8092.0
947,2014-06,8246.0
947,2014-07,7744.0
947,2014-08,7884.0
947,2014-09,7829.0
947,2014-10,8020.0
947,2014-11,8744.0
947,2014-12,10049.0
947,2015-01,7823.0
947,2015-02,7491.0
947,2015-03,8211.0
947,2015-04,8126.0
947,2015-05,8181.0
947,2015-06,8097.0
947,2015-07,7514.0
948,2013-01,4476.0
948,2013-02,4947.0
948,2013-03,5212.0
948,2013-04,5371.0
948,2013-05,6675.0
948,2013-06,6481.0
948,2013-07,6230.0
948,2013-08,5232.0
948,2013-09,5816.0
948,2013-10,6602.0
948,2013-11,6861.0
948,2013-12,7263.0
948,2014-01,6271.0
948,2014-02,6795.0
948,2014-03,6658.0
948,2014-04,7196.0
948,2014-05,7464.0
948,2014-06,7736.0
948,2014-07,7444.0
948,2014-08,6815.0
948,2014-09,6805.0
948,2014-10,7413.0
948,2014-11,8056.0
948,2014-12,8127.0
948,2015-01,7369.0
948,2015-02,7576.0
948,2015-03,7637.0
948,2015-04,8138.0
948,2015-05,8636.0
948,2015-06,8389.0
948,2015-07,8543.0
949,2013-01,5420.0
949,2013-02,5345.0
949,2013-03,5587.0
949,2013-04,5298.0
949,2013-05,5503.0
949,2013-06,5253.0
949,2013-07,5541.0
949,2013-08,5214.0
949,2013-09,4805.0
949,2013-10,4813.0
949,2013-11,4934.0
949,2013-12,6237.0
949,2014-01,4862.0
949,2014-02,5246.0
949,2014-03,5265.0
949,2014-04,5572.0
949,2014-05,5303.0
949,2014-06,5707.0
949,2014-07,5466.0
949,2014-08,5128.0
949,2014-09,5206.0
949,2014-10,5162.0
949,2014-11,5488.0
949,2014-12,6095.0
949,2015-01,5241.0
949,2015-02,5040.0
949,2015-03,5287.0
949,2015-04,5559.0
949,2015-05,5381.0
949,2015-06,5566.0
949,2015-07,5444.0
950,2013-01,5383.0
950,2013-02,5397.0
950,2013-03,6142.0
950,2013-04,5716.0
950,2013-05,6067.0
950,2013-06,5673.0
950,2013-07,6284.0
950,2013-08,5544.0
950,2013-09,5455.0
950,2013-10,5577.0
950,2013-11,5947.0
950,2013-12,6969.0
950,2014-01,5739.0
950,2014-02,5578.0
950,2014-03,5231.0
950,2014-04,5789.0
950,2014-05,5586.0
950,2014-06,5859.0
950,2014-07,5632.0
950,2014-08,5149.0
950,2014-09,5281.0
950,2014-10,5531.0
950,2014-11,5871.0
950,2014-12,6506.0
950,2015-01,5559.0
950,2015-02,5265.0
950,2015-03,5678.0
950,2015-04,5838.0
950,2015-05,5899.0
950,2015-06,5903.0
950,2015-07,6051.0
951,2013-01,6550.0
951,2013-02,6952.0
951,2013-03,8091.0
951,2013-04,7033.0
951,2013-05,7727.0
951,2013-06,7048.0
951,2013-07,7281.0
951,2013-08,6697.0
951,2013-09,7207.0
951,2013-10,6998.0
951,2013-11,7288.0
951,2013-12,9096.0
951,2014-01,6981.0
951,2014-02,7285.0
951,2014-03,7621.0
951,2014-04,7968.0
951,2014-05,7948.0
951,2014-06,8516.0
951,2014-07,7589.0
951,2014-08,7919.0
951,2014-09,7972.0
951,2014-10,7660.0
951,2014-11,8657.0
951,2014-12,9479.0
951,2015-01,7959.0
951,2015-02,7754.0
951,2015-03,8596.0
951,2015-04,8438.0
951,2015-05,8521.0
951,2015-06,9085.0
951,2015-07,7582.0
952,2013-01,6000.0
952,2013-02,6163.0
952,2013-03,6938.0
952,2013-04,6095.0
952,2013-05,7241.0
952,2013-06,6782.0
952,2013-07,6855.0
952,2013-08,7348.0
952,2013-09,6839.0
952,2013-10,6618.0
952,2013-11,6573.0
952,2013-12,8189.0
952,2014-01,6242.0
952,2014-02,6164.0
952,2014-03,6062.0
952,2014-04,6793.0
952,2014-05,6822.0
952,2014-06,6760.0
952,2015-01,6656.0
952,2015-02,6253.0
952,2015-03,5974.0
952,2015-04,6150.0
952,2015-05,6446.0
952,2015-06,6204.0
952,2015-07,6148.0
953,2013-01,4788.0
953,2013-02,5112.0
953,2013-03,5430.0
953,2013-04,4807.0
953,2013-05,5255.0
953,2013-06,4738.0
953,2013-07,5212.0
953,2013-08,5043.0
953,2013-09,4897.0
953,2013-10,4890.0
953,2013-11,5407.0
953,2013-12,6908.0
953,2014-01,5019.0
953,2014-02,5214.0
953,2014-03,5060.0
953,2014-04,5595.0
953,2014-05,5306.0
953,2014-06,5411.0
953,2014-07,5201.0
953,2014-08,4969.0
953,2014-09,5166.0
953,2014-10,5130.0
953,2014-11,5843.0
953,2014-12,6778.0
953,2015-01,5329.0
953,2015-02,5303.0
953,2015-03,5428.0
953,2015-04,5581.0
953,2015-05,5581.0
953,2015-06,5360.0
953,2015-07,5443.0
954,2013-01,6679.0
954,2013-02,6288.0
954,2013-03,7421.0
954,2013-04,6773.0
954,2013-05,7128.0
954,2013-06,6335.0
954,2013-07,6993.0
954,2013-08,6455.0
954,2013-09,6125.0
954,2013-10,6130.0
954,2013-11,6490.0
954,2013-12,8285.0
954,2014-01,6300.0
954,2014-02,6644.0
954,2014-03,7627.0
954,2014-04,7756.0
954,2014-05,7239.0
954,2014-06,7824.0
954,2014-07,6929.0
954,2014-08,6795.0
954,2014-09,7020.0
954,2014-10,6837.0
954,2014-11,7652.0
954,2014-12,8544.0
954,2015-01,6765.0
954,2015-02,6284.0
954,2015-03,6989.0
954,2015-04,7096.0
954,2015-05,7200.0
954,2015-06,7242.0
954,2015-07,6400.0
955,2013-01,3461.0
955,2013-02,3539.0
955,2013-03,4566.0
955,2013-04,3593.0
955,2013-05,3756.0
955,2013-06,3596.0
955,2013-07,3945.0
955,2013-08,3865.0
955,2013-09,4089.0
955,2013-10,4138.0
955,2013-11,4805.0
955,2013-12,6004.0
955,2014-01,4404.0
955,2014-02,4922.0
955,2014-03,4749.0
955,2014-04,4983.0
955,2014-05,4998.0
955,2014-06,5306.0
955,2014-07,4947.0
955,2014-08,5211.0
955,2014-09,4934.0
955,2014-10,4864.0
955,2014-11,5329.0
955,2014-12,6351.0
955,2015-01,4993.0
955,2015-02,4768.0
955,2015-03,5152.0
955,2015-04,5465.0
955,2015-05,5480.0
955,2015-06,5306.0
955,2015-07,5012.0
956,2013-01,3772.0
956,2013-02,3721.0
956,2013-03,4218.0
956,2013-04,4049.0
956,2013-05,4254.0
956,2013-06,3882.0
956,2013-07,4376.0
956,2013-08,4826.0
956,2013-09,4180.0
956,2013-10,5038.0
956,2013-11,3693.0
956,2013-12,4730.0
956,2014-01,3783.0
956,2014-02,3735.0
956,2014-03,3744.0
956,2014-04,4182.0
956,2014-05,3926.0
956,2014-06,4154.0
956,2014-07,3827.0
956,2014-08,3557.0
956,2014-09,3665.0
956,2014-10,3371.0
956,2014-11,3777.0
956,2014-12,4008.0
956,2015-01,3345.0
956,2015-02,3194.0
956,2015-03,3278.0
956,2015-04,3443.0
956,2015-05,3341.0
956,2015-06,3424.0
956,2015-07,3010.0
957,2013-01,7008.0
957,2013-02,7183.0
957,2013-03,8245.0
957,2013-04,7494.0
957,2013-05,7921.0
957,2013-06,7191.0
957,2013-07,7483.0
957,2013-08,7469.0
957,2013-09,7174.0
957,2013-10,7302.0
957,2013-11,7635.0
957,2013-12,9453.0
957,2014-01,7143.0
957,2014-02,7676.0
957,2014-03,7677.0
957,2014-04,8428.0
957,2014-05,7780.0
957,2014-06,8137.0
957,2014-07,7424.0
957,2014-08,7493.0
957,2014-09,7820.0
957,2014-10,7660.0
957,2014-11,8404.0
957,2014-12,9676.0
957,2015-01,8124.0
957,2015-02,7845.0
957,2015-03,8590.0
957,2015-04,8779.0
957,2015-05,8557.0
957,2015-06,8490.0
957,2015-07,7929.0
958,2013-01,4891.0
958,2013-02,4887.0
958,2013-03,5079.0
958,2013-04,4917.0
958,2013-05,5056.0
958,2013-06,4769.0
958,2013-07,4681.0
958,2013-08,4726.0
958,2013-09,4632.0
958,2013-10,4152.0
958,2013-11,3902.0
958,2013-12,4699.0
958,2014-01,3726.0
958,2014-02,3790.0
958,2014-03,3765.0
958,2014-04,4096.0
958,2014-05,3847.0
958,2014-06,4042.0
958,2014-07,3937.0
958,2014-08,3779.0
958,2014-09,3923.0
958,2014-10,4034.0
958,2014-11,4141.0
958,2014-12,4478.0
958,2015-01,3925.0
958,2015-02,3830.0
958,2015-03,4033.0
958,2015-04,4097.0
958,2015-05,4094.0
958,2015-06,3984.0
958,2015-07,3766.0
959,2013-01,6854.0
959,2013-02,7067.0
959,2013-03,7630.0
959,2013-04,7221.0
959,2013-05,7625.0
959,2013-06,6900.0
959,2013-07,6683.0
959,2013-08,6626.0
959,2013-09,6304.0
959,2013-10,6468.0
959,2013-11,6616.0
959,2013-12,8223.0
959,2014-01,6504.0
959,2014-02,6642.0
959,2014-03,6595.0
959,2014-04,7264.0
959,2014-05,6876.0
959,2014-06,7289.0
959,2014-07,6918.0
959,2014-08,6483.0
959,2014-09,6794.0
959,2014-10,6958.0
959,2014-11,7289.0
959,2014-12,8197.0
959,2015-01,6964.0
959,2015-02,7060.0
959,2015-03,7242.0
959,2015-04,7495.0
959,2015-05,7383.0
959,2015-06,7382.0
959,2015-07,7321.0
960,2013-01,5941.0
960,2013-02,6058.0
960,2013-03,6823.0
960,2013-04,6174.0
960,2013-05,6822.0
960,2013-06,6059.0
960,2013-07,6871.0
960,2013-08,6203.0
960,2013-09,6001.0
960,2013-10,5926.0
960,2013-11,6527.0
960,2013-12,8555.0
960,2014-01,6429.0
960,2014-02,6841.0
960,2014-03,6404.0
960,2014-04,6993.0
960,2014-05,6398.0
960,2014-06,7042.0
960,2014-07,6783.0
960,2014-08,6472.0
960,2014-09,6321.0
960,2014-10,6561.0
960,2014-11,7201.0
960,2014-12,8409.0
960,2015-01,6727.0
960,2015-02,6464.0
960,2015-03,6730.0
960,2015-04,7204.0
960,2015-05,7213.0
960,2015-06,7179.0
960,2015-07,7345.0
961,2013-01,5812.0
961,2013-02,6037.0
961,2013-03,6762.0
961,2013-04,6010.0
961,2013-05,6837.0
961,2013-06,6129.0
961,2013-07,6217.0
961,2013-08,6090.0
961,2013-09,6142.0
961,2013-10,6109.0
961,2013-11,6681.0
961,2013-12,8172.0
961,2014-01,6181.0
961,2014-02,6344.0
961,2014-03,6253.0
961,2014-04,6847.0
961,2014-05,6571.0
961,2014-06,6920.0
961,2014-07,6119.0
961,2014-08,6487.0
961,2014-09,6123.0
961,2014-10,6298.0
961,2014-11,6938.0
961,2014-12,8137.0
961,2015-01,6550.0
961,2015-02,6280.0
961,2015-03,6534.0
961,2015-04,6756.0
961,2015-05,6982.0
961,2015-06,6849.0
961,2015-07,6374.0
962,2013-01,5900.0
962,2013-02,6238.0
962,2013-03,6817.0
962,2013-04,6390.0
962,2013-05,6796.0
962,2013-06,5933.0
962,2013-07,6263.0
962,2013-08,5728.0
962,2013-09,5768.0
962,2013-10,5840.0
962,2013-11,6243.0
962,2013-12,7890.0
962,2014-01,8543.0
962,2014-02,7002.0
962,2014-03,6460.0
962,2014-04,7196.0
962,2014-05,6959.0
962,2014-06,6999.0
962,2014-07,6519.0
962,2014-08,6322.0
962,2014-09,6582.0
962,2014-10,6550.0
962,2014-11,7482.0
962,2014-12,8002.0
962,2015-01,6701.0
962,2015-02,6536.0
962,2015-03,6912.0
962,2015-04,7179.0
962,2015-05,7171.0
962,2015-06,7481.0
962,2015-07,6324.0
963,2013-01,9811.0
963,2013-02,9875.0
963,2013-03,11815.0
963,2013-04,10005.0
963,2013-05,10749.0
963,2013-06,9291.0
963,2013-07,11119.0
963,2013-08,10141.0
963,2013-09,9885.0
963,2013-10,9982.0
963,2013-11,10462.0
963,2013-12,13790.0
963,2014-01,9800.0
963,2014-02,10090.0
963,2014-03,9849.0
963,2014-04,11254.0
963,2014-05,10426.0
963,2014-06,11022.0
963,2014-07,10656.0
963,2014-08,9909.0
963,2014-09,10514.0
963,2014-10,10308.0
963,2014-11,11819.0
963,2014-12,13696.0
963,2015-01,10922.0
963,2015-02,10632.0
963,2015-03,11229.0
963,2015-04,11269.0
963,2015-05,11153.0
963,2015-06,11285.0
963,2015-07,11212.0
964,2013-01,8362.0
964,2013-02,8538.0
964,2013-03,10353.0
964,2013-04,9662.0
964,2013-05,9789.0
964,2013-06,9111.0
964,2013-07,10102.0
964,2013-08,9143.0
964,2013-09,10419.0
964,2013-10,9461.0
964,2013-11,9866.0
964,2013-12,12578.0
964,2014-01,9777.0
964,2014-02,9709.0
964,2014-03,9713.0
964,2014-04,10834.0
964,2014-05,10092.0
964,2014-06,9716.0
964,2014-07,9547.0
964,2014-08,9548.0
964,2014-09,9484.0
964,2014-10,9924.0
964,2014-11,10505.0
964,2014-12,11515.0
964,2015-01,9120.0
964,2015-02,8479.0
964,2015-03,9334.0
964,2015-04,9985.0
964,2015-05,10028.0
964,2015-06,9283.0
964,2015-07,9023.0
965,2013-01,7367.0
965,2013-02,7597.0
965,2013-03,9060.0
965,2013-04,7726.0
965,2013-05,8375.0
965,2013-06,7514.0
965,2013-07,8624.0
965,2013-08,8530.0
965,2013-09,7677.0
965,2013-10,8508.0
965,2013-11,8405.0
965,2013-12,12146.0
965,2014-01,7673.0
965,2014-02,8304.0
965,2014-03,8121.0
965,2014-04,9379.0
965,2014-05,8405.0
965,2014-06,8996.0
965,2014-07,8413.0
965,2014-08,8544.0
965,2014-09,8316.0
965,2014-10,8356.0
965,2014-11,8984.0
965,2014-12,11527.0
965,2015-01,8034.0
965,2015-02,7738.0
965,2015-03,8206.0
965,2015-04,8540.0
965,2015-05,7958.0
965,2015-06,8087.0
965,2015-07,8170.0
966,2013-01,4535.0
966,2013-02,4696.0
966,2013-03,4933.0
966,2013-04,4764.0
966,2013-05,4984.0
966,2013-06,4593.0
966,2013-07,4873.0
966,2013-08,4275.0
966,2013-09,4239.0
966,2013-10,4482.0
966,2013-11,4685.0
966,2013-12,5416.0
966,2014-01,4527.0
966,2014-02,4721.0
966,2014-03,4811.0
966,2014-04,5100.0
966,2014-05,4923.0
966,2014-06,5032.0
966,2014-07,4664.0
966,2014-08,4457.0
966,2014-09,4679.0
966,2014-10,4815.0
966,2014-11,5341.0
966,2014-12,5596.0
966,2015-01,4770.0
966,2015-02,4634.0
966,2015-03,5039.0
966,2015-04,5206.0
966,2015-05,5098.0
966,2015-06,5107.0
966,2015-07,4594.0
967,2013-01,9129.0
967,2013-02,9399.0
967,2013-03,10136.0
967,2013-04,9856.0
967,2013-05,10286.0
967,2013-06,9005.0
967,2013-07,9840.0
967,2013-08,8801.0
967,2013-09,8161.0
967,2013-10,8011.0
967,2013-11,8670.0
967,2013-12,10370.0
967,2014-01,7853.0
967,2014-02,8127.0
967,2014-03,8205.0
967,2014-04,8443.0
967,2014-05,8142.0
967,2014-06,8875.0
967,2014-07,8218.0
967,2014-08,7975.0
967,2014-09,7744.0
967,2014-10,7716.0
967,2014-11,8645.0
967,2014-12,9726.0
967,2015-01,7895.0
967,2015-02,7792.0
967,2015-03,8191.0
967,2015-04,8255.0
967,2015-05,8288.0
967,2015-06,8731.0
967,2015-07,7736.0
968,2013-01,6577.0
968,2013-02,6475.0
968,2013-03,6822.0
968,2013-04,6610.0
968,2013-05,7058.0
968,2013-06,6591.0
968,2013-07,7052.0
968,2013-08,6366.0
968,2013-09,6781.0
968,2013-10,6683.0
968,2013-11,7364.0
968,2013-12,8737.0
968,2014-01,7030.0
968,2014-02,7023.0
968,2014-03,7010.0
968,2014-04,7517.0
968,2014-05,7210.0
968,2014-06,7603.0
968,2014-07,7214.0
968,2014-08,6603.0
968,2014-09,7245.0
968,2014-10,7351.0
968,2014-11,7984.0
968,2014-12,8453.0
968,2015-01,7219.0
968,2015-02,6852.0
968,2015-03,7430.0
968,2015-04,7796.0
968,2015-05,7720.0
968,2015-06,7500.0
968,2015-07,7314.0
969,2013-01,1560.0
969,2013-02,4767.0
969,2013-03,3572.0
969,2013-04,3030.0
969,2013-05,2995.0
969,2013-06,3079.0
969,2013-07,3246.0
969,2013-08,2969.0
969,2013-09,2971.0
969,2013-10,3062.0
969,2013-11,3170.0
969,2013-12,4129.0
969,2014-01,3166.0
969,2014-02,3215.0
969,2014-03,3188.0
969,2014-04,3496.0
969,2014-05,3514.0
969,2014-06,3881.0
969,2014-07,3670.0
969,2014-08,3487.0
969,2014-09,3469.0
969,2014-10,3777.0
969,2014-11,4220.0
969,2014-12,4540.0
969,2015-01,3688.0
969,2015-02,3468.0
969,2015-03,3881.0
969,2015-04,4010.0
969,2015-05,4134.0
969,2015-06,4032.0
969,2015-07,4061.0
970,2013-01,3581.0
970,2013-02,3570.0
970,2013-03,3705.0
970,2013-04,3339.0
970,2013-05,3621.0
970,2013-06,3390.0
970,2013-07,3315.0
970,2013-08,2970.0
970,2013-09,3086.0
970,2013-10,2958.0
970,2013-11,3198.0
970,2013-12,3945.0
970,2014-01,3323.0
970,2014-02,3478.0
970,2014-03,3330.0
970,2014-04,3445.0
970,2014-05,3243.0
970,2014-06,3585.0
970,2014-07,3182.0
970,2014-08,2704.0
970,2014-09,3092.0
970,2014-10,3029.0
970,2014-11,3386.0
970,2014-12,3774.0
970,2015-01,3322.0
970,2015-02,3396.0
970,2015-03,3272.0
970,2015-04,3143.0
970,2015-05,3040.0
970,2015-06,3231.0
970,2015-07,2719.0
971,2013-01,7419.0
971,2013-02,7713.0
971,2013-03,8608.0
971,2013-04,7384.0
971,2013-05,8365.0
971,2013-06,7382.0
971,2013-07,7780.0
971,2013-08,7639.0
971,2013-09,7491.0
971,2013-10,7599.0
971,2013-11,8411.0
971,2013-12,10957.0
971,2014-01,7754.0
971,2014-02,8014.0
971,2014-03,7668.0
971,2014-04,8273.0
971,2014-05,8295.0
971,2014-06,8263.0
971,2014-07,7687.0
971,2014-08,7732.0
971,2014-09,7618.0
971,2014-10,7827.0
971,2014-11,9057.0
971,2014-12,10748.0
971,2015-01,8418.0
971,2015-02,7776.0
971,2015-03,8039.0
971,2015-04,10017.0
971,2015-05,10225.0
971,2015-06,8399.0
971,2015-07,9002.0
972,2013-01,3068.0
972,2013-02,3238.0
972,2013-03,3651.0
972,2013-04,3286.0
972,2013-05,3410.0
972,2013-06,3041.0
972,2013-07,3562.0
972,2013-08,3460.0
972,2013-09,3239.0
972,2013-10,3234.0
972,2013-11,3394.0
972,2013-12,4440.0
972,2014-01,3218.0
972,2014-02,3236.0
972,2014-03,3175.0
972,2014-04,3450.0
972,2014-05,3953.0
972,2014-08,4181.0
972,2014-09,3214.0
972,2014-10,3228.0
972,2014-11,3578.0
972,2014-12,4176.0
972,2015-01,3305.0
972,2015-02,2969.0
972,2015-03,3266.0
972,2015-04,3485.0
972,2015-05,3427.0
972,2015-06,3394.0
972,2015-07,3346.0
973,2013-01,4505.0
973,2013-02,4902.0
973,2013-03,5574.0
973,2013-04,4958.0
973,2013-05,5628.0
973,2013-06,5230.0
973,2013-07,5520.0
973,2013-08,5124.0
973,2013-09,5512.0
973,2013-10,5427.0
973,2013-11,5711.0
973,2013-12,7448.0
973,2014-01,5893.0
973,2014-02,6063.0
973,2014-03,6219.0
973,2014-04,6494.0
973,2014-05,6289.0
973,2014-06,6756.0
973,2014-07,6947.0
973,2014-08,7680.0
973,2014-09,7966.0
973,2014-10,6916.0
973,2014-11,7219.0
973,2014-12,8550.0
973,2015-01,7119.0
973,2015-02,7034.0
973,2015-03,7616.0
973,2015-04,7549.0
973,2015-05,7561.0
973,2015-06,7761.0
973,2015-07,6682.0
974,2013-01,11297.0
974,2013-02,11074.0
974,2013-03,11487.0
974,2013-04,10816.0
974,2013-05,11419.0
974,2013-06,10780.0
974,2013-07,11318.0
974,2013-08,10852.0
974,2013-09,10923.0
974,2013-10,10998.0
974,2013-11,11175.0
974,2013-12,12944.0
974,2014-01,10895.0
974,2014-02,11023.0
974,2014-03,10896.0
974,2014-04,11702.0
974,2014-05,11321.0
974,2014-06,11326.0
974,2015-01,12303.0
974,2015-02,11603.0
974,2015-03,12503.0
974,2015-04,12785.0
974,2015-05,12480.0
974,2015-06,12588.0
974,2015-07,12154.0
975,2013-01,7475.0
975,2013-02,7637.0
975,2013-03,8787.0
975,2013-04,7637.0
975,2013-05,8572.0
975,2013-06,7720.0
975,2013-07,8271.0
975,2013-08,7427.0
975,2013-09,7073.0
975,2013-10,6971.0
975,2013-11,7614.0
975,2013-12,9921.0
975,2014-01,7049.0
975,2014-02,7201.0
975,2014-03,7144.0
975,2014-04,7643.0
975,2014-05,7235.0
975,2014-06,8038.0
975,2014-07,7258.0
975,2014-08,7090.0
975,2014-09,6659.0
975,2014-10,7436.0
975,2014-11,8266.0
975,2014-12,9998.0
975,2015-01,7550.0
975,2015-02,7044.0
975,2015-03,7764.0
975,2015-04,7919.0
975,2015-05,7772.0
975,2015-06,8267.0
975,2015-07,7146.0
976,2013-01,6287.0
976,2013-02,6675.0
976,2013-03,7121.0
976,2013-04,6761.0
976,2013-05,7409.0
976,2013-06,6473.0
976,2013-07,6972.0
976,2013-08,6220.0
976,2013-09,6172.0
976,2013-10,6235.0
976,2013-11,6761.0
976,2013-12,8666.0
976,2014-01,6573.0
976,2014-02,7077.0
976,2014-03,6863.0
976,2014-04,7484.0
976,2014-05,7226.0
976,2014-06,7598.0
976,2014-07,7183.0
976,2014-08,6714.0
976,2014-09,6548.0
976,2014-10,6677.0
976,2014-11,7472.0
976,2014-12,8213.0
976,2015-01,6926.0
976,2015-02,6700.0
976,2015-03,6933.0
976,2015-04,7310.0
976,2015-05,7143.0
976,2015-06,7495.0
976,2015-07,6721.0
977,2013-01,4488.0
977,2013-02,4672.0
977,2013-03,5504.0
977,2013-04,4960.0
977,2013-05,5164.0
977,2013-06,4803.0
977,2013-07,5428.0
977,2013-08,4793.0
977,2013-09,4794.0
977,2013-10,4565.0
977,2013-11,4514.0
977,2013-12,5543.0
977,2014-01,4443.0
977,2014-02,4487.0
977,2014-03,4680.0
977,2014-04,4646.0
977,2014-05,4569.0
977,2014-06,5079.0
977,2015-01,4558.0
977,2015-02,4352.0
977,2015-03,4682.0
977,2015-04,4759.0
977,2015-05,4612.0
977,2015-06,5001.0
977,2015-07,4304.0
978,2013-01,6144.0
978,2013-02,6296.0
978,2013-03,7114.0
978,2013-04,6254.0
978,2013-05,6882.0
978,2013-06,6386.0
978,2013-07,6667.0
978,2013-08,6516.0
978,2013-09,6131.0
978,2013-10,6607.0
978,2013-11,7262.0
978,2013-12,9007.0
978,2014-01,6831.0
978,2014-02,7011.0
978,2014-03,7079.0
978,2014-04,7645.0
978,2014-05,7409.0
978,2014-06,7412.0
978,2014-07,7107.0
978,2014-08,7018.0
978,2014-09,7143.0
978,2014-10,7376.0
978,2014-11,8395.0
978,2014-12,9343.0
978,2015-01,7497.0
978,2015-02,7203.0
978,2015-03,7569.0
978,2015-04,7849.0
978,2015-05,7716.0
978,2015-06,7670.0
978,2015-07,7360.0
979,2013-01,5143.0
979,2013-02,5341.0
979,2013-03,6355.0
979,2013-04,5669.0
979,2013-05,5981.0
979,2013-06,5657.0
979,2013-07,5930.0
979,2013-08,5683.0
979,2013-09,5809.0
979,2013-10,5691.0
979,2013-11,6084.0
979,2013-12,7803.0
979,2014-01,5995.0
979,2014-02,6021.0
979,2014-03,6278.0
979,2014-04,6526.0
979,2014-05,6033.0
979,2014-06,6621.0
979,2014-07,6018.0
979,2014-08,5824.0
979,2014-09,6415.0
979,2014-10,6202.0
979,2014-11,6952.0
979,2014-12,7610.0
979,2015-01,6544.0
979,2015-02,6184.0
979,2015-03,6818.0
979,2015-04,6839.0
979,2015-05,6844.0
979,2015-06,7080.0
979,2015-07,6429.0
980,2013-01,6573.0
980,2013-02,6946.0
980,2013-03,7648.0
980,2013-04,7053.0
980,2013-05,7689.0
980,2013-06,6805.0
980,2013-07,7617.0
980,2013-08,6553.0
980,2013-09,6639.0
980,2013-10,6693.0
980,2013-11,7014.0
980,2013-12,8280.0
980,2014-01,6572.0
980,2014-02,6714.0
980,2014-03,6806.0
980,2014-04,7312.0
980,2014-05,6885.0
980,2014-06,7549.0
980,2014-07,6902.0
980,2014-08,6561.0
980,2014-09,6914.0
980,2014-10,6815.0
980,2014-11,7546.0
980,2014-12,8257.0
980,2015-01,7001.0
980,2015-02,6711.0
980,2015-03,7332.0
980,2015-04,7024.0
980,2015-05,6814.0
980,2015-06,6597.0
980,2015-07,6074.0
981,2013-01,6539.0
981,2013-02,6613.0
981,2013-03,8059.0
981,2013-04,6772.0
981,2013-05,7409.0
981,2013-06,6601.0
981,2013-07,7185.0
981,2013-08,6844.0
981,2013-09,6469.0
981,2013-10,6956.0
981,2013-11,7524.0
981,2013-12,9426.0
981,2014-01,6803.0
981,2014-02,6776.0
981,2014-03,6888.0
981,2014-04,7843.0
981,2014-05,7181.0
981,2014-06,7288.0
981,2014-07,7030.0
981,2014-08,6774.0
981,2014-09,7035.0
981,2014-10,7182.0
981,2014-11,7856.0
981,2014-12,9522.0
981,2015-01,7556.0
981,2015-02,6755.0
981,2015-03,7760.0
981,2015-04,8070.0
981,2015-05,7556.0
981,2015-06,7355.0
981,2015-07,7172.0
982,2013-01,6909.0
982,2013-02,6924.0
982,2013-03,8012.0
982,2013-04,7289.0
982,2013-05,7861.0
982,2013-06,7163.0
982,2013-07,7752.0
982,2013-08,7528.0
982,2013-09,7353.0
982,2013-10,7475.0
982,2013-11,8031.0
982,2013-12,9993.0
982,2014-01,7651.0
982,2014-02,7847.0
982,2014-03,7719.0
982,2014-04,8631.0
982,2014-05,8344.0
982,2014-06,8739.0
982,2014-07,8332.0
982,2014-08,7973.0
982,2014-09,8189.0
982,2014-10,7854.0
982,2014-11,8839.0
982,2014-12,9717.0
982,2015-01,8103.0
982,2015-02,7785.0
982,2015-03,8186.0
982,2015-04,8447.0
982,2015-05,8499.0
982,2015-06,8503.0
982,2015-07,8366.0
983,2013-01,10681.0
983,2013-02,11048.0
983,2013-03,12471.0
983,2013-04,11331.0
983,2013-05,12274.0
983,2013-06,11293.0
983,2013-07,12639.0
983,2013-08,11766.0
983,2013-09,11149.0
983,2013-10,10795.0
983,2013-11,11488.0
983,2013-12,15754.0
983,2014-01,12620.0
983,2014-02,11474.0
983,2014-03,8687.0
983,2014-04,9099.0
983,2014-05,8987.0
983,2014-06,9637.0
983,2014-07,9014.0
983,2014-08,8564.0
983,2014-09,8789.0
983,2014-10,8148.0
983,2014-11,9271.0
983,2014-12,11399.0
983,2015-01,8602.0
983,2015-02,7955.0
983,2015-03,8591.0
983,2015-04,9109.0
983,2015-05,8907.0
983,2015-06,9162.0
983,2015-07,8134.0
984,2013-01,5138.0
984,2013-02,5261.0
984,2013-03,6247.0
984,2013-04,5608.0
984,2013-05,5888.0
984,2013-06,5082.0
984,2013-07,5877.0
984,2013-08,5434.0
984,2013-09,5249.0
984,2013-10,6093.0
984,2013-11,5954.0
984,2013-12,8064.0
984,2014-01,5619.0
984,2014-02,5750.0
984,2014-03,5911.0
984,2014-04,6095.0
984,2014-05,6068.0
984,2014-06,6360.0
984,2014-07,5893.0
984,2014-08,5792.0
984,2014-09,5690.0
984,2014-10,5715.0
984,2014-11,6756.0
984,2014-12,7908.0
984,2015-01,6412.0
984,2015-02,6020.0
984,2015-03,6538.0
984,2015-04,6432.0
984,2015-05,6591.0
984,2015-06,6929.0
984,2015-07,5953.0
985,2013-01,7199.0
985,2013-02,7775.0
985,2013-03,8876.0
985,2013-04,7992.0
985,2013-05,8650.0
985,2013-06,7705.0
985,2013-07,8142.0
985,2013-08,8069.0
985,2013-09,8403.0
985,2013-10,8298.0
985,2013-11,8782.0
985,2013-12,10489.0
985,2014-01,7635.0
985,2014-02,7522.0
985,2014-03,7707.0
985,2014-04,8442.0
985,2014-05,8103.0
985,2014-06,8222.0
985,2014-07,7948.0
985,2014-08,7634.0
985,2014-09,7841.0
985,2014-10,8047.0
985,2014-11,9257.0
985,2014-12,11164.0
985,2015-01,8559.0
985,2015-02,7969.0
985,2015-03,8850.0
985,2015-04,8999.0
985,2015-05,8731.0
985,2015-06,8706.0
985,2015-07,8584.0
986,2013-01,9784.0
986,2013-02,9554.0
986,2013-03,10399.0
986,2013-04,7576.0
986,2013-05,6669.0
986,2013-06,5842.0
986,2013-07,6283.0
986,2013-08,5664.0
986,2013-09,5660.0
986,2013-10,5861.0
986,2013-11,6009.0
986,2013-12,8126.0
986,2014-01,5808.0
986,2014-02,5926.0
986,2014-03,6021.0
986,2014-04,6101.0
986,2014-05,6104.0
986,2014-06,6509.0
986,2014-07,5890.0
986,2014-08,5408.0
986,2014-09,5433.0
986,2014-10,5178.0
986,2014-11,5448.0
986,2014-12,6279.0
986,2015-01,5054.0
986,2015-02,4727.0
986,2015-03,4942.0
986,2015-04,5351.0
986,2015-05,5179.0
986,2015-06,5422.0
986,2015-07,4883.0
987,2013-01,6622.0
987,2013-02,6983.0
987,2013-03,7648.0
987,2013-04,6929.0
987,2013-05,7363.0
987,2013-06,6743.0
987,2013-07,6525.0
987,2013-08,6536.0
987,2013-09,6264.0
987,2013-10,6431.0
987,2013-11,6620.0
987,2013-12,8190.0
987,2014-01,6571.0
987,2014-02,6714.0
987,2014-03,6553.0
987,2014-04,7120.0
987,2014-05,6649.0
987,2014-06,6960.0
987,2014-07,6530.0
987,2014-08,6305.0
987,2014-09,6511.0
987,2014-10,6723.0
987,2014-11,7051.0
987,2014-12,8277.0
987,2015-01,6737.0
987,2015-02,6638.0
987,2015-03,6734.0
987,2015-04,7176.0
987,2015-05,7011.0
987,2015-06,6789.0
987,2015-07,6673.0
988,2013-01,4250.0
988,2013-02,4358.0
988,2013-03,4817.0
988,2013-04,4646.0
988,2013-05,5044.0
988,2013-06,5258.0
988,2013-07,5081.0
988,2013-08,4905.0
988,2013-09,4565.0
988,2013-10,4151.0
988,2013-11,4615.0
988,2013-12,5790.0
988,2014-01,4066.0
988,2014-02,4376.0
988,2014-03,4166.0
988,2014-04,4732.0
988,2014-05,4657.0
988,2014-06,5435.0
988,2014-07,4853.0
988,2014-08,4864.0
988,2014-09,4447.0
988,2014-10,4308.0
988,2014-11,4708.0
988,2014-12,5357.0
988,2015-01,3915.0
988,2015-02,4057.0
988,2015-03,4185.0
988,2015-04,4824.0
988,2015-05,5168.0
988,2015-06,5194.0
988,2015-07,4986.0
989,2013-01,4708.0
989,2013-02,4716.0
989,2013-03,5431.0
989,2013-04,5011.0
989,2013-05,5267.0
989,2013-06,4969.0
989,2013-07,5278.0
989,2013-08,4858.0
989,2013-09,4787.0
989,2013-10,5067.0
989,2013-11,5656.0
989,2013-12,6758.0
989,2014-01,5051.0
989,2014-02,4996.0
989,2014-03,5006.0
989,2014-04,5366.0
989,2014-05,5072.0
989,2014-06,5574.0
989,2015-01,5286.0
989,2015-02,5068.0
989,2015-03,5422.0
989,2015-04,5412.0
989,2015-05,5415.0
989,2015-06,5582.0
989,2015-07,5413.0
990,2013-01,5707.0
990,2013-02,5789.0
990,2013-03,6730.0
990,2013-04,5810.0
990,2013-05,6360.0
990,2013-06,5888.0
990,2013-07,6509.0
990,2013-08,6179.0
990,2013-09,5761.0
990,2013-10,6093.0
990,2013-11,6584.0
990,2013-12,8385.0
990,2014-01,6396.0
990,2014-02,6032.0
990,2014-03,6033.0
990,2014-04,6840.0
990,2014-05,6407.0
990,2014-06,6510.0
990,2014-07,6242.0
990,2014-08,5935.0
990,2014-09,6127.0
990,2014-10,6282.0
990,2014-11,7287.0
990,2014-12,8063.0
990,2015-01,6444.0
990,2015-02,6027.0
990,2015-03,6289.0
990,2015-04,6690.0
990,2015-05,6455.0
990,2015-06,6491.0
990,2015-07,6519.0
991,2013-01,6615.0
991,2013-02,5806.0
991,2013-03,5839.0
991,2013-04,5447.0
991,2013-05,5992.0
991,2013-06,5305.0
991,2013-07,5501.0
991,2013-08,5039.0
991,2013-09,4951.0
991,2013-10,5221.0
991,2013-11,5529.0
991,2013-12,6670.0
991,2014-01,5156.0
991,2014-02,5395.0
991,2014-03,5469.0
991,2014-04,6005.0
991,2014-05,5830.0
991,2014-06,6153.0
991,2014-07,5459.0
991,2014-08,5289.0
991,2014-09,5423.0
991,2014-10,5611.0
991,2014-11,6384.0
991,2014-12,6902.0
991,2015-01,5841.0
991,2015-02,5631.0
991,2015-03,5951.0
991,2015-04,6084.0
991,2015-05,6283.0
991,2015-06,6257.0
991,2015-07,5735.0
992,2013-01,5422.0
992,2013-02,5842.0
992,2013-03,6186.0
992,2013-04,5804.0
992,2013-05,6209.0
992,2013-06,5493.0
992,2013-07,6107.0
992,2013-08,5307.0
992,2013-09,5572.0
992,2013-10,5732.0
992,2013-11,5858.0
992,2013-12,6843.0
992,2014-01,5658.0
992,2014-02,5861.0
992,2014-03,5797.0
992,2014-04,6015.0
992,2014-05,5729.0
992,2014-06,5985.0
992,2014-07,5399.0
992,2014-08,5065.0
992,2014-09,5326.0
992,2014-10,5377.0
992,2014-11,5872.0
992,2014-12,6146.0
992,2015-01,5506.0
992,2015-02,5555.0
992,2015-03,5785.0
992,2015-04,5682.0
992,2015-05,5607.0
992,2015-06,5752.0
992,2015-07,4979.0
993,2013-01,7189.0
993,2013-02,7364.0
993,2013-03,8523.0
993,2013-04,7367.0
993,2013-05,7943.0
993,2013-06,7135.0
993,2013-07,7925.0
993,2013-08,7527.0
993,2013-09,7251.0
993,2013-10,7267.0
993,2013-11,7163.0
993,2013-12,9335.0
993,2014-01,6426.0
993,2014-02,6601.0
993,2014-03,7569.0
993,2014-04,7672.0
993,2014-05,7202.0
993,2014-06,7534.0
993,2014-07,7103.0
993,2014-08,6791.0
993,2014-09,7286.0
993,2014-10,7230.0
993,2014-11,8299.0
993,2014-12,10023.0
993,2015-01,7606.0
993,2015-02,7313.0
993,2015-03,8261.0
993,2015-04,7907.0
993,2015-05,7880.0
993,2015-06,8063.0
993,2015-07,7580.0
994,2013-01,4045.0
994,2013-02,4258.0
994,2013-03,4746.0
994,2013-04,4330.0
994,2013-05,4453.0
994,2013-06,4044.0
994,2013-07,4450.0
994,2013-08,4023.0
994,2013-09,4128.0
994,2013-10,4135.0
994,2013-11,4224.0
994,2013-12,5390.0
994,2014-01,3988.0
994,2014-02,3995.0
994,2014-03,4219.0
994,2014-04,4297.0
994,2014-05,4177.0
994,2014-06,4656.0
994,2014-07,3888.0
994,2014-08,3904.0
994,2014-09,4356.0
994,2014-10,4584.0
994,2014-11,5476.0
994,2014-12,5997.0
994,2015-01,5017.0
994,2015-02,4683.0
994,2015-03,5251.0
994,2015-04,5174.0
994,2015-05,4953.0
994,2015-06,5474.0
994,2015-07,4649.0
995,2013-01,7789.0
995,2013-02,7947.0
995,2013-03,9000.0
995,2013-04,8174.0
995,2013-05,8948.0
995,2013-06,8511.0
995,2013-07,9014.0
995,2013-08,8220.0
995,2013-09,8241.0
995,2013-10,8505.0
995,2013-11,9490.0
995,2013-12,11703.0
995,2014-01,8437.0
995,2014-02,8730.0
995,2014-03,8728.0
995,2014-04,9836.0
995,2014-05,9553.0
995,2014-06,9622.0
995,2014-07,9314.0
995,2014-08,8449.0
995,2014-09,9305.0
995,2014-10,9360.0
995,2014-11,10829.0
995,2014-12,12246.0
995,2015-01,9567.0
995,2015-02,9038.0
995,2015-03,9776.0
995,2015-04,10062.0
995,2015-05,9831.0
995,2015-06,9807.0
995,2015-07,9513.0
996,2013-01,5580.0
996,2013-02,5544.0
996,2013-03,6459.0
996,2013-04,5614.0
996,2013-05,6044.0
996,2013-06,5676.0
996,2013-07,5845.0
996,2013-08,5592.0
996,2013-09,8529.0
996,2013-10,5918.0
996,2013-11,6410.0
996,2013-12,8061.0
996,2014-01,6015.0
996,2014-02,6032.0
996,2014-03,6229.0
996,2014-04,6496.0
996,2014-05,6251.0
996,2014-06,6781.0
996,2014-07,6037.0
996,2014-08,5666.0
996,2014-09,6404.0
996,2014-10,6418.0
996,2014-11,7274.0
996,2014-12,8228.0
996,2015-01,6622.0
996,2015-02,6350.0
996,2015-03,7775.0
996,2015-04,7323.0
996,2015-05,7324.0
996,2015-06,7737.0
996,2015-07,6883.0
997,2013-01,4950.0
997,2013-02,5096.0
997,2013-03,6047.0
997,2013-04,4946.0
997,2013-05,5406.0
997,2013-06,4682.0
997,2013-07,5395.0
997,2013-08,5262.0
997,2013-09,4747.0
997,2013-10,4832.0
997,2013-11,5348.0
997,2013-12,6789.0
997,2014-01,5149.0
997,2014-02,4974.0
997,2014-03,5241.0
997,2014-04,5305.0
997,2014-05,4919.0
997,2014-06,5140.0
997,2014-07,4635.0
997,2014-08,4502.0
997,2014-09,4755.0
997,2014-10,4592.0
997,2014-11,5395.0
997,2014-12,6270.0
997,2015-01,5170.0
997,2015-02,4773.0
997,2015-03,5276.0
997,2015-04,5205.0
997,2015-05,4989.0
997,2015-06,5270.0
997,2015-07,4987.0
998,2013-01,3815.0
998,2013-02,3960.0
998,2013-03,4391.0
998,2013-04,4239.0
998,2013-05,4284.0
998,2013-06,4008.0
998,2013-07,4405.0
998,2013-08,3901.0
998,2013-09,4014.0
998,2013-10,4262.0
998,2013-11,4318.0
998,2013-12,4972.0
998,2014-01,4220.0
998,2014-02,4271.0
998,2014-03,4187.0
998,2014-04,4525.0
998,2014-05,4273.0
998,2014-06,4431.0
998,2014-07,4242.0
998,2014-08,3770.0
998,2014-09,3996.0
998,2014-10,4337.0
998,2014-11,4634.0
998,2014-12,4962.0
998,2015-01,4400.0
998,2015-02,4072.0
998,2015-03,4428.0
998,2015-04,4620.0
998,2015-05,4670.0
998,2015-06,4673.0
998,2015-07,4672.0
999,2013-01,8248.0
999,2013-02,8161.0
999,2013-03,9922.0
999,2013-04,8334.0
999,2013-05,9172.0
999,2013-06,8690.0
999,2013-07,9783.0
999,2013-08,9087.0
999,2013-09,8436.0
999,2013-10,8608.0
999,2013-11,9329.0
999,2013-12,11969.0
999,2014-01,8436.0
999,2014-02,8529.0
999,2014-03,8825.0
999,2014-04,9664.0
999,2014-05,8935.0
999,2014-06,9254.0
999,2014-07,8665.0
999,2014-08,8572.0
999,2014-09,8837.0
999,2014-10,8903.0
999,2014-11,10307.0
999,2014-12,11974.0
999,2015-01,9265.0
999,2015-02,8310.0
999,2015-03,9578.0
999,2015-04,9197.0
999,2015-05,9096.0
999,2015-06,9636.0
999,2015-07,9132.0
1000,2013-01,7636.0
1000,2013-02,7791.0
1000,2013-03,8849.0
1000,2013-04,8274.0
1000,2013-05,8461.0
1000,2013-06,8143.0
1000,2013-07,8650.0
1000,2013-08,7504.0
1000,2013-09,6607.0
1000,2013-10,6765.0
1000,2013-11,6928.0
1000,2013-12,8018.0
1000,2014-01,6612.0
1000,2014-02,6749.0
1000,2014-03,6834.0
1000,2014-04,7225.0
1000,2014-05,6668.0
1000,2014-06,7134.0
1000,2015-01,7224.0
1000,2015-02,6880.0
1000,2015-03,7456.0
1000,2015-04,7817.0
1000,2015-05,7584.0
1000,2015-06,7620.0
1000,2015-07,6931.0
1001,2013-01,4957.0
1001,2013-02,5148.0
1001,2013-03,5724.0
1001,2013-04,4955.0
1001,2013-05,5317.0
1001,2013-06,4855.0
1001,2013-07,5062.0
1001,2013-08,4701.0
1001,2013-09,5056.0
1001,2013-10,4876.0
1001,2013-11,5362.0
1001,2013-12,6638.0
1001,2014-01,5026.0
1001,2014-02,4919.0
1001,2014-03,5165.0
1001,2014-04,5412.0
1001,2014-05,5279.0
1001,2014-06,5532.0
1001,2014-07,4954.0
1001,2014-08,4750.0
1001,2014-09,5441.0
1001,2014-10,5306.0
1001,2014-11,6091.0
1001,2014-12,6840.0
1001,2015-01,5997.0
1001,2015-02,5467.0
1001,2015-03,5906.0
1001,2015-04,5846.0
1001,2015-05,5739.0
1001,2015-06,6122.0
1001,2015-07,5761.0
1002,2013-01,5163.0
1002,2013-02,5480.0
1002,2013-03,5972.0
1002,2013-04,5276.0
1002,2013-05,5923.0
1002,2013-06,5539.0
1002,2013-07,5255.0
1002,2013-08,5633.0
1002,2013-09,5508.0
1002,2013-10,5416.0
1002,2013-11,5795.0
1002,2013-12,6929.0
1002,2014-01,5651.0
1002,2014-02,6021.0
1002,2014-03,6025.0
1002,2014-04,6382.0
1002,2014-05,6179.0
1002,2014-06,6326.0
1002,2014-07,6104.0
1002,2014-08,5938.0
1002,2014-09,5846.0
1002,2014-10,5826.0
1002,2014-11,6394.0
1002,2014-12,7172.0
1002,2015-01,6171.0
1002,2015-02,6189.0
1002,2015-03,6563.0
1002,2015-04,7035.0
1002,2015-05,6811.0
1002,2015-06,6779.0
1002,2015-07,6889.0
1003,2013-01,7928.0
1003,2013-02,7986.0
1003,2013-03,9070.0
1003,2013-04,8528.0
1003,2013-05,9110.0
1003,2013-06,8018.0
1003,2013-07,7071.0
1003,2013-08,6275.0
1003,2013-09,6557.0
1003,2013-10,6637.0
1003,2013-11,7001.0
1003,2013-12,9161.0
1003,2014-01,6975.0
1003,2014-02,7039.0
1003,2014-03,7125.0
1003,2014-04,7584.0
1003,2014-05,7045.0
1003,2014-06,7846.0
1003,2014-07,6764.0
1003,2014-08,6442.0
1003,2014-09,7016.0
1003,2014-10,6381.0
1003,2014-11,7574.0
1003,2014-12,8401.0
1003,2015-01,7033.0
1003,2015-02,6384.0
1003,2015-03,7442.0
1003,2015-04,7476.0
1003,2015-05,7440.0
1003,2015-06,7822.0
1003,2015-07,6360.0
1004,2013-01,4530.0
1004,2013-02,4848.0
1004,2013-03,5518.0
1004,2013-04,4689.0
1004,2013-05,5235.0
1004,2013-06,4607.0
1004,2013-07,5083.0
1004,2013-08,4689.0
1004,2013-09,4472.0
1004,2013-10,4844.0
1004,2013-11,5211.0
1004,2013-12,6336.0
1004,2014-01,5074.0
1004,2014-02,4893.0
1004,2014-03,4572.0
1004,2014-04,4951.0
1004,2014-05,4920.0
1004,2014-06,5074.0
1004,2015-01,5626.0
1004,2015-02,5279.0
1004,2015-03,5483.0
1004,2015-04,5928.0
1004,2015-05,5958.0
1004,2015-06,5797.0
1004,2015-07,5665.0
1005,2013-01,5669.0
1005,2013-02,5987.0
1005,2013-03,6653.0
1005,2013-04,6235.0
1005,2013-05,6640.0
1005,2013-06,5837.0
1005,2013-07,6190.0
1005,2013-08,6047.0
1005,2013-09,5591.0
1005,2013-10,5900.0
1005,2013-11,5881.0
1005,2013-12,7833.0
1005,2014-01,5756.0
1005,2014-02,5818.0
1005,2014-03,5907.0
1005,2014-04,6416.0
1005,2014-05,6157.0
1005,2014-06,6448.0
1005,2014-07,5983.0
1005,2014-08,6014.0
1005,2014-09,5994.0
1005,2014-10,6048.0
1005,2014-11,6629.0
1005,2014-12,7300.0
1005,2015-01,5758.0
1005,2015-02,5954.0
1005,2015-03,6102.0
1005,2015-04,6646.0
1005,2015-05,6584.0
1005,2015-06,6632.0
1005,2015-07,6081.0
1006,2013-01,5146.0
1006,2013-02,5746.0
1006,2013-03,6163.0
1006,2013-04,5578.0
1006,2013-05,5892.0
1006,2013-06,5272.0
1006,2013-07,5809.0
1006,2013-08,5456.0
1006,2013-09,5403.0
1006,2013-10,5671.0
1006,2013-11,6107.0
1006,2013-12,8156.0
1006,2014-01,6274.0
1006,2014-02,6105.0
1006,2014-03,6063.0
1006,2014-04,6821.0
1006,2014-05,6496.0
1006,2014-06,6330.0
1006,2014-07,6409.0
1006,2014-08,6232.0
1006,2014-09,6081.0
1006,2014-10,6556.0
1006,2014-11,7095.0
1006,2014-12,8477.0
1006,2015-01,7512.0
1006,2015-02,6509.0
1006,2015-03,6587.0
1006,2015-04,7327.0
1006,2015-05,6939.0
1006,2015-06,6586.0
1006,2015-07,6991.0
1007,2013-01,5924.0
1007,2013-02,6230.0
1007,2013-03,7433.0
1007,2013-04,6273.0
1007,2013-05,6722.0
1007,2013-06,6075.0
1007,2013-07,6412.0
1007,2013-08,6913.0
1007,2013-09,6112.0
1007,2013-10,6104.0
1007,2013-11,6853.0
1007,2013-12,9007.0
1007,2014-01,6565.0
1007,2014-02,6791.0
1007,2014-03,6445.0
1007,2014-04,7186.0
1007,2014-05,6904.0
1007,2014-06,6950.0
1007,2014-07,6829.0
1007,2014-08,7633.0
1007,2014-09,6911.0
1007,2014-10,6739.0
1007,2014-11,7660.0
1007,2014-12,9345.0
1007,2015-01,7142.0
1007,2015-02,6616.0
1007,2015-03,7091.0
1007,2015-04,7798.0
1007,2015-05,7742.0
1007,2015-06,7190.0
1007,2015-07,7519.0
1008,2013-01,4524.0
1008,2013-02,4852.0
1008,2013-03,5435.0
1008,2013-04,5046.0
1008,2013-05,5239.0
1008,2013-06,4786.0
1008,2013-07,5226.0
1008,2013-08,5238.0
1008,2013-09,4689.0
1008,2013-10,4757.0
1008,2013-11,5194.0
1008,2013-12,6687.0
1008,2014-01,4755.0
1008,2014-02,5126.0
1008,2014-03,5018.0
1008,2014-04,5797.0
1008,2014-05,5247.0
1008,2014-06,5597.0
1008,2014-07,5264.0
1008,2014-08,5380.0
1008,2014-09,5206.0
1008,2014-10,5229.0
1008,2014-11,5792.0
1008,2014-12,6513.0
1008,2015-01,5089.0
1008,2015-02,5131.0
1008,2015-03,5318.0
1008,2015-04,5913.0
1008,2015-05,5942.0
1008,2015-06,5677.0
1008,2015-07,5798.0
1009,2013-01,4369.0
1009,2013-02,4180.0
1009,2013-03,4597.0
1009,2013-04,4348.0
1009,2013-05,4573.0
1009,2013-06,4247.0
1009,2013-07,4637.0
1009,2013-08,5076.0
1009,2013-09,6115.0
1009,2013-10,4497.0
1009,2013-11,4788.0
1009,2013-12,5448.0
1009,2014-01,4518.0
1009,2014-02,4516.0
1009,2014-03,4952.0
1009,2014-04,4813.0
1009,2014-05,4685.0
1009,2014-06,5000.0
1009,2015-01,4863.0
1009,2015-02,4451.0
1009,2015-03,5024.0
1009,2015-04,4806.0
1009,2015-05,4921.0
1009,2015-06,4995.0
1009,2015-07,4882.0
1010,2013-01,7684.0
1010,2013-02,7659.0
1010,2013-03,9094.0
1010,2013-04,7739.0
1010,2013-05,8218.0
1010,2013-06,7913.0
1010,2013-07,8465.0
1010,2013-08,8208.0
1010,2013-09,7499.0
1010,2013-10,7950.0
1010,2013-11,8958.0
1010,2013-12,11281.0
1010,2014-01,8326.0
1010,2014-02,8400.0
1010,2014-03,8373.0
1010,2014-04,9259.0
1010,2014-05,8799.0
1010,2014-06,9001.0
1010,2014-07,8751.0
1010,2014-08,9101.0
1010,2014-09,8337.0
1010,2014-10,8622.0
1010,2014-11,9825.0
1010,2014-12,12044.0
1010,2015-01,9452.0
1010,2015-02,8734.0
1010,2015-03,9152.0
1010,2015-04,9847.0
1010,2015-05,9735.0
1010,2015-06,9220.0
1010,2015-07,9702.0
1011,2013-01,7349.0
1011,2013-02,7179.0
1011,2013-03,8296.0
1011,2013-04,7585.0
1011,2013-05,8011.0
1011,2013-06,6970.0
1011,2013-07,7835.0
1011,2013-08,7112.0
1011,2013-09,6885.0
1011,2013-10,7209.0
1011,2013-11,7743.0
1011,2013-12,9613.0
1011,2014-01,7906.0
1011,2014-02,8061.0
1011,2014-03,8271.0
1011,2014-04,9208.0
1011,2014-05,8538.0
1011,2014-06,9204.0
1011,2014-07,8549.0
1011,2014-08,8433.0
1011,2014-09,8514.0
1011,2014-10,8924.0
1011,2014-11,8487.0
1011,2014-12,8370.0
1011,2015-01,7128.0
1011,2015-02,6717.0
1011,2015-03,6935.0
1011,2015-04,7610.0
1011,2015-05,7410.0
1011,2015-06,7396.0
1011,2015-07,7015.0
1012,2013-01,5161.0
1012,2013-02,5431.0
1012,2013-03,6105.0
1012,2013-04,5663.0
1012,2013-05,6273.0
1012,2013-06,5812.0
1012,2013-07,6119.0
1012,2013-08,6006.0
1012,2013-09,5786.0
1012,2013-10,5740.0
1012,2013-11,6154.0
1012,2013-12,7745.0
1012,2014-01,5940.0
1012,2014-02,5937.0
1012,2014-03,6060.0
1012,2014-04,6530.0
1012,2014-05,6349.0
1012,2014-06,6650.0
1012,2015-01,6051.0
1012,2015-02,5621.0
1012,2015-03,5982.0
1012,2015-04,6300.0
1012,2015-05,6489.0
1012,2015-06,5956.0
1012,2015-07,5614.0
1013,2013-01,3717.0
1013,2013-02,3832.0
1013,2013-03,4210.0
1013,2013-04,3947.0
1013,2013-05,4247.0
1013,2013-06,3669.0
1013,2013-07,4180.0
1013,2013-08,3666.0
1013,2013-09,3748.0
1013,2013-10,3812.0
1013,2013-11,3943.0
1013,2013-12,4667.0
1013,2014-01,3909.0
1013,2014-02,4082.0
1013,2014-03,4014.0
1013,2014-04,4368.0
1013,2014-05,4035.0
1013,2014-06,4424.0
1013,2014-07,3981.0
1013,2014-08,3832.0
1013,2014-09,3981.0
1013,2014-10,3919.0
1013,2014-11,4374.0
1013,2014-12,4656.0
1013,2015-01,3963.0
1013,2015-02,3835.0
1013,2015-03,3858.0
1013,2015-04,3906.0
1013,2015-05,3713.0
1013,2015-06,3974.0
1013,2015-07,3503.0
1014,2013-01,10912.0
1014,2013-02,11240.0
1014,2013-03,12525.0
1014,2013-04,11722.0
1014,2013-05,12554.0
1014,2013-06,10899.0
1014,2013-07,12168.0
1014,2013-08,11919.0
1014,2013-09,11815.0
1014,2013-10,11817.0
1014,2013-11,11993.0
1014,2013-12,15316.0
1014,2014-01,11966.0
1014,2014-02,12178.0
1014,2014-03,12568.0
1014,2014-04,13429.0
1014,2014-05,12180.0
1014,2014-06,13794.0
1014,2014-07,12369.0
1014,2014-08,12313.0
1014,2014-09,12808.0
1014,2014-10,12119.0
1014,2014-11,13674.0
1014,2014-12,14834.0
1014,2015-01,12223.0
1014,2015-02,11976.0
1014,2015-03,13180.0
1014,2015-04,10500.0
1014,2015-05,10551.0
1014,2015-06,11332.0
1014,2015-07,9873.0
1015,2013-01,5223.0
1015,2013-02,5506.0
1015,2013-03,6268.0
1015,2013-04,5411.0
1015,2013-05,6078.0
1015,2013-06,5313.0
1015,2013-07,5749.0
1015,2013-08,5911.0
1015,2013-09,5225.0
1015,2013-10,5440.0
1015,2013-11,6111.0
1015,2013-12,7890.0
1015,2014-01,5550.0
1015,2014-02,5856.0
1015,2014-03,5602.0
1015,2014-04,6220.0
1015,2014-05,5999.0
1015,2014-06,6442.0
1015,2014-07,5963.0
1015,2014-08,5920.0
1015,2014-09,5826.0
1015,2014-10,5913.0
1015,2014-11,6676.0
1015,2014-12,7911.0
1015,2015-01,5991.0
1015,2015-02,5758.0
1015,2015-03,6142.0
1015,2015-04,6503.0
1015,2015-05,6357.0
1015,2015-06,6280.0
1015,2015-07,6469.0
1016,2013-01,4811.0
1016,2013-02,4949.0
1016,2013-03,5934.0
1016,2013-04,5058.0
1016,2013-05,5559.0
1016,2013-06,4632.0
1016,2013-07,5332.0
1016,2013-08,4814.0
1016,2013-09,4640.0
1016,2013-10,4731.0
1016,2013-11,5508.0
1016,2013-12,6664.0
1016,2014-01,5333.0
1016,2014-02,5546.0
1016,2014-03,4956.0
1016,2014-04,5434.0
1016,2014-05,5194.0
1016,2014-06,5517.0
1016,2014-07,4980.0
1016,2014-08,5002.0
1016,2014-09,4978.0
1016,2014-10,5183.0
1016,2014-11,6360.0
1016,2014-12,6885.0
1016,2015-01,5622.0
1016,2015-02,5241.0
1016,2015-03,5936.0
1016,2015-04,5804.0
1016,2015-05,5854.0
1016,2015-06,5918.0
1016,2015-07,5615.0
1017,2013-01,7029.0
1017,2013-02,6981.0
1017,2013-03,7938.0
1017,2013-04,7113.0
1017,2013-05,7585.0
1017,2013-06,6835.0
1017,2013-07,7493.0
1017,2013-08,6899.0
1017,2013-09,6835.0
1017,2013-10,7178.0
1017,2013-11,7849.0
1017,2013-12,9405.0
1017,2014-01,6986.0
1017,2014-02,7130.0
1017,2014-03,7011.0
1017,2014-04,7650.0
1017,2014-05,7370.0
1017,2014-06,7023.0
1017,2014-07,6632.0
1017,2014-08,6235.0
1017,2014-09,6597.0
1017,2014-10,6985.0
1017,2014-11,7909.0
1017,2014-12,9009.0
1017,2015-01,7035.0
1017,2015-02,6774.0
1017,2015-03,7196.0
1017,2015-04,7108.0
1017,2015-05,6800.0
1017,2015-06,6712.0
1017,2015-07,6355.0
1018,2013-01,11929.0
1018,2013-02,12771.0
1018,2013-03,12892.0
1018,2013-04,10640.0
1018,2013-05,11756.0
1018,2013-06,10777.0
1018,2013-07,11112.0
1018,2013-08,10956.0
1018,2013-09,10571.0
1018,2013-10,10604.0
1018,2013-11,12090.0
1018,2013-12,16642.0
1018,2014-01,10909.0
1018,2014-02,11125.0
1018,2014-03,10879.0
1018,2014-04,12217.0
1018,2014-05,11462.0
1018,2014-06,11407.0
1018,2014-07,11308.0
1018,2014-08,11526.0
1018,2014-09,10822.0
1018,2014-10,10971.0
1018,2014-11,12521.0
1018,2014-12,16898.0
1018,2015-01,11502.0
1018,2015-02,11087.0
1018,2015-03,11782.0
1018,2015-04,11787.0
1018,2015-05,11589.0
1018,2015-06,11008.0
1018,2015-07,11214.0
1019,2013-01,7922.0
1019,2013-02,8413.0
1019,2013-03,9859.0
1019,2013-04,8447.0
1019,2013-05,9191.0
1019,2013-06,8706.0
1019,2013-07,9181.0
1019,2013-08,8699.0
1019,2013-09,8728.0
1019,2013-10,8408.0
1019,2013-11,9146.0
1019,2013-12,11407.0
1019,2014-01,8823.0
1019,2014-02,8826.0
1019,2014-03,9662.0
1019,2014-04,9784.0
1019,2014-05,9490.0
1019,2014-06,10641.0
1019,2015-01,9060.0
1019,2015-02,8170.0
1019,2015-03,9029.0
1019,2015-04,8850.0
1019,2015-05,9001.0
1019,2015-06,9440.0
1019,2015-07,8205.0
1020,2013-01,8841.0
1020,2013-02,8920.0
1020,2013-03,10147.0
1020,2013-04,9407.0
1020,2013-05,10114.0
1020,2013-06,9374.0
1020,2013-07,9311.0
1020,2013-08,8608.0
1020,2013-09,8534.0
1020,2013-10,8661.0
1020,2013-11,9065.0
1020,2013-12,10851.0
1020,2014-01,8612.0
1020,2014-02,8799.0
1020,2014-03,9184.0
1020,2014-04,9676.0
1020,2014-05,9249.0
1020,2014-06,9282.0
1020,2014-07,8743.0
1020,2014-08,8045.0
1020,2014-09,8167.0
1020,2014-10,8393.0
1020,2014-11,9161.0
1020,2014-12,9843.0
1020,2015-01,8277.0
1020,2015-02,8194.0
1020,2015-03,8887.0
1020,2015-04,9111.0
1020,2015-05,9398.0
1020,2015-06,8965.0
1020,2015-07,8611.0
1021,2013-01,7969.0
1021,2013-02,8264.0
1021,2013-03,8934.0
1021,2013-04,8700.0
1021,2013-05,9414.0
1021,2013-06,9002.0
1021,2013-07,8337.0
1021,2013-08,8749.0
1021,2013-09,8282.0
1021,2013-10,8336.0
1021,2013-11,8347.0
1021,2013-12,9155.0
1021,2014-01,7986.0
1021,2014-02,8491.0
1021,2014-03,8756.0
1021,2014-04,9275.0
1021,2014-05,9229.0
1021,2014-06,9084.0
1021,2014-07,10431.0
1021,2014-08,8337.0
1021,2014-09,8731.0
1021,2014-10,8718.0
1021,2014-11,9409.0
1021,2014-12,9207.0
1021,2015-01,8688.0
1021,2015-02,8680.0
1021,2015-03,8791.0
1021,2015-04,9562.0
1021,2015-05,10059.0
1021,2015-06,9577.0
1021,2015-07,9673.0
1022,2013-01,6119.0
1022,2013-02,6321.0
1022,2013-03,7342.0
1022,2013-04,6528.0
1022,2013-05,7096.0
1022,2013-06,6392.0
1022,2013-07,7082.0
1022,2013-08,6524.0
1022,2013-09,6518.0
1022,2013-10,6696.0
1022,2013-11,7282.0
1022,2013-12,9345.0
1022,2014-01,7130.0
1022,2014-02,7345.0
1022,2014-03,7358.0
1022,2014-04,7953.0
1022,2014-05,7526.0
1022,2014-06,7827.0
1022,2014-07,7134.0
1022,2014-08,7327.0
1022,2014-09,7150.0
1022,2014-10,7024.0
1022,2014-11,8051.0
1022,2014-12,9234.0
1022,2015-01,7605.0
1022,2015-02,7329.0
1022,2015-03,7684.0
1022,2015-04,7822.0
1022,2015-05,7778.0
1022,2015-06,7863.0
1022,2015-07,7059.0
1023,2013-01,5692.0
1023,2013-02,6021.0
1023,2013-03,7073.0
1023,2013-04,5834.0
1023,2013-05,6697.0
1023,2013-06,6243.0
1023,2013-07,6976.0
1023,2013-08,6234.0
1023,2013-09,5938.0
1023,2013-10,6099.0
1023,2013-11,6363.0
1023,2013-12,9094.0
1023,2014-01,5452.0
1023,2014-02,5683.0
1023,2014-03,5722.0
1023,2014-04,6182.0
1023,2014-05,5802.0
1023,2014-06,5923.0
1023,2014-07,5549.0
1023,2014-08,5382.0
1023,2014-09,5437.0
1023,2014-10,5474.0
1023,2014-11,7061.0
1023,2014-12,8626.0
1023,2015-01,5771.0
1023,2015-02,5244.0
1023,2015-03,5809.0
1023,2015-04,5955.0
1023,2015-05,5997.0
1023,2015-06,5974.0
1023,2015-07,5686.0
1024,2013-01,5426.0
1024,2013-02,5740.0
1024,2013-03,6611.0
1024,2013-04,5774.0
1024,2013-05,6066.0
1024,2013-06,5646.0
1024,2013-07,6027.0
1024,2013-08,6408.0
1024,2013-09,5761.0
1024,2013-10,5479.0
1024,2013-11,6382.0
1024,2013-12,8006.0
1024,2014-01,5915.0
1024,2014-02,6023.0
1024,2014-03,5686.0
1024,2014-04,6361.0
1024,2014-05,6066.0
1024,2014-06,5986.0
1024,2014-07,5922.0
1024,2014-08,6219.0
1024,2014-09,5661.0
1024,2014-10,5698.0
1024,2014-11,6511.0
1024,2014-12,7839.0
1024,2015-01,6110.0
1024,2015-02,5894.0
1024,2015-03,6151.0
1024,2015-04,6439.0
1024,2015-05,6493.0
1024,2015-06,5916.0
1024,2015-07,6183.0
1025,2013-01,7151.0
1025,2013-02,7416.0
1025,2013-03,7723.0
1025,2013-04,7674.0
1025,2013-05,8005.0
1025,2013-06,7471.0
1025,2013-07,7716.0
1025,2013-08,7169.0
1025,2013-09,7097.0
1025,2013-10,7194.0
1025,2013-11,7473.0
1025,2013-12,8219.0
1025,2014-01,6976.0
1025,2014-02,7429.0
1025,2014-03,7134.0
1025,2014-04,7581.0
1025,2014-05,7392.0
1025,2014-06,7695.0
1025,2014-07,7399.0
1025,2014-08,6533.0
1025,2014-09,6834.0
1025,2014-10,7106.0
1025,2014-11,7837.0
1025,2014-12,7865.0
1025,2015-01,7185.0
1025,2015-02,7315.0
1025,2015-03,7254.0
1025,2015-04,7625.0
1025,2015-05,7575.0
1025,2015-06,7697.0
1025,2015-07,7688.0
1026,2013-01,9002.0
1026,2013-02,9440.0
1026,2013-03,10453.0
1026,2013-04,9078.0
1026,2013-05,10088.0
1026,2013-06,8499.0
1026,2013-07,9459.0
1026,2013-08,8754.0
1026,2013-09,8582.0
1026,2013-10,8674.0
1026,2013-11,9524.0
1026,2013-12,12241.0
1026,2014-01,9030.0
1026,2014-02,9138.0
1026,2014-03,8777.0
1026,2014-04,9536.0
1026,2014-05,9645.0
1026,2014-06,9649.0
1026,2014-07,8849.0
1026,2014-08,8887.0
1026,2014-09,8980.0
1026,2014-10,9011.0
1026,2014-11,10607.0
1026,2014-12,11655.0
1026,2015-01,9412.0
1026,2015-02,9106.0
1026,2015-03,9551.0
1026,2015-04,10096.0
1026,2015-05,10038.0
1026,2015-06,10113.0
1026,2015-07,9053.0
1027,2013-01,10885.0
1027,2013-02,11729.0
1027,2013-03,14327.0
1027,2013-04,12361.0
1027,2013-05,12962.0
1027,2013-06,11908.0
1027,2013-07,13425.0
1027,2013-08,12716.0
1027,2013-09,12488.0
1027,2013-10,13029.0
1027,2013-11,13654.0
1027,2013-12,17318.0
1027,2014-01,11951.0
1027,2014-02,12713.0
1027,2014-03,13314.0
1027,2014-04,13472.0
1027,2014-05,13086.0
1027,2014-06,13752.0
1027,2015-01,13069.0
1027,2015-02,12495.0
1027,2015-03,13855.0
1027,2015-04,13538.0
1027,2015-05,13314.0
1027,2015-06,13690.0
1027,2015-07,12796.0
1028,2013-01,3853.0
1028,2013-02,4081.0
1028,2013-03,4551.0
1028,2013-04,4078.0
1028,2013-05,4474.0
1028,2013-06,3940.0
1028,2013-07,4350.0
1028,2013-08,4440.0
1028,2013-09,4220.0
1028,2013-10,4152.0
1028,2013-11,4340.0
1028,2013-12,5923.0
1028,2014-01,4528.0
1028,2014-02,4754.0
1028,2014-03,4710.0
1028,2014-04,5093.0
1028,2014-05,4702.0
1028,2014-06,5234.0
1028,2014-07,4662.0
1028,2014-08,4530.0
1028,2014-09,4763.0
1028,2014-10,4675.0
1028,2014-11,5532.0
1028,2014-12,5837.0
1028,2015-01,4848.0
1028,2015-02,4624.0
1028,2015-03,5246.0
1028,2015-04,5312.0
1028,2015-05,5182.0
1028,2015-06,5491.0
1028,2015-07,4833.0
1029,2013-01,5006.0
1029,2013-02,5020.0
1029,2013-03,5294.0
1029,2013-04,5284.0
1029,2013-05,5185.0
1029,2013-06,5097.0
1029,2013-07,5627.0
1029,2013-08,4763.0
1029,2013-09,5022.0
1029,2013-10,5340.0
1029,2013-11,5583.0
1029,2013-12,6246.0
1029,2014-01,5430.0
1029,2014-02,5377.0
1029,2014-03,5384.0
1029,2014-04,5798.0
1029,2014-05,5415.0
1029,2014-06,5556.0
1029,2014-07,5172.0
1029,2014-08,4588.0
1029,2014-09,5282.0
1029,2014-10,5563.0
1029,2014-11,5975.0
1029,2014-12,6186.0
1029,2015-01,5769.0
1029,2015-02,5357.0
1029,2015-03,5512.0
1029,2015-04,5873.0
1029,2015-05,5366.0
1029,2015-06,5696.0
1029,2015-07,5286.0
1030,2013-01,3279.0
1030,2013-02,3383.0
1030,2013-03,3800.0
1030,2013-04,3393.0
1030,2013-05,3717.0
1030,2013-06,3359.0
1030,2013-07,3914.0
1030,2013-08,3547.0
1030,2013-09,3439.0
1030,2013-10,3447.0
1030,2013-11,3567.0
1030,2013-12,4997.0
1030,2014-01,3379.0
1030,2014-02,3455.0
1030,2014-03,3239.0
1030,2014-04,3713.0
1030,2014-05,3492.0
1030,2014-06,3688.0
1030,2014-07,3535.0
1030,2014-08,3282.0
1030,2014-09,3532.0
1030,2014-10,3425.0
1030,2014-11,3705.0
1030,2014-12,4649.0
1030,2015-01,3639.0
1030,2015-02,3366.0
1030,2015-03,3454.0
1030,2015-04,3754.0
1030,2015-05,3515.0
1030,2015-06,3648.0
1030,2015-07,3692.0
1031,2013-01,4558.0
1031,2013-02,4502.0
1031,2013-03,5117.0
1031,2013-04,4779.0
1031,2013-05,5258.0
1031,2013-06,4616.0
1031,2013-07,5041.0
1031,2013-08,4336.0
1031,2013-09,4242.0
1031,2013-10,4569.0
1031,2013-11,4646.0
1031,2013-12,5383.0
1031,2014-01,4648.0
1031,2014-02,4595.0
1031,2014-03,4838.0
1031,2014-04,5016.0
1031,2014-05,4856.0
1031,2014-06,5524.0
1031,2014-07,4870.0
1031,2014-08,4553.0
1031,2014-09,4653.0
1031,2014-10,4753.0
1031,2014-11,5257.0
1031,2014-12,5329.0
1031,2015-01,5022.0
1031,2015-02,4729.0
1031,2015-03,4975.0
1031,2015-04,4960.0
1031,2015-05,4550.0
1031,2015-06,5328.0
1031,2015-07,4809.0
1032,2013-01,10074.0
1032,2013-02,9877.0
1032,2013-03,9032.0
1032,2013-04,8376.0
1032,2013-05,8955.0
1032,2013-06,8035.0
1032,2013-07,9019.0
1032,2013-08,8440.0
1032,2013-09,8480.0
1032,2013-10,8698.0
1032,2013-11,9379.0
1032,2013-12,12304.0
1032,2014-01,8875.0
1032,2014-02,8730.0
1032,2014-03,8685.0
1032,2014-04,9385.0
1032,2014-05,8845.0
1032,2014-06,9058.0
1032,2014-07,8621.0
1032,2014-08,8152.0
1032,2014-09,8991.0
1032,2014-10,8737.0
1032,2014-11,9792.0
1032,2014-12,12046.0
1032,2015-01,9479.0
1032,2015-02,8714.0
1032,2015-03,9376.0
1032,2015-04,9474.0
1032,2015-05,9242.0
1032,2015-06,9347.0
1032,2015-07,9096.0
1033,2013-01,13257.0
1033,2013-02,13650.0
1033,2013-03,14734.0
1033,2013-04,13604.0
1033,2013-05,14447.0
1033,2013-06,13561.0
1033,2013-07,13734.0
1033,2013-08,13613.0
1033,2013-09,13040.0
1033,2013-10,12880.0
1033,2013-11,13572.0
1033,2013-12,16726.0
1033,2014-01,12979.0
1033,2014-02,13527.0
1033,2014-03,12898.0
1033,2014-04,14038.0
1033,2014-05,13489.0
1033,2014-06,13755.0
1033,2014-07,13274.0
1033,2014-08,12547.0
1033,2014-09,13343.0
1033,2014-10,13411.0
1033,2014-11,14371.0
1033,2014-12,16057.0
1033,2015-01,13806.0
1033,2015-02,13428.0
1033,2015-03,14267.0
1033,2015-04,14803.0
1033,2015-05,14645.0
1033,2015-06,14562.0
1033,2015-07,14249.0
1034,2013-01,6116.0
1034,2013-02,6029.0
1034,2013-03,6789.0
1034,2013-04,6085.0
1034,2013-05,6394.0
1034,2013-06,5634.0
1034,2013-07,6313.0
1034,2013-08,5831.0
1034,2013-09,5998.0
1034,2013-10,6052.0
1034,2013-11,6765.0
1034,2013-12,8843.0
1034,2014-01,6166.0
1034,2014-02,6194.0
1034,2014-03,6110.0
1034,2014-04,6948.0
1034,2014-05,6325.0
1034,2014-06,6633.0
1034,2014-07,6417.0
1034,2014-08,5762.0
1034,2014-09,6423.0
1034,2014-10,6365.0
1034,2014-11,7468.0
1034,2014-12,8731.0
1034,2015-01,6564.0
1034,2015-02,6258.0
1034,2015-03,6721.0
1034,2015-04,6600.0
1034,2015-05,6492.0
1034,2015-06,6572.0
1034,2015-07,6289.0
1035,2013-01,4766.0
1035,2013-02,4605.0
1035,2013-03,5245.0
1035,2013-04,4784.0
1035,2013-05,5065.0
1035,2013-06,4455.0
1035,2013-07,5285.0
1035,2013-08,4618.0
1035,2013-09,4565.0
1035,2013-10,4685.0
1035,2013-11,4925.0
1035,2013-12,6404.0
1035,2014-01,4531.0
1035,2014-02,4512.0
1035,2014-03,4444.0
1035,2014-04,5027.0
1035,2014-05,4735.0
1035,2014-06,5062.0
1035,2014-07,4973.0
1035,2014-08,4466.0
1035,2014-09,4764.0
1035,2014-10,4673.0
1035,2014-11,5341.0
1035,2014-12,5929.0
1035,2015-01,4732.0
1035,2015-02,4478.0
1035,2015-03,4798.0
1035,2015-04,4856.0
1035,2015-05,4774.0
1035,2015-06,4950.0
1035,2015-07,4827.0
1036,2013-01,4465.0
1036,2013-02,4581.0
1036,2013-03,5049.0
1036,2013-04,4577.0
1036,2013-05,5156.0
1036,2013-06,4701.0
1036,2013-07,5001.0
1036,2013-08,4693.0
1036,2013-09,4110.0
1036,2013-10,4195.0
1036,2013-11,4750.0
1036,2013-12,5792.0
1036,2014-01,4474.0
1036,2014-02,4605.0
1036,2014-03,4709.0
1036,2014-04,5033.0
1036,2014-05,4969.0
1036,2014-06,5395.0
1036,2014-07,4754.0
1036,2014-08,4729.0
1036,2014-09,4959.0
1036,2014-10,5004.0
1036,2014-11,5445.0
1036,2014-12,6303.0
1036,2015-01,5584.0
1036,2015-02,5035.0
1036,2015-03,5206.0
1036,2015-04,5465.0
1036,2015-05,5550.0
1036,2015-06,5445.0
1036,2015-07,5067.0
1037,2013-01,6056.0
1037,2013-02,6400.0
1037,2013-03,7427.0
1037,2013-04,6491.0
1037,2013-05,7097.0
1037,2013-06,6415.0
1037,2013-07,6913.0
1037,2013-08,6768.0
1037,2013-09,6834.0
1037,2013-10,6494.0
1037,2013-11,7427.0
1037,2013-12,10089.0
1037,2014-01,6828.0
1037,2014-02,7024.0
1037,2014-03,7081.0
1037,2014-04,7693.0
1037,2014-05,7055.0
1037,2014-06,7081.0
1037,2014-07,6471.0
1037,2014-08,6630.0
1037,2014-09,6213.0
1037,2014-10,6100.0
1037,2014-11,7435.0
1037,2014-12,9046.0
1037,2015-01,6129.0
1037,2015-02,6123.0
1037,2015-03,6596.0
1037,2015-04,6926.0
1037,2015-05,6737.0
1037,2015-06,6719.0
1037,2015-07,6240.0
1038,2013-01,5665.0
1038,2013-02,5716.0
1038,2013-03,6305.0
1038,2013-04,5821.0
1038,2013-05,6638.0
1038,2013-06,5996.0
1038,2013-07,6265.0
1038,2013-08,6364.0
1038,2013-09,5703.0
1038,2013-10,5466.0
1038,2013-11,5610.0
1038,2013-12,7577.0
1038,2014-01,5581.0
1038,2014-02,5521.0
1038,2014-03,5259.0
1038,2014-04,5708.0
1038,2014-05,5777.0
1038,2014-06,6023.0
1038,2015-01,5709.0
1038,2015-02,5342.0
1038,2015-03,5513.0
1038,2015-04,5920.0
1038,2015-05,6132.0
1038,2015-06,6057.0
1038,2015-07,5885.0
1039,2013-01,6652.0
1039,2013-02,6960.0
1039,2013-03,8070.0
1039,2013-04,7222.0
1039,2013-05,7716.0
1039,2013-06,6634.0
1039,2013-07,8818.0
1039,2013-08,7466.0
1039,2013-09,7201.0
1039,2013-10,7098.0
1039,2013-11,7946.0
1039,2013-12,10645.0
1039,2014-01,7139.0
1039,2014-02,7530.0
1039,2014-03,7584.0
1039,2014-04,8293.0
1039,2014-05,7897.0
1039,2014-06,8424.0
1039,2014-07,11532.0
1039,2014-08,10957.0
1039,2014-09,7179.0
1039,2014-10,7462.0
1039,2014-11,9051.0
1039,2014-12,10409.0
1039,2015-01,7963.0
1039,2015-02,7798.0
1039,2015-03,8206.0
1039,2015-04,8673.0
1039,2015-05,8749.0
1039,2015-06,8553.0
1039,2015-07,7907.0
1040,2013-01,7763.0
1040,2013-02,8111.0
1040,2013-03,8803.0
1040,2013-04,8302.0
1040,2013-05,9134.0
1040,2013-06,7882.0
1040,2013-07,8702.0
1040,2013-08,8008.0
1040,2013-09,7843.0
1040,2013-10,7893.0
1040,2013-11,8264.0
1040,2013-12,10470.0
1040,2014-01,7972.0
1040,2014-02,8392.0
1040,2014-03,9134.0
1040,2014-04,9182.0
1040,2014-05,8724.0
1040,2014-06,9726.0
1040,2014-07,8573.0
1040,2014-08,8334.0
1040,2014-09,8622.0
1040,2014-10,8301.0
1040,2014-11,9439.0
1040,2014-12,10634.0
1040,2015-01,8587.0
1040,2015-02,8197.0
1040,2015-03,9039.0
1040,2015-04,9174.0
1040,2015-05,8958.0
1040,2015-06,9517.0
1040,2015-07,8357.0
1041,2013-01,5825.0
1041,2013-02,5920.0
1041,2013-03,6560.0
1041,2013-04,6110.0
1041,2013-05,6562.0
1041,2013-06,6083.0
1041,2013-07,6459.0
1041,2013-08,5872.0
1041,2013-09,5675.0
1041,2013-10,5944.0
1041,2013-11,6012.0
1041,2013-12,6814.0
1041,2014-01,5615.0
1041,2014-02,5740.0
1041,2014-03,5714.0
1041,2014-04,6174.0
1041,2014-05,6101.0
1041,2014-06,6243.0
1041,2015-01,6105.0
1041,2015-02,5775.0
1041,2015-03,6282.0
1041,2015-04,6374.0
1041,2015-05,6331.0
1041,2015-06,6347.0
1041,2015-07,6227.0
1042,2013-01,3682.0
1042,2013-02,3904.0
1042,2013-03,4157.0
1042,2013-04,3933.0
1042,2013-05,4203.0
1042,2013-06,3842.0
1042,2013-07,4179.0
1042,2013-08,3686.0
1042,2013-09,3842.0
1042,2013-10,4017.0
1042,2013-11,4029.0
1042,2013-12,5076.0
1042,2014-01,4116.0
1042,2014-02,4194.0
1042,2014-03,4302.0
1042,2014-04,4527.0
1042,2014-05,4245.0
1042,2014-06,4391.0
1042,2014-07,3986.0
1042,2014-08,3749.0
1042,2014-09,3933.0
1042,2014-10,3981.0
1042,2014-11,4268.0
1042,2014-12,4818.0
1042,2015-01,4123.0
1042,2015-02,4010.0
1042,2015-03,4152.0
1042,2015-04,4366.0
1042,2015-05,4249.0
1042,2015-06,4319.0
1042,2015-07,3982.0
1043,2013-01,8283.0
1043,2013-02,8497.0
1043,2013-03,10066.0
1043,2013-04,8513.0
1043,2013-05,9364.0
1043,2013-06,7621.0
1043,2013-07,9057.0
1043,2013-08,8426.0
1043,2013-09,8224.0
1043,2013-10,8674.0
1043,2013-11,9660.0
1043,2013-12,13402.0
1043,2014-01,8444.0
1043,2014-02,8344.0
1043,2014-03,8279.0
1043,2014-04,9252.0
1043,2014-05,9083.0
1043,2014-06,8424.0
1043,2014-07,8126.0
1043,2014-08,8048.0
1043,2014-09,7562.0
1043,2014-10,8264.0
1043,2014-11,9169.0
1043,2014-12,12351.0
1043,2015-01,9038.0
1043,2015-02,7584.0
1043,2015-03,7792.0
1043,2015-04,8624.0
1043,2015-05,8578.0
1043,2015-06,7973.0
1043,2015-07,8227.0
1044,2013-01,6055.0
1044,2013-02,5929.0
1044,2013-03,7132.0
1044,2013-04,6446.0
1044,2013-05,7014.0
1044,2013-06,6295.0
1044,2013-07,6520.0
1044,2013-08,6337.0
1044,2013-09,6014.0
1044,2013-10,6590.0
1044,2013-11,6867.0
1044,2013-12,8507.0
1044,2014-01,6443.0
1044,2014-02,6511.0
1044,2014-03,6548.0
1044,2014-04,6774.0
1044,2014-05,6637.0
1044,2014-06,6660.0
1044,2014-07,6216.0
1044,2014-08,6566.0
1044,2014-09,6383.0
1044,2014-10,6428.0
1044,2014-11,7124.0
1044,2014-12,8403.0
1044,2015-01,6633.0
1044,2015-02,6185.0
1044,2015-03,6785.0
1044,2015-04,6892.0
1044,2015-05,6324.0
1044,2015-06,6511.0
1044,2015-07,5797.0
1045,2013-01,6099.0
1045,2013-02,6354.0
1045,2013-03,7410.0
1045,2013-04,6361.0
1045,2013-05,7488.0
1045,2013-06,7201.0
1045,2013-07,9573.0
1045,2013-08,9071.0
1045,2013-09,6789.0
1045,2013-10,6428.0
1045,2013-11,7546.0
1045,2013-12,9599.0
1045,2014-01,6452.0
1045,2014-02,6469.0
1045,2014-03,6292.0
1045,2014-04,7450.0
1045,2014-05,7053.0
1045,2014-06,7229.0
1045,2014-07,8861.0
1045,2014-08,9357.0
1045,2014-09,7103.0
1045,2014-10,6733.0
1045,2014-11,8112.0
1045,2014-12,9822.0
1045,2015-01,6476.0
1045,2015-02,6549.0
1045,2015-03,6914.0
1045,2015-04,7314.0
1045,2015-05,7428.0
1045,2015-06,7794.0
1045,2015-07,9551.0
1046,2013-01,7422.0
1046,2013-02,7212.0
1046,2013-03,8667.0
1046,2013-04,7554.0
1046,2013-05,8325.0
1046,2013-06,7821.0
1046,2013-07,8550.0
1046,2013-08,8120.0
1046,2013-09,7835.0
1046,2013-10,7955.0
1046,2013-11,8791.0
1046,2013-12,11308.0
1046,2014-01,8080.0
1046,2014-02,8104.0
1046,2014-03,8218.0
1046,2014-04,9115.0
1046,2014-05,8331.0
1046,2014-06,8585.0
1046,2014-07,8737.0
1046,2014-08,8403.0
1046,2014-09,8604.0
1046,2014-10,8886.0
1046,2014-11,9343.0
1046,2014-12,11650.0
1046,2015-01,9259.0
1046,2015-02,8432.0
1046,2015-03,9002.0
1046,2015-04,9715.0
1046,2015-05,9327.0
1046,2015-06,9147.0
1046,2015-07,9308.0
1047,2013-01,4538.0
1047,2013-02,4698.0
1047,2013-03,4954.0
1047,2013-04,4830.0
1047,2013-05,4975.0
1047,2013-06,4408.0
1047,2013-07,5127.0
1047,2013-08,4484.0
1047,2013-09,4362.0
1047,2013-10,4791.0
1047,2013-11,5052.0
1047,2013-12,5690.0
1047,2014-01,4850.0
1047,2014-02,4817.0
1047,2014-03,4597.0
1047,2014-04,5070.0
1047,2014-05,4747.0
1047,2014-06,5239.0
1047,2014-07,4903.0
1047,2014-08,4328.0
1047,2014-09,4610.0
1047,2014-10,4622.0
1047,2014-11,5160.0
1047,2014-12,5470.0
1047,2015-01,5002.0
1047,2015-02,4789.0
1047,2015-03,5039.0
1047,2015-04,5288.0
1047,2015-05,5039.0
1047,2015-06,5250.0
1047,2015-07,4874.0
1048,2013-01,5759.0
1048,2013-02,5752.0
1048,2013-03,6973.0
1048,2013-04,6068.0
1048,2013-05,6360.0
1048,2013-06,6059.0
1048,2013-07,6286.0
1048,2013-08,6486.0
1048,2013-09,6020.0
1048,2013-10,5950.0
1048,2013-11,6815.0
1048,2013-12,8879.0
1048,2014-01,6366.0
1048,2014-02,6412.0
1048,2014-03,6660.0
1048,2014-04,7166.0
1048,2014-05,6819.0
1048,2014-06,6999.0
1048,2014-07,6553.0
1048,2014-08,6861.0
1048,2014-09,6762.0
1048,2014-10,6554.0
1048,2014-11,7525.0
1048,2014-12,9331.0
1048,2015-01,6984.0
1048,2015-02,6786.0
1048,2015-03,7534.0
1048,2015-04,8066.0
1048,2015-05,7841.0
1048,2015-06,7715.0
1048,2015-07,7469.0
1049,2013-01,3735.0
1049,2013-02,3564.0
1049,2013-03,4149.0
1049,2013-04,3822.0
1049,2013-05,4109.0
1049,2013-06,3812.0
1049,2013-07,3945.0
1049,2013-08,3972.0
1049,2013-09,3834.0
1049,2013-10,3781.0
1049,2013-11,4026.0
1049,2013-12,5285.0
1049,2014-01,4016.0
1049,2014-02,3901.0
1049,2014-03,3791.0
1049,2014-04,3986.0
1049,2014-05,3906.0
1049,2014-06,4094.0
1049,2015-01,4170.0
1049,2015-02,3874.0
1049,2015-03,4060.0
1049,2015-04,4134.0
1049,2015-05,3969.0
1049,2015-06,4023.0
1049,2015-07,3770.0
1050,2013-01,6308.0
1050,2013-02,6628.0
1050,2013-03,7578.0
1050,2013-04,6392.0
1050,2013-05,7572.0
1050,2013-06,6800.0
1050,2013-07,7309.0
1050,2013-08,7408.0
1050,2013-09,6558.0
1050,2013-10,6838.0
1050,2013-11,7648.0
1050,2013-12,9902.0
1050,2014-01,6985.0
1050,2014-02,7361.0
1050,2014-03,7151.0
1050,2014-04,7746.0
1050,2014-05,7637.0
1050,2014-06,7856.0
1050,2014-07,7545.0
1050,2014-08,7191.0
1050,2014-09,7079.0
1050,2014-10,7193.0
1050,2014-11,7916.0
1050,2014-12,9490.0
1050,2015-01,7242.0
1050,2015-02,6969.0
1050,2015-03,7285.0
1050,2015-04,7557.0
1050,2015-05,7794.0
1050,2015-06,7145.0
1050,2015-07,7270.0
1051,2013-01,5863.0
1051,2013-02,6282.0
1051,2013-03,7059.0
1051,2013-04,6512.0
1051,2013-05,7656.0
1051,2013-06,8784.0
1051,2013-07,8385.0
1051,2013-08,5930.0
1051,2013-09,6188.0
1051,2013-10,6604.0
1051,2013-11,6847.0
1051,2013-12,8213.0
1051,2014-01,7024.0
1051,2014-02,7167.0
1051,2014-03,9338.0
1051,2014-04,7925.0
1051,2014-05,7653.0
1051,2014-06,8056.0
1051,2014-07,7652.0
1051,2014-08,6785.0
1051,2014-09,7168.0
1051,2014-10,7439.0
1051,2014-11,8213.0
1051,2014-12,8660.0
1051,2015-01,7564.0
1051,2015-02,7289.0
1051,2015-03,8301.0
1051,2015-04,8130.0
1051,2015-05,8030.0
1051,2015-06,8401.0
1051,2015-07,8073.0
1052,2013-01,6650.0
1052,2013-02,6821.0
1052,2013-03,7433.0
1052,2013-04,6916.0
1052,2013-05,7533.0
1052,2013-06,6733.0
1052,2013-07,7397.0
1052,2013-08,6775.0
1052,2013-09,6762.0
1052,2013-10,6813.0
1052,2013-11,7233.0
1052,2013-12,9116.0
1052,2014-01,7061.0
1052,2014-02,6936.0
1052,2014-03,6850.0
1052,2014-04,7758.0
1052,2014-05,7255.0
1052,2014-06,7789.0
1052,2014-07,7148.0
1052,2014-08,6960.0
1052,2014-09,6999.0
1052,2014-10,7077.0
1052,2014-11,7969.0
1052,2014-12,8852.0
1052,2015-01,7245.0
1052,2015-02,6728.0
1052,2015-03,7142.0
1052,2015-04,7612.0
1052,2015-05,7534.0
1052,2015-06,7593.0
1052,2015-07,6992.0
1053,2013-01,8086.0
1053,2013-02,8542.0
1053,2013-03,9404.0
1053,2013-04,8754.0
1053,2013-05,8933.0
1053,2013-06,8518.0
1053,2013-07,8799.0
1053,2013-08,8731.0
1053,2013-09,8217.0
1053,2013-10,8214.0
1053,2013-11,8872.0
1053,2013-12,11089.0
1053,2014-01,8424.0
1053,2014-02,8720.0
1053,2014-03,8835.0
1053,2014-04,9653.0
1053,2014-05,8937.0
1053,2014-06,9309.0
1053,2014-07,8983.0
1053,2014-08,8393.0
1053,2014-09,8636.0
1053,2014-10,8743.0
1053,2014-11,9575.0
1053,2014-12,10637.0
1053,2015-01,8702.0
1053,2015-02,8471.0
1053,2015-03,8882.0
1053,2015-04,9640.0
1053,2015-05,8996.0
1053,2015-06,9148.0
1053,2015-07,8377.0
1054,2013-01,5444.0
1054,2013-02,5529.0
1054,2013-03,6176.0
1054,2013-04,5495.0
1054,2013-05,5835.0
1054,2013-06,5558.0
1054,2013-07,5793.0
1054,2013-08,5982.0
1054,2013-09,5243.0
1054,2013-10,5262.0
1054,2013-11,6056.0
1054,2013-12,7558.0
1054,2014-01,5752.0
1054,2014-02,5706.0
1054,2014-03,5778.0
1054,2014-04,6252.0
1054,2014-05,5852.0
1054,2014-06,6064.0
1054,2014-07,6132.0
1054,2014-08,6022.0
1054,2014-09,5827.0
1054,2014-10,5783.0
1054,2014-11,6468.0
1054,2014-12,7876.0
1054,2015-01,6136.0
1054,2015-02,5833.0
1054,2015-03,6276.0
1054,2015-04,6590.0
1054,2015-05,6145.0
1054,2015-06,6273.0
1054,2015-07,6469.0
1055,2013-01,7708.0
1055,2013-02,7977.0
1055,2013-03,8721.0
1055,2013-04,7630.0
1055,2013-05,8239.0
1055,2013-06,7487.0
1055,2013-07,7360.0
1055,2013-08,7398.0
1055,2013-09,7120.0
1055,2013-10,7228.0
1055,2013-11,7873.0
1055,2013-12,10575.0
1055,2014-01,7366.0
1055,2014-02,7660.0
1055,2014-03,7473.0
1055,2014-04,8311.0
1055,2014-05,8101.0
1055,2014-06,8085.0
1055,2014-07,7690.0
1055,2014-08,7415.0
1055,2014-09,7391.0
1055,2014-10,7736.0
1055,2014-11,8507.0
1055,2014-12,10552.0
1055,2015-01,7853.0
1055,2015-02,7381.0
1055,2015-03,7563.0
1055,2015-04,8179.0
1055,2015-05,7906.0
1055,2015-06,7620.0
1055,2015-07,7658.0
1056,2013-01,2628.0
1056,2013-02,2781.0
1056,2013-03,3562.0
1056,2013-04,2944.0
1056,2013-05,3204.0
1056,2013-06,3199.0
1056,2013-07,3472.0
1056,2013-08,3115.0
1056,2013-09,3412.0
1056,2013-10,3464.0
1056,2013-11,3638.0
1056,2013-12,4746.0
1056,2014-01,3679.0
1056,2014-02,3737.0
1056,2014-03,4037.0
1056,2014-04,4129.0
1056,2014-05,4119.0
1056,2014-06,4442.0
1056,2015-01,4608.0
1056,2015-02,4302.0
1056,2015-03,4744.0
1056,2015-04,4763.0
1056,2015-05,4919.0
1056,2015-06,4867.0
1056,2015-07,4603.0
1057,2013-01,5661.0
1057,2013-02,5907.0
1057,2013-03,6792.0
1057,2013-04,5756.0
1057,2013-05,6220.0
1057,2013-06,5952.0
1057,2013-07,6154.0
1057,2013-08,6790.0
1057,2013-09,5931.0
1057,2013-10,6041.0
1057,2013-11,6995.0
1057,2013-12,8275.0
1057,2014-01,5873.0
1057,2014-02,6019.0
1057,2014-03,6086.0
1057,2014-04,6284.0
1057,2014-05,6120.0
1057,2014-06,6402.0
1057,2014-07,6257.0
1057,2014-08,6735.0
1057,2014-09,6183.0
1057,2014-10,6102.0
1057,2014-11,7273.0
1057,2014-12,8334.0
1057,2015-01,6355.0
1057,2015-02,6125.0
1057,2015-03,6483.0
1057,2015-04,6801.0
1057,2015-05,6844.0
1057,2015-06,6320.0
1057,2015-07,6224.0
1058,2013-01,6105.0
1058,2013-02,6603.0
1058,2013-03,6942.0
1058,2013-04,6585.0
1058,2013-05,7103.0
1058,2013-06,6229.0
1058,2013-07,6910.0
1058,2013-08,6338.0
1058,2013-09,6651.0
1058,2013-10,9270.0
1058,2013-11,8288.0
1058,2013-12,8506.0
1058,2014-01,6781.0
1058,2014-02,7151.0
1058,2014-03,6979.0
1058,2014-04,7446.0
1058,2014-05,7203.0
1058,2014-06,7662.0
1058,2014-07,6819.0
1058,2014-08,7034.0
1058,2014-09,7154.0
1058,2014-10,7065.0
1058,2014-11,8224.0
1058,2014-12,8534.0
1058,2015-01,7259.0
1058,2015-02,7295.0
1058,2015-03,7520.0
1058,2015-04,7464.0
1058,2015-05,7732.0
1058,2015-06,7646.0
1058,2015-07,6965.0
1059,2013-01,7498.0
1059,2013-02,8016.0
1059,2013-03,8619.0
1059,2013-04,7944.0
1059,2013-05,8385.0
1059,2013-06,7943.0
1059,2013-07,7625.0
1059,2013-08,7949.0
1059,2013-09,7734.0
1059,2013-10,7621.0
1059,2013-11,8226.0
1059,2013-12,10734.0
1059,2014-01,7790.0
1059,2014-02,8221.0
1059,2014-03,7753.0
1059,2014-04,8545.0
1059,2014-05,8374.0
1059,2014-06,8293.0
1059,2014-07,7914.0
1059,2014-08,7848.0
1059,2014-09,8047.0
1059,2014-10,8176.0
1059,2014-11,9215.0
1059,2014-12,11273.0
1059,2015-01,8425.0
1059,2015-02,8352.0
1059,2015-03,8591.0
1059,2015-04,9514.0
1059,2015-05,9401.0
1059,2015-06,8644.0
1059,2015-07,8937.0
1060,2013-01,6542.0
1060,2013-02,6958.0
1060,2013-03,7468.0
1060,2013-04,6761.0
1060,2013-05,7539.0
1060,2013-06,6772.0
1060,2013-07,7313.0
1060,2013-08,6670.0
1060,2013-09,6642.0
1060,2013-10,6799.0
1060,2013-11,7105.0
1060,2013-12,9014.0
1060,2014-01,6993.0
1060,2014-02,7139.0
1060,2014-03,7043.0
1060,2014-04,7791.0
1060,2014-05,7394.0
1060,2014-06,7972.0
1060,2014-07,7197.0
1060,2014-08,7002.0
1060,2014-09,7043.0
1060,2014-10,7193.0
1060,2014-11,7661.0
1060,2014-12,8921.0
1060,2015-01,7412.0
1060,2015-02,7266.0
1060,2015-03,7457.0
1060,2015-04,7864.0
1060,2015-05,7644.0
1060,2015-06,7693.0
1060,2015-07,7238.0
1061,2013-01,5565.0
1061,2013-02,5805.0
1061,2013-03,6765.0
1061,2013-04,6036.0
1061,2013-05,6909.0
1061,2013-06,6047.0
1061,2013-07,6570.0
1061,2013-08,6242.0
1061,2013-09,6614.0
1061,2013-10,6354.0
1061,2013-11,7211.0
1061,2013-12,9041.0
1061,2014-01,7063.0
1061,2014-02,7132.0
1061,2014-03,7031.0
1061,2014-04,7959.0
1061,2014-05,7616.0
1061,2014-06,7827.0
1061,2014-07,7505.0
1061,2014-08,7242.0
1061,2014-09,7273.0
1061,2014-10,7476.0
1061,2014-11,8441.0
1061,2014-12,9577.0
1061,2015-01,8052.0
1061,2015-02,7577.0
1061,2015-03,8052.0
1061,2015-04,8297.0
1061,2015-05,8730.0
1061,2015-06,8523.0
1061,2015-07,8564.0
1062,2013-01,6437.0
1062,2013-02,6720.0
1062,2013-03,6709.0
1062,2013-04,6550.0
1062,2013-05,6796.0
1062,2013-06,6110.0
1062,2013-07,6536.0
1062,2013-08,6052.0
1062,2013-09,5721.0
1062,2013-10,5825.0
1062,2013-11,6249.0
1062,2013-12,8127.0
1062,2014-01,5881.0
1062,2014-02,6137.0
1062,2014-03,5927.0
1062,2014-04,6744.0
1062,2014-05,6445.0
1062,2014-06,6516.0
1062,2014-07,6321.0
1062,2014-08,5791.0
1062,2014-09,5760.0
1062,2014-10,6266.0
1062,2014-11,6964.0
1062,2014-12,7903.0
1062,2015-01,6330.0
1062,2015-02,5966.0
1062,2015-03,6242.0
1062,2015-04,6659.0
1062,2015-05,6357.0
1062,2015-06,6410.0
1062,2015-07,6421.0
1063,2013-01,3760.0
1063,2013-02,3911.0
1063,2013-03,4296.0
1063,2013-04,4064.0
1063,2013-05,3990.0
1063,2013-06,3785.0
1063,2013-07,3835.0
1063,2013-08,4025.0
1063,2013-09,3753.0
1063,2013-10,3853.0
1063,2013-11,4226.0
1063,2013-12,5287.0
1063,2014-01,3980.0
1063,2014-02,3970.0
1063,2014-03,3816.0
1063,2014-04,4364.0
1063,2014-05,4161.0
1063,2014-06,4340.0
1063,2014-07,4009.0
1063,2014-08,4080.0
1063,2014-09,4127.0
1063,2014-10,4148.0
1063,2014-11,4829.0
1063,2014-12,5634.0
1063,2015-01,4446.0
1063,2015-02,4452.0
1063,2015-03,4686.0
1063,2015-04,5038.0
1063,2015-05,4726.0
1063,2015-06,4541.0
1063,2015-07,4473.0
1064,2013-01,8376.0
1064,2013-02,8746.0
1064,2013-03,9484.0
1064,2013-04,8950.0
1064,2013-05,9721.0
1064,2013-06,8580.0
1064,2013-07,9312.0
1064,2013-08,8572.0
1064,2013-09,8718.0
1064,2013-10,8580.0
1064,2013-11,9140.0
1064,2013-12,11302.0
1064,2014-01,8827.0
1064,2014-02,9268.0
1064,2014-03,9158.0
1064,2014-04,9864.0
1064,2014-05,9464.0
1064,2014-06,9853.0
1064,2014-07,9105.0
1064,2014-08,9152.0
1064,2014-09,9042.0
1064,2014-10,9248.0
1064,2014-11,10380.0
1064,2014-12,11225.0
1064,2015-01,9701.0
1064,2015-02,9585.0
1064,2015-03,10021.0
1064,2015-04,10254.0
1064,2015-05,10161.0
1064,2015-06,10220.0
1064,2015-07,9572.0
1065,2013-01,3820.0
1065,2013-02,3755.0
1065,2013-03,3990.0
1065,2013-04,3929.0
1065,2013-05,4220.0
1065,2013-06,3836.0
1065,2013-07,4254.0
1065,2013-08,4169.0
1065,2013-09,3920.0
1065,2013-10,4090.0
1065,2013-11,4368.0
1065,2013-12,5304.0
1065,2014-01,4052.0
1065,2014-02,4167.0
1065,2014-03,4021.0
1065,2014-04,4377.0
1065,2014-05,4270.0
1065,2014-06,4354.0
1065,2015-01,4213.0
1065,2015-02,4039.0
1065,2015-03,4283.0
1065,2015-04,4412.0
1065,2015-05,4415.0
1065,2015-06,4398.0
1065,2015-07,4371.0
1066,2013-01,10581.0
1066,2013-02,10727.0
1066,2013-03,11459.0
1066,2013-04,10861.0
1066,2013-05,11600.0
1066,2013-06,10574.0
1066,2013-07,11195.0
1066,2013-08,10097.0
1066,2013-09,10356.0
1066,2013-10,10567.0
1066,2013-11,11183.0
1066,2013-12,13106.0
1066,2014-01,10689.0
1066,2014-02,11017.0
1066,2014-03,11193.0
1066,2014-04,11953.0
1066,2014-05,11464.0
1066,2014-06,11890.0
1066,2014-07,10944.0
1066,2014-08,10381.0
1066,2014-09,10807.0
1066,2014-10,10778.0
1066,2014-11,11789.0
1066,2014-12,12755.0
1066,2015-01,10436.0
1066,2015-02,10419.0
1066,2015-03,11267.0
1066,2015-04,11525.0
1066,2015-05,11662.0
1066,2015-06,11538.0
1066,2015-07,9108.0
1067,2013-01,4910.0
1067,2013-02,4995.0
1067,2013-03,5520.0
1067,2013-04,5037.0
1067,2013-05,5608.0
1067,2013-06,5238.0
1067,2013-07,5578.0
1067,2013-08,5606.0
1067,2013-09,5215.0
1067,2013-10,5329.0
1067,2013-11,5672.0
1067,2013-12,7034.0
1067,2014-01,5716.0
1067,2014-02,5599.0
1067,2014-03,5465.0
1067,2014-04,5803.0
1067,2014-05,5888.0
1067,2014-06,6286.0
1067,2015-01,6318.0
1067,2015-02,5843.0
1067,2015-03,5989.0
1067,2015-04,6270.0
1067,2015-05,6382.0
1067,2015-06,6404.0
1067,2015-07,6348.0
1068,2013-01,3242.0
1068,2013-02,3823.0
1068,2013-03,4558.0
1068,2013-04,4252.0
1068,2013-05,4402.0
1068,2013-06,4007.0
1068,2013-07,4481.0
1068,2013-08,3881.0
1068,2013-09,3848.0
1068,2013-10,3902.0
1068,2013-11,4237.0
1068,2013-12,5494.0
1068,2014-01,4288.0
1068,2014-02,4134.0
1068,2014-03,4136.0
1068,2014-04,4623.0
1068,2014-05,4585.0
1068,2014-06,4782.0
1068,2014-07,4585.0
1068,2014-08,4296.0
1068,2014-09,4333.0
1068,2014-10,4370.0
1068,2014-11,4905.0
1068,2014-12,5719.0
1068,2015-01,4686.0
1068,2015-02,4325.0
1068,2015-03,4808.0
1068,2015-04,4929.0
1068,2015-05,4890.0
1068,2015-06,4713.0
1068,2015-07,4650.0
1069,2013-01,5718.0
1069,2013-02,5700.0
1069,2013-03,6872.0
1069,2013-04,6003.0
1069,2013-05,6013.0
1069,2013-06,5508.0
1069,2013-07,6261.0
1069,2013-08,5864.0
1069,2013-09,5922.0
1069,2013-10,6095.0
1069,2013-11,6309.0
1069,2013-12,8205.0
1069,2014-01,5670.0
1069,2014-02,5908.0
1069,2014-03,5991.0
1069,2014-04,6569.0
1069,2014-05,5766.0
1069,2014-06,6140.0
1069,2014-07,5735.0
1069,2014-08,5789.0
1069,2014-09,6212.0
1069,2014-10,6362.0
1069,2014-11,7101.0
1069,2014-12,8555.0
1069,2015-01,6436.0
1069,2015-02,6239.0
1069,2015-03,6901.0
1069,2015-04,6621.0
1069,2015-05,6366.0
1069,2015-06,6562.0
1069,2015-07,6248.0
1070,2013-01,6247.0
1070,2013-02,6620.0
1070,2013-03,7350.0
1070,2013-04,6602.0
1070,2013-05,6817.0
1070,2013-06,6397.0
1070,2013-07,6487.0
1070,2013-08,6665.0
1070,2013-09,6341.0
1070,2013-10,6281.0
1070,2013-11,7059.0
1070,2013-12,9499.0
1070,2014-01,6628.0
1070,2014-02,6682.0
1070,2014-03,6654.0
1070,2014-04,7149.0
1070,2014-05,7107.0
1070,2014-06,7075.0
1070,2014-07,6653.0
1070,2014-08,6901.0
1070,2014-09,6803.0
1070,2014-10,6699.0
1070,2014-11,7540.0
1070,2014-12,9205.0
1070,2015-01,7173.0
1070,2015-02,6806.0
1070,2015-03,7308.0
1070,2015-04,7478.0
1070,2015-05,7752.0
1070,2015-06,7040.0
1070,2015-07,7367.0
1071,2013-01,5586.0
1071,2013-02,5933.0
1071,2013-03,6093.0
1071,2013-04,5703.0
1071,2013-05,6195.0
1071,2013-06,5742.0
1071,2013-07,5657.0
1071,2013-08,5743.0
1071,2013-09,5406.0
1071,2013-10,5487.0
1071,2013-11,6241.0
1071,2013-12,7521.0
1071,2014-01,5551.0
1071,2014-02,5999.0
1071,2014-03,5714.0
1071,2014-04,6148.0
1071,2014-05,6107.0
1071,2014-06,6315.0
1071,2014-07,6048.0
1071,2014-08,5762.0
1071,2014-09,5713.0
1071,2014-10,5687.0
1071,2014-11,6705.0
1071,2014-12,7112.0
1071,2015-01,5787.0
1071,2015-02,5924.0
1071,2015-03,6033.0
1071,2015-04,6490.0
1071,2015-05,6404.0
1071,2015-06,6192.0
1071,2015-07,6115.0
1072,2013-01,6211.0
1072,2013-02,6462.0
1072,2013-03,6846.0
1072,2013-04,6513.0
1072,2013-05,7202.0
1072,2013-06,6316.0
1072,2013-07,7016.0
1072,2013-08,5975.0
1072,2013-09,6357.0
1072,2013-10,6292.0
1072,2013-11,6502.0
1072,2013-12,7807.0
1072,2014-01,6485.0
1072,2014-02,6575.0
1072,2014-03,6438.0
1072,2014-04,6828.0
1072,2014-05,6782.0
1072,2014-06,7422.0
1072,2014-07,6734.0
1072,2014-08,6177.0
1072,2014-09,6713.0
1072,2014-10,6612.0
1072,2014-11,7344.0
1072,2014-12,7945.0
1072,2015-01,6765.0
1072,2015-02,6617.0
1072,2015-03,7077.0
1072,2015-04,7458.0
1072,2015-05,7479.0
1072,2015-06,7776.0
1072,2015-07,7080.0
1073,2013-01,6147.0
1073,2013-02,6457.0
1073,2013-03,7223.0
1073,2013-04,6494.0
1073,2013-05,6938.0
1073,2013-06,6324.0
1073,2013-07,6785.0
1073,2013-08,6283.0
1073,2013-09,6598.0
1073,2013-10,6574.0
1073,2013-11,7056.0
1073,2013-12,8253.0
1073,2014-01,6702.0
1073,2014-02,6674.0
1073,2014-03,7103.0
1073,2014-04,7091.0
1073,2014-05,6832.0
1073,2014-06,7493.0
1073,2014-07,7027.0
1073,2014-08,7102.0
1073,2014-09,7135.0
1073,2014-10,7118.0
1073,2014-11,8035.0
1073,2014-12,8083.0
1073,2015-01,6751.0
1073,2015-02,6966.0
1073,2015-03,7326.0
1073,2015-04,8451.0
1073,2015-05,9639.0
1073,2015-06,10471.0
1073,2015-07,8825.0
1074,2013-01,4386.0
1074,2013-02,4495.0
1074,2013-03,5454.0
1074,2013-04,4401.0
1074,2013-05,5255.0
1074,2013-06,4762.0
1074,2013-07,4816.0
1074,2013-08,4774.0
1074,2013-09,4674.0
1074,2013-10,4688.0
1074,2013-11,5069.0
1074,2013-12,6680.0
1074,2014-01,4802.0
1074,2014-02,4870.0
1074,2014-03,5001.0
1074,2014-04,5307.0
1074,2014-05,5171.0
1074,2014-06,5311.0
1074,2014-07,5017.0
1074,2014-08,4960.0
1074,2014-09,5006.0
1074,2014-10,5186.0
1074,2014-11,5914.0
1074,2014-12,6671.0
1074,2015-01,5292.0
1074,2015-02,5033.0
1074,2015-03,5553.0
1074,2015-04,5568.0
1074,2015-05,5202.0
1074,2015-06,5324.0
1074,2015-07,5084.0
1075,2013-01,11216.0
1075,2013-02,11068.0
1075,2013-03,12162.0
1075,2013-04,12082.0
1075,2013-05,12528.0
1075,2013-06,11860.0
1075,2013-07,11243.0
1075,2013-08,11771.0
1075,2013-09,10988.0
1075,2013-10,11102.0
1075,2013-11,11113.0
1075,2013-12,12110.0
1075,2014-01,10436.0
1075,2014-02,10858.0
1075,2014-03,11196.0
1075,2014-04,11569.0
1075,2014-05,11330.0
1075,2014-06,11704.0
1075,2014-07,10823.0
1075,2014-08,10727.0
1075,2014-09,10969.0
1075,2014-10,11175.0
1075,2014-11,11947.0
1075,2014-12,12219.0
1075,2015-01,11002.0
1075,2015-02,11255.0
1075,2015-03,11629.0
1075,2015-04,12236.0
1075,2015-05,12609.0
1075,2015-06,11851.0
1075,2015-07,11610.0
1076,2013-01,2968.0
1076,2013-02,3125.0
1076,2013-03,3420.0
1076,2013-04,3091.0
1076,2013-05,3349.0
1076,2013-06,2994.0
1076,2013-07,3403.0
1076,2013-08,3066.0
1076,2013-09,3227.0
1076,2013-10,3160.0
1076,2013-11,3269.0
1076,2013-12,4044.0
1076,2014-01,3312.0
1076,2014-02,3468.0
1076,2014-03,3478.0
1076,2014-04,3675.0
1076,2014-05,3540.0
1076,2014-06,3798.0
1076,2014-07,3572.0
1076,2014-08,3706.0
1076,2014-09,3728.0
1076,2014-10,3724.0
1076,2014-11,4063.0
1076,2014-12,4402.0
1076,2015-01,3960.0
1076,2015-02,3808.0
1076,2015-03,4160.0
1076,2015-04,4362.0
1076,2015-05,4364.0
1076,2015-06,4351.0
1076,2015-07,3800.0
1077,2013-01,4383.0
1077,2013-02,4539.0
1077,2013-03,4675.0
1077,2013-04,4424.0
1077,2013-05,4812.0
1077,2013-06,4105.0
1077,2013-07,4389.0
1077,2013-08,4048.0
1077,2013-09,3991.0
1077,2013-10,3868.0
1077,2013-11,4225.0
1077,2013-12,5385.0
1077,2014-01,4241.0
1077,2014-02,4384.0
1077,2014-03,4328.0
1077,2014-04,4714.0
1077,2014-05,4408.0
1077,2014-06,4760.0
1077,2014-07,4325.0
1077,2014-08,4193.0
1077,2014-09,4365.0
1077,2014-10,4232.0
1077,2014-11,4989.0
1077,2014-12,5421.0
1077,2015-01,4479.0
1077,2015-02,4420.0
1077,2015-03,4679.0
1077,2015-04,4813.0
1077,2015-05,4749.0
1077,2015-06,4793.0
1077,2015-07,4319.0
1078,2013-01,4837.0
1078,2013-02,5112.0
1078,2013-03,6248.0
1078,2013-04,5607.0
1078,2013-05,6416.0
1078,2013-06,5587.0
1078,2013-07,6745.0
1078,2013-08,5992.0
1078,2013-09,6085.0
1078,2013-10,6155.0
1078,2013-11,6395.0
1078,2013-12,7928.0
1078,2014-01,6653.0
1078,2014-02,6557.0
1078,2014-03,6798.0
1078,2014-04,7098.0
1078,2014-05,6988.0
1078,2014-06,7113.0
1078,2014-07,7181.0
1078,2014-08,6679.0
1078,2014-09,7161.0
1078,2014-10,6978.0
1078,2014-11,7734.0
1078,2014-12,8293.0
1078,2015-01,7918.0
1078,2015-02,6837.0
1078,2015-03,7755.0
1078,2015-04,7432.0
1078,2015-05,7651.0
1078,2015-06,7363.0
1078,2015-07,7866.0
1079,2013-01,8227.0
1079,2013-02,8538.0
1079,2013-03,9651.0
1079,2013-04,8547.0
1079,2013-05,9372.0
1079,2013-06,8402.0
1079,2013-07,9186.0
1079,2013-08,8719.0
1079,2013-09,8206.0
1079,2013-10,8036.0
1079,2013-11,8448.0
1079,2013-12,11538.0
1079,2014-01,8270.0
1079,2014-02,8399.0
1079,2014-03,8464.0
1079,2014-04,9060.0
1079,2014-05,8599.0
1079,2014-06,9471.0
1079,2014-07,8729.0
1079,2014-08,8079.0
1079,2014-09,8024.0
1079,2014-10,7911.0
1079,2014-11,8808.0
1079,2014-12,10673.0
1079,2015-01,8228.0
1079,2015-02,7557.0
1079,2015-03,8356.0
1079,2015-04,8478.0
1079,2015-05,8184.0
1079,2015-06,8801.0
1079,2015-07,8576.0
1080,2013-01,9637.0
1080,2013-02,9408.0
1080,2013-03,10540.0
1080,2013-04,9811.0
1080,2013-05,10414.0
1080,2013-06,9489.0
1080,2013-07,10120.0
1080,2013-08,9420.0
1080,2013-09,9063.0
1080,2013-10,9905.0
1080,2013-11,10242.0
1080,2013-12,12043.0
1080,2014-01,9666.0
1080,2014-02,9864.0
1080,2014-03,9596.0
1080,2014-04,10294.0
1080,2014-05,10104.0
1080,2014-06,10474.0
1080,2015-01,10488.0
1080,2015-02,9855.0
1080,2015-03,10666.0
1080,2015-04,10924.0
1080,2015-05,11117.0
1080,2015-06,10928.0
1080,2015-07,10884.0
1081,2013-07,5291.0
1081,2013-08,5115.0
1081,2013-09,5235.0
1081,2013-10,5513.0
1081,2013-11,5648.0
1081,2013-12,6093.0
1081,2014-01,6180.0
1081,2014-02,6258.0
1081,2014-03,6136.0
1081,2014-04,6454.0
1081,2014-05,6368.0
1081,2014-06,6846.0
1081,2014-07,6131.0
1081,2014-08,5276.0
1081,2014-09,6192.0
1081,2014-10,6229.0
1081,2014-11,7026.0
1081,2014-12,7249.0
1081,2015-01,5506.0
1081,2015-02,4533.0
1081,2015-03,4791.0
1081,2015-04,4790.0
1081,2015-05,5768.0
1081,2015-06,6819.0
1081,2015-07,6544.0
1082,2013-01,6754.0
1082,2013-02,6851.0
1082,2013-03,7914.0
1082,2013-04,6487.0
1082,2013-05,7110.0
1082,2013-06,6216.0
1082,2013-07,6857.0
1082,2013-08,6554.0
1082,2013-09,6449.0
1082,2013-10,6774.0
1082,2013-11,7723.0
1082,2013-12,11107.0
1082,2014-01,6550.0
1082,2014-02,6874.0
1082,2014-03,6395.0
1082,2014-04,7174.0
1082,2014-05,6926.0
1082,2014-06,6704.0
1082,2014-07,6726.0
1082,2014-08,6536.0
1082,2014-09,6443.0
1082,2014-10,6771.0
1082,2014-11,7960.0
1082,2014-12,10423.0
1082,2015-01,6488.0
1082,2015-02,6628.0
1082,2015-03,6658.0
1082,2015-04,6904.0
1082,2015-05,6674.0
1082,2015-06,6553.0
1082,2015-07,6608.0
1083,2013-01,3594.0
1083,2013-02,4117.0
1083,2013-03,4729.0
1083,2013-04,4355.0
1083,2013-05,4590.0
1083,2013-06,4313.0
1083,2013-07,4453.0
1083,2013-08,4652.0
1083,2013-09,4180.0
1083,2013-10,4484.0
1083,2013-11,4949.0
1083,2013-12,6074.0
1083,2014-01,4614.0
1083,2014-02,4703.0
1083,2014-03,4916.0
1083,2014-04,5496.0
1083,2014-05,5333.0
1083,2014-06,5380.0
1083,2014-07,5435.0
1083,2014-08,4981.0
1083,2014-09,5144.0
1083,2014-10,5287.0
1083,2014-11,5922.0
1083,2014-12,6965.0
1083,2015-01,5820.0
1083,2015-02,5481.0
1083,2015-03,5972.0
1083,2015-04,6253.0
1083,2015-05,5868.0
1083,2015-06,5763.0
1083,2015-07,5877.0
1084,2013-01,5842.0
1084,2013-02,6098.0
1084,2013-03,6934.0
1084,2013-04,6332.0
1084,2013-05,6774.0
1084,2013-06,6258.0
1084,2013-07,6467.0
1084,2013-08,5974.0
1084,2013-09,5765.0
1084,2013-10,5799.0
1084,2013-11,6022.0
1084,2013-12,7490.0
1084,2014-01,5793.0
1084,2014-02,5972.0
1084,2014-03,6127.0
1084,2014-04,6693.0
1084,2014-05,6393.0
1084,2014-06,6542.0
1084,2014-07,6392.0
1084,2014-08,5770.0
1084,2014-09,6041.0
1084,2014-10,5885.0
1084,2014-11,6420.0
1084,2014-12,7190.0
1084,2015-01,5735.0
1084,2015-02,5831.0
1084,2015-03,6486.0
1084,2015-04,6316.0
1084,2015-05,6714.0
1084,2015-06,6408.0
1084,2015-07,6223.0
1085,2013-01,7416.0
1085,2013-02,7503.0
1085,2013-03,8093.0
1085,2013-04,7428.0
1085,2013-05,8064.0
1085,2013-06,7530.0
1085,2013-07,7903.0
1085,2013-08,7550.0
1085,2013-09,7392.0
1085,2013-10,7125.0
1085,2013-11,7584.0
1085,2013-12,9462.0
1085,2014-01,7335.0
1085,2014-02,7350.0
1085,2014-03,7040.0
1085,2014-04,7905.0
1085,2014-05,7763.0
1085,2014-06,7844.0
1085,2014-07,7520.0
1085,2014-08,7134.0
1085,2014-09,7396.0
1085,2014-10,7305.0
1085,2014-11,7765.0
1085,2014-12,9001.0
1085,2015-01,7365.0
1085,2015-02,6946.0
1085,2015-03,6999.0
1085,2015-04,7317.0
1085,2015-05,7303.0
1085,2015-06,7222.0
1085,2015-07,7217.0
1086,2013-01,9058.0
1086,2013-02,9189.0
1086,2013-03,10456.0
1086,2013-04,9601.0
1086,2013-05,10304.0
1086,2013-06,8938.0
1086,2013-07,10159.0
1086,2013-08,9335.0
1086,2013-09,8611.0
1086,2013-10,8929.0
1086,2013-11,8826.0
1086,2013-12,9930.0
1086,2014-01,7012.0
1086,2014-02,7172.0
1086,2014-03,7038.0
1086,2014-04,7751.0
1086,2014-05,7408.0
1086,2014-06,7902.0
1086,2014-07,6845.0
1086,2014-08,5827.0
1086,2014-09,5906.0
1086,2014-10,5951.0
1086,2014-11,6586.0
1086,2014-12,7485.0
1086,2015-01,5946.0
1086,2015-02,5725.0
1086,2015-03,5883.0
1086,2015-04,6299.0
1086,2015-05,5976.0
1086,2015-06,6113.0
1086,2015-07,6053.0
1087,2013-01,5943.0
1087,2013-02,5735.0
1087,2013-03,6691.0
1087,2013-04,5967.0
1087,2013-05,6388.0
1087,2013-06,6037.0
1087,2013-07,6134.0
1087,2013-08,6102.0
1087,2013-09,5587.0
1087,2013-10,5581.0
1087,2013-11,5946.0
1087,2013-12,7295.0
1087,2014-01,5709.0
1087,2014-02,5958.0
1087,2014-03,5956.0
1087,2014-04,6518.0
1087,2014-05,6123.0
1087,2014-06,6337.0
1087,2014-07,5975.0
1087,2014-08,5764.0
1087,2014-09,6195.0
1087,2014-10,6136.0
1087,2014-11,6691.0
1087,2014-12,7684.0
1087,2015-01,6323.0
1087,2015-02,6276.0
1087,2015-03,6432.0
1087,2015-04,6939.0
1087,2015-05,7122.0
1087,2015-06,6715.0
1087,2015-07,6716.0
1088,2013-01,4665.0
1088,2013-02,4622.0
1088,2013-03,5072.0
1088,2013-04,4609.0
1088,2013-05,4910.0
1088,2013-06,4305.0
1088,2013-07,4993.0
1088,2013-08,4504.0
1088,2013-09,4652.0
1088,2013-10,4712.0
1088,2013-11,4993.0
1088,2013-12,6304.0
1088,2014-01,5022.0
1088,2014-02,5027.0
1088,2014-03,5083.0
1088,2014-04,5170.0
1088,2014-05,5010.0
1088,2014-06,5549.0
1088,2014-07,4891.0
1088,2014-08,4722.0
1088,2014-09,5162.0
1088,2014-10,4900.0
1088,2014-11,5665.0
1088,2014-12,6222.0
1088,2015-01,5184.0
1088,2015-02,4951.0
1088,2015-03,5486.0
1088,2015-04,5560.0
1088,2015-05,5433.0
1088,2015-06,5816.0
1088,2015-07,4686.0
1089,2013-01,9331.0
1089,2013-02,9559.0
1089,2013-03,10369.0
1089,2013-04,9831.0
1089,2013-05,10806.0
1089,2013-06,9866.0
1089,2013-07,10594.0
1089,2013-08,9313.0
1089,2013-09,9038.0
1089,2013-10,9064.0
1089,2013-11,9528.0
1089,2013-12,12100.0
1089,2014-01,9344.0
1089,2014-02,9909.0
1089,2014-03,9543.0
1089,2014-04,10571.0
1089,2014-05,10441.0
1089,2014-06,11103.0
1089,2014-07,9962.0
1089,2014-08,9639.0
1089,2014-09,9634.0
1089,2014-10,9621.0
1089,2014-11,10696.0
1089,2014-12,12069.0
1089,2015-01,9865.0
1089,2015-02,9837.0
1089,2015-03,10363.0
1089,2015-04,10869.0
1089,2015-05,11143.0
1089,2015-06,11188.0
1089,2015-07,10326.0
1090,2013-01,5579.0
1090,2013-02,5652.0
1090,2013-03,6404.0
1090,2013-04,5962.0
1090,2013-05,6285.0
1090,2013-06,5706.0
1090,2013-07,6342.0
1090,2013-08,6069.0
1090,2013-09,6153.0
1090,2013-10,6254.0
1090,2013-11,6668.0
1090,2013-12,8678.0
1090,2014-01,5878.0
1090,2014-02,6087.0
1090,2014-03,6318.0
1090,2014-04,6684.0
1090,2014-05,6256.0
1090,2014-06,6747.0
1090,2014-07,6196.0
1090,2014-08,6015.0
1090,2014-09,6445.0
1090,2014-10,6314.0
1090,2014-11,7278.0
1090,2014-12,8554.0
1090,2015-01,6257.0
1090,2015-02,6167.0
1090,2015-03,6719.0
1090,2015-04,6840.0
1090,2015-05,6441.0
1090,2015-06,6827.0
1090,2015-07,6485.0
1091,2013-01,7232.0
1091,2013-02,7418.0
1091,2013-03,8414.0
1091,2013-04,7577.0
1091,2013-05,8040.0
1091,2013-06,7722.0
1091,2013-07,8182.0
1091,2013-08,8336.0
1091,2013-09,7486.0
1091,2013-10,7316.0
1091,2013-11,8449.0
1091,2013-12,10179.0
1091,2014-01,7619.0
1091,2014-02,7786.0
1091,2014-03,7710.0
1091,2014-04,8500.0
1091,2014-05,8008.0
1091,2014-06,8518.0
1091,2014-07,8306.0
1091,2014-08,8451.0
1091,2014-09,8011.0
1091,2014-10,7880.0
1091,2014-11,9238.0
1091,2014-12,10621.0
1091,2015-01,8345.0
1091,2015-02,8021.0
1091,2015-03,8613.0
1091,2015-04,8719.0
1091,2015-05,8563.0
1091,2015-06,8445.0
1091,2015-07,8983.0
1092,2013-01,11033.0
1092,2013-02,11164.0
1092,2013-03,12254.0
1092,2013-04,11669.0
1092,2013-05,12124.0
1092,2013-06,11304.0
1092,2013-07,11727.0
1092,2013-08,11059.0
1092,2013-09,10888.0
1092,2013-10,11622.0
1092,2013-11,12130.0
1092,2013-12,13615.0
1092,2014-01,11494.0
1092,2014-02,11754.0
1092,2014-03,11550.0
1092,2014-04,12221.0
1092,2014-05,12004.0
1092,2014-06,11932.0
1092,2015-01,12587.0
1092,2015-02,12126.0
1092,2015-03,12594.0
1092,2015-04,12561.0
1092,2015-05,12730.0
1092,2015-06,12597.0
1092,2015-07,12470.0
1093,2013-01,7651.0
1093,2013-02,7565.0
1093,2013-03,8858.0
1093,2013-04,7433.0
1093,2013-05,8447.0
1093,2013-06,7326.0
1093,2013-07,8233.0
1093,2013-08,7897.0
1093,2013-09,7678.0
1093,2013-10,7656.0
1093,2013-11,8598.0
1093,2013-12,11385.0
1093,2014-01,7582.0
1093,2014-02,7778.0
1093,2014-03,7468.0
1093,2014-04,8488.0
1093,2014-05,8461.0
1093,2014-06,8250.0
1093,2014-07,8118.0
1093,2014-08,7926.0
1093,2014-09,7892.0
1093,2014-10,8004.0
1093,2014-11,9438.0
1093,2014-12,11551.0
1093,2015-01,8143.0
1093,2015-02,8003.0
1093,2015-03,8374.0
1093,2015-04,8555.0
1093,2015-05,8920.0
1093,2015-06,8474.0
1093,2015-07,8675.0
1094,2013-01,4530.0
1094,2013-02,4325.0
1094,2013-03,4368.0
1094,2013-04,4147.0
1094,2013-05,4582.0
1094,2013-06,4143.0
1094,2013-07,4494.0
1094,2013-08,4385.0
1094,2013-09,3969.0
1094,2013-10,4232.0
1094,2013-11,4347.0
1094,2013-12,5303.0
1094,2014-01,4122.0
1094,2014-02,4202.0
1094,2014-03,4326.0
1094,2014-04,4977.0
1094,2014-05,4698.0
1094,2014-06,4808.0
1094,2015-01,4812.0
1094,2015-02,4488.0
1094,2015-03,4885.0
1094,2015-04,5049.0
1094,2015-05,5247.0
1094,2015-06,5126.0
1094,2015-07,4911.0
1095,2013-01,4088.0
1095,2013-02,4084.0
1095,2013-03,4704.0
1095,2013-04,4646.0
1095,2013-05,4922.0
1095,2013-06,4534.0
1095,2013-07,4725.0
1095,2013-08,4168.0
1095,2013-09,4650.0
1095,2013-10,4771.0
1095,2013-11,4883.0
1095,2013-12,6551.0
1095,2014-01,4276.0
1095,2014-02,4347.0
1095,2014-03,4610.0
1095,2014-04,4939.0
1095,2014-05,4679.0
1095,2014-06,4996.0
1095,2014-07,4527.0
1095,2014-08,4252.0
1095,2014-09,4781.0
1095,2014-10,4822.0
1095,2014-11,5551.0
1095,2014-12,6593.0
1095,2015-01,4419.0
1095,2015-02,4427.0
1095,2015-03,4939.0
1095,2015-04,5017.0
1095,2015-05,4989.0
1095,2015-06,5000.0
1095,2015-07,4555.0
1096,2013-01,3836.0
1096,2013-02,4392.0
1096,2013-03,5010.0
1096,2013-04,4431.0
1096,2013-05,4951.0
1096,2013-06,4543.0
1096,2013-07,4950.0
1096,2013-08,4612.0
1096,2013-09,4553.0
1096,2013-10,4739.0
1096,2013-11,5069.0
1096,2013-12,6478.0
1096,2014-01,5088.0
1096,2014-02,5148.0
1096,2014-03,5464.0
1096,2014-04,5802.0
1096,2014-05,5702.0
1096,2014-06,6123.0
1096,2014-07,5440.0
1096,2014-08,5650.0
1096,2014-09,5565.0
1096,2014-10,5576.0
1096,2014-11,6364.0
1096,2014-12,7042.0
1096,2015-01,5876.0
1096,2015-02,6008.0
1096,2015-03,6129.0
1096,2015-04,6373.0
1096,2015-05,6464.0
1096,2015-06,6264.0
1096,2015-07,5825.0
1097,2013-01,8179.0
1097,2013-02,9213.0
1097,2013-03,9238.0
1097,2013-04,9048.0
1097,2013-05,9832.0
1097,2013-06,9479.0
1097,2013-07,8905.0
1097,2013-08,7884.0
1097,2013-09,8581.0
1097,2013-10,8958.0
1097,2013-11,9827.0
1097,2013-12,10358.0
1097,2014-01,9028.0
1097,2014-02,9776.0
1097,2014-03,9749.0
1097,2014-04,10075.0
1097,2014-05,10093.0
1097,2014-06,10581.0
1097,2014-07,9770.0
1097,2014-08,8581.0
1097,2014-09,8853.0
1097,2014-10,9580.0
1097,2014-11,10928.0
1097,2014-12,10949.0
1097,2015-01,9940.0
1097,2015-02,10811.0
1097,2015-03,10300.0
1097,2015-04,10690.0
1097,2015-05,11145.0
1097,2015-06,11019.0
1097,2015-07,10821.0
1098,2013-01,4854.0
1098,2013-02,4854.0
1098,2013-03,5281.0
1098,2013-04,5019.0
1098,2013-05,5218.0
1098,2013-06,4825.0
1098,2013-07,5288.0
1098,2013-08,4810.0
1098,2013-09,4878.0
1098,2013-10,5053.0
1098,2013-11,5403.0
1098,2013-12,6771.0
1098,2014-01,5117.0
1098,2014-02,5128.0
1098,2014-03,5112.0
1098,2014-04,5631.0
1098,2014-05,5228.0
1098,2014-06,5450.0
1098,2014-07,5113.0
1098,2014-08,4731.0
1098,2014-09,4982.0
1098,2014-10,5065.0
1098,2014-11,6006.0
1098,2014-12,6684.0
1098,2015-01,5182.0
1098,2015-02,4932.0
1098,2015-03,5129.0
1098,2015-04,5389.0
1098,2015-05,5449.0
1098,2015-06,5531.0
1098,2015-07,5141.0
1099,2013-01,8505.0
1099,2013-02,8373.0
1099,2013-03,8825.0
1099,2013-04,6996.0
1099,2013-05,6887.0
1099,2013-06,7122.0
1099,2013-07,9070.0
1099,2013-08,8964.0
1099,2013-09,7169.0
1099,2013-10,7098.0
1099,2013-11,7893.0
1099,2013-12,8732.0
1099,2014-01,6999.0
1099,2014-02,7414.0
1099,2014-03,6981.0
1099,2014-04,7402.0
1099,2014-05,7068.0
1099,2014-06,7558.0
1099,2014-07,8249.0
1099,2014-08,8686.0
1099,2014-09,7567.0
1099,2014-10,6992.0
1099,2014-11,8032.0
1099,2014-12,8571.0
1099,2015-01,7505.0
1099,2015-02,7270.0
1099,2015-03,7265.0
1099,2015-04,7325.0
1099,2015-05,7160.0
1099,2015-06,7681.0
1099,2015-07,8725.0
1100,2013-01,5411.0
1100,2013-02,5433.0
1100,2013-03,6209.0
1100,2013-04,5696.0
1100,2013-05,5874.0
1100,2013-06,5409.0
1100,2013-07,5888.0
1100,2013-08,5106.0
1100,2013-09,5049.0
1100,2013-10,5044.0
1100,2013-11,5316.0
1100,2013-12,7068.0
1100,2014-01,5092.0
1100,2014-02,5300.0
1100,2014-03,5224.0
1100,2014-04,5096.0
1100,2014-05,6176.0
1100,2014-06,5519.0
1100,2014-07,4900.0
1100,2014-08,4850.0
1100,2014-09,5037.0
1100,2014-10,4960.0
1100,2014-11,5654.0
1100,2014-12,6547.0
1100,2015-01,5209.0
1100,2015-02,4867.0
1100,2015-03,5130.0
1100,2015-04,5297.0
1100,2015-05,5000.0
1100,2015-06,5493.0
1100,2015-07,4916.0
1101,2013-01,8826.0
1101,2013-02,8993.0
1101,2013-03,10115.0
1101,2013-04,9454.0
1101,2013-05,9869.0
1101,2013-06,9228.0
1101,2013-07,9477.0
1101,2013-08,9896.0
1101,2013-09,8974.0
1101,2013-10,8936.0
1101,2013-11,10159.0
1101,2013-12,12073.0
1101,2014-01,9581.0
1101,2014-02,9614.0
1101,2014-03,9529.0
1101,2014-04,10365.0
1101,2014-05,9883.0
1101,2014-06,10203.0
1101,2014-07,9954.0
1101,2014-08,9952.0
1101,2014-09,9858.0
1101,2014-10,9409.0
1101,2014-11,10860.0
1101,2014-12,12071.0
1101,2015-01,10163.0
1101,2015-02,9515.0
1101,2015-03,10326.0
1101,2015-04,10747.0
1101,2015-05,10590.0
1101,2015-06,10344.0
1101,2015-07,10407.0
1102,2013-01,6675.0
1102,2013-02,6834.0
1102,2013-03,7290.0
1102,2013-04,7017.0
1102,2013-05,7160.0
1102,2013-06,6428.0
1102,2013-07,7026.0
1102,2013-08,6553.0
1102,2013-09,6316.0
1102,2013-10,6952.0
1102,2013-11,7099.0
1102,2013-12,8120.0
1102,2014-01,6754.0
1102,2014-02,7006.0
1102,2014-03,7099.0
1102,2014-04,7289.0
1102,2014-05,7032.0
1102,2014-06,7241.0
1102,2015-01,7318.0
1102,2015-02,6995.0
1102,2015-03,7144.0
1102,2015-04,6877.0
1102,2015-05,6997.0
1102,2015-06,7025.0
1102,2015-07,6861.0
1103,2013-01,3300.0
1103,2013-02,4522.0
1103,2013-03,4580.0
1103,2013-04,4245.0
1103,2013-05,4469.0
1103,2013-06,4029.0
1103,2013-07,4602.0
1103,2013-08,4220.0
1103,2013-09,3904.0
1103,2013-10,4336.0
1103,2013-11,4698.0
1103,2013-12,5926.0
1103,2014-01,4611.0
1103,2014-02,4750.0
1103,2014-03,4817.0
1103,2014-04,5286.0
1103,2014-05,5006.0
1103,2014-06,5135.0
1103,2014-07,5091.0
1103,2014-08,4787.0
1103,2014-09,5062.0
1103,2014-10,5048.0
1103,2014-11,5822.0
1103,2014-12,6656.0
1103,2015-01,5800.0
1103,2015-02,5284.0
1103,2015-03,5850.0
1103,2015-04,6096.0
1103,2015-05,5924.0
1103,2015-06,5941.0
1103,2015-07,6005.0
1104,2013-01,4993.0
1104,2013-02,5020.0
1104,2013-03,5735.0
1104,2013-04,5222.0
1104,2013-05,5797.0
1104,2013-06,5222.0
1104,2013-07,5538.0
1104,2013-08,5441.0
1104,2013-09,5147.0
1104,2013-10,5223.0
1104,2013-11,5582.0
1104,2013-12,6674.0
1104,2014-01,5275.0
1104,2014-02,5217.0
1104,2014-03,5350.0
1104,2014-04,5611.0
1104,2014-05,5551.0
1104,2014-06,5986.0
1104,2015-01,5446.0
1104,2015-02,4910.0
1104,2015-03,5430.0
1104,2015-04,5624.0
1104,2015-05,5520.0
1104,2015-06,5544.0
1104,2015-07,5581.0
1105,2013-01,3150.0
1105,2013-02,3631.0
1105,2013-03,3957.0
1105,2013-04,3517.0
1105,2013-05,3935.0
1105,2013-06,3536.0
1105,2013-07,4065.0
1105,2013-08,3975.0
1105,2013-09,3616.0
1105,2013-10,3574.0
1105,2013-11,4049.0
1105,2013-12,5450.0
1105,2014-01,4119.0
1105,2014-02,4545.0
1105,2014-03,4237.0
1105,2014-04,4812.0
1105,2014-05,4668.0
1105,2014-06,5054.0
1105,2014-07,4744.0
1105,2014-08,4870.0
1105,2014-09,4727.0
1105,2014-10,4609.0
1105,2014-11,5619.0
1105,2014-12,6196.0
1105,2015-01,5150.0
1105,2015-02,4995.0
1105,2015-03,5207.0
1105,2015-04,5540.0
1105,2015-05,5576.0
1105,2015-06,5587.0
1105,2015-07,5058.0
1106,2013-01,4428.0
1106,2013-02,4497.0
1106,2013-03,4961.0
1106,2013-04,4419.0
1106,2013-05,4629.0
1106,2013-06,4330.0
1106,2013-07,4619.0
1106,2013-08,5046.0
1106,2013-09,4492.0
1106,2013-10,4361.0
1106,2013-11,5053.0
1106,2013-12,6429.0
1106,2014-01,4589.0
1106,2014-02,4581.0
1106,2014-03,4562.0
1106,2014-04,5045.0
1106,2014-05,4616.0
1106,2014-06,4933.0
1106,2014-07,4822.0
1106,2014-08,4841.0
1106,2014-09,4833.0
1106,2014-10,4660.0
1106,2014-11,5374.0
1106,2014-12,6446.0
1106,2015-01,4789.0
1106,2015-02,4859.0
1106,2015-03,5304.0
1106,2015-04,5148.0
1106,2015-05,4959.0
1106,2015-06,5092.0
1106,2015-07,5098.0
1107,2013-01,5529.0
1107,2013-02,5857.0
1107,2013-03,6802.0
1107,2013-04,6197.0
1107,2013-05,6591.0
1107,2013-06,5915.0
1107,2013-07,6243.0
1107,2013-08,5755.0
1107,2013-09,5596.0
1107,2013-10,5757.0
1107,2013-11,5691.0
1107,2013-12,7041.0
1107,2014-01,5896.0
1107,2014-02,5999.0
1107,2014-03,6534.0
1107,2014-04,6607.0
1107,2014-05,6499.0
1107,2014-06,6994.0
1107,2015-01,6340.0
1107,2015-02,5692.0
1107,2015-03,6479.0
1107,2015-04,6454.0
1107,2015-05,6479.0
1107,2015-06,6796.0
1107,2015-07,6232.0
1108,2013-01,5522.0
1108,2013-02,5314.0
1108,2013-03,5923.0
1108,2013-04,5285.0
1108,2013-05,5463.0
1108,2013-06,4937.0
1108,2013-07,5555.0
1108,2013-08,5219.0
1108,2013-09,5300.0
1108,2013-10,5341.0
1108,2013-11,5704.0
1108,2013-12,7199.0
1108,2014-01,5459.0
1108,2014-02,5550.0
1108,2014-03,5470.0
1108,2014-04,6030.0
1108,2014-05,5647.0
1108,2014-06,5997.0
1108,2014-07,5752.0
1108,2014-08,5205.0
1108,2014-09,5792.0
1108,2014-10,5713.0
1108,2014-11,6437.0
1108,2014-12,7182.0
1108,2015-01,5774.0
1108,2015-02,5631.0
1108,2015-03,6090.0
1108,2015-04,6003.0
1108,2015-05,5704.0
1108,2015-06,6174.0
1108,2015-07,5920.0
1109,2013-01,4584.0
1109,2013-02,4805.0
1109,2013-03,4976.0
1109,2013-04,4732.0
1109,2013-05,5101.0
1109,2013-06,4506.0
1109,2013-07,5035.0
1109,2013-08,4726.0
1109,2013-09,4474.0
1109,2013-10,4744.0
1109,2013-11,5091.0
1109,2013-12,6311.0
1109,2014-01,4722.0
1109,2014-02,4970.0
1109,2014-03,4665.0
1109,2014-04,5151.0
1109,2014-05,5060.0
1109,2014-06,5210.0
1109,2015-01,4936.0
1109,2015-02,4545.0
1109,2015-03,5078.0
1109,2015-04,4921.0
1109,2015-05,4983.0
1109,2015-06,5193.0
1109,2015-07,4783.0
1110,2013-01,4108.0
1110,2013-02,4145.0
1110,2013-03,4662.0
1110,2013-04,4270.0
1110,2013-05,4387.0
1110,2013-06,3854.0
1110,2013-07,4025.0
1110,2013-08,4317.0
1110,2013-09,3829.0
1110,2013-10,3976.0
1110,2013-11,4359.0
1110,2013-12,5550.0
1110,2014-01,4237.0
1110,2014-02,4360.0
1110,2014-03,4418.0
1110,2014-04,4997.0
1110,2014-05,4386.0
1110,2014-06,4548.0
1110,2014-07,4172.0
1110,2014-08,4169.0
1110,2014-09,4351.0
1110,2014-10,4400.0
1110,2014-11,4876.0
1110,2014-12,5683.0
1110,2015-01,4910.0
1110,2015-02,4803.0
1110,2015-03,5155.0
1110,2015-04,5301.0
1110,2015-05,5124.0
1110,2015-06,4911.0
1110,2015-07,4479.0
1111,2013-01,4947.0
1111,2013-02,5118.0
1111,2013-03,5532.0
1111,2013-04,5266.0
1111,2013-05,5599.0
1111,2013-06,4847.0
1111,2013-07,5528.0
1111,2013-08,5311.0
1111,2013-09,5444.0
1111,2013-10,5464.0
1111,2013-11,5700.0
1111,2013-12,6687.0
1111,2014-01,5519.0
1111,2014-02,5562.0
1111,2014-03,5735.0
1111,2014-04,5942.0
1111,2014-05,5516.0
1111,2014-06,5475.0
1111,2014-07,4567.0
1111,2014-08,4262.0
1111,2014-09,4902.0
1111,2014-10,4627.0
1111,2014-11,5385.0
1111,2014-12,5736.0
1111,2015-01,4936.0
1111,2015-02,4680.0
1111,2015-03,5160.0
1111,2015-04,4941.0
1111,2015-05,4895.0
1111,2015-06,5246.0
1111,2015-07,4510.0
1112,2013-01,11711.0
1112,2013-02,12564.0
1112,2013-03,12494.0
1112,2013-04,11395.0
1112,2013-05,12381.0
1112,2013-06,11233.0
1112,2013-07,12314.0
1112,2013-08,10422.0
1112,2013-09,10671.0
1112,2013-10,9719.0
1112,2013-11,9933.0
1112,2013-12,11797.0
1112,2014-01,9846.0
1112,2014-02,10147.0
1112,2014-03,10077.0
1112,2014-04,10760.0
1112,2014-05,10423.0
1112,2014-06,10307.0
1112,2014-07,8992.0
1112,2014-08,8621.0
1112,2014-09,8567.0
1112,2014-10,8738.0
1112,2014-11,9695.0
1112,2014-12,10389.0
1112,2015-01,9206.0
1112,2015-02,8899.0
1112,2015-03,8988.0
1112,2015-04,9454.0
1112,2015-05,9543.0
1112,2015-06,10174.0
1112,2015-07,8395.0
1113,2013-01,5995.0
1113,2013-02,6159.0
1113,2013-03,6856.0
1113,2013-04,5952.0
1113,2013-05,6485.0
1113,2013-06,6199.0
1113,2013-07,6318.0
1113,2013-08,6728.0
1113,2013-09,5848.0
1113,2013-10,5885.0
1113,2013-11,7168.0
1113,2013-12,9022.0
1113,2014-01,6109.0
1113,2014-02,6155.0
1113,2014-03,6152.0
1113,2014-04,6921.0
1113,2014-05,6495.0
1113,2014-06,6742.0
1113,2014-07,6431.0
1113,2014-08,6713.0
1113,2014-09,6306.0
1113,2014-10,6239.0
1113,2014-11,7450.0
1113,2014-12,9035.0
1113,2015-01,6374.0
1113,2015-02,6365.0
1113,2015-03,6543.0
1113,2015-04,7004.0
1113,2015-05,6902.0
1113,2015-06,6445.0
1113,2015-07,6708.0
1114,2013-01,17559.0
1114,2013-02,18614.0
1114,2013-03,20679.0
1114,2013-04,19893.0
1114,2013-05,20973.0
1114,2013-06,20015.0
1114,2013-07,20319.0
1114,2013-08,20713.0
1114,2013-09,19488.0
1114,2013-10,19956.0
1114,2013-11,20265.0
1114,2013-12,25142.0
1114,2014-01,17561.0
1114,2014-02,19464.0
1114,2014-03,19269.0
1114,2014-04,21596.0
1114,2014-05,20812.0
1114,2014-06,21064.0
1114,2014-07,20539.0
1114,2014-08,21122.0
1114,2014-09,19727.0
1114,2014-10,19762.0
1114,2014-11,20808.0
1114,2014-12,24341.0
1114,2015-01,18597.0
1114,2015-02,20140.0
1114,2015-03,20877.0
1114,2015-04,23279.0
1114,2015-05,23345.0
1114,2015-06,22199.0
1114,2015-07,23207.0
1115,2013-01,4480.0
1115,2013-02,5130.0
1115,2013-03,6201.0
1115,2013-04,5048.0
1115,2013-05,5710.0
1115,2013-06,5291.0
1115,2013-07,5468.0
1115,2013-08,5612.0
1115,2013-09,5204.0
1115,2013-10,5282.0
1115,2013-11,6130.0
1115,2013-12,7679.0
1115,2014-01,5639.0
1115,2014-02,6031.0
1115,2014-03,6216.0
1115,2014-04,6663.0
1115,2014-05,6508.0
1115,2014-06,6757.0
1115,2014-07,6358.0
1115,2014-08,6196.0
1115,2014-09,6377.0
1115,2014-10,6299.0
1115,2014-11,7218.0
1115,2014-12,8469.0
1115,2015-01,6800.0
1115,2015-02,6595.0
1115,2015-03,7194.0
1115,2015-04,7233.0
1115,2015-05,7574.0
1115,2015-06,7302.0
1115,2015-07,7022.0
